{
"type": "FeatureCollection",
"name": "bridges",
"crs": { "type": "name", "properties": { "name": "urn:ogc:def:crs:OGC:1.3:CRS84" } },
"features": [
{ "type": "Feature", "properties": { "element": "way", "id": 44818165, "bridge": "yes", "highway": "secondary", "source": "GPS", "surface": "asphalt", "layer": null, "lanes": null, "maxspeed": null, "ref": null, "ref:old": null, "foot": null, "old_ref": null, "FIXME": null, "name": null, "sac_scale": null, "trail_visibility": null, "motor_vehicle": null, "psv": null }, "geometry": { "type": "LineString", "coordinates": [ [ 78.8508041, 30.4093559 ], [ 78.8510165, 30.4093565 ] ] } },
{ "type": "Feature", "properties": { "element": "way", "id": 44818175, "bridge": "yes", "highway": "secondary", "source": "GPS", "surface": "asphalt", "layer": "1", "lanes": null, "maxspeed": null, "ref": null, "ref:old": null, "foot": null, "old_ref": null, "FIXME": null, "name": null, "sac_scale": null, "trail_visibility": null, "motor_vehicle": null, "psv": null }, "geometry": { "type": "LineString", "coordinates": [ [ 78.9733771, 30.3437024 ], [ 78.9737888, 30.343282 ] ] } },
{ "type": "Feature", "properties": { "element": "way", "id": 44818230, "bridge": "yes", "highway": "primary", "source": null, "surface": null, "layer": "1", "lanes": "2", "maxspeed": "50", "ref": "SH 34", "ref:old": "NH109", "foot": null, "old_ref": null, "FIXME": null, "name": null, "sac_scale": null, "trail_visibility": null, "motor_vehicle": null, "psv": null }, "geometry": { "type": "LineString", "coordinates": [ [ 78.9841199, 30.2873563 ], [ 78.9839533, 30.2878508 ] ] } },
{ "type": "Feature", "properties": { "element": "way", "id": 44818246, "bridge": "yes", "highway": "trunk", "source": null, "surface": null, "layer": "1", "lanes": "2", "maxspeed": "50", "ref": "NH107", "ref:old": "NH109", "foot": null, "old_ref": null, "FIXME": null, "name": null, "sac_scale": null, "trail_visibility": null, "motor_vehicle": null, "psv": null }, "geometry": { "type": "LineString", "coordinates": [ [ 79.04899, 30.55296 ], [ 79.04891, 30.55326 ] ] } },
{ "type": "Feature", "properties": { "element": "way", "id": 44818405, "bridge": "yes", "highway": "unclassified", "source": "GPS", "surface": null, "layer": "1", "lanes": null, "maxspeed": null, "ref": null, "ref:old": null, "foot": null, "old_ref": null, "FIXME": null, "name": null, "sac_scale": null, "trail_visibility": null, "motor_vehicle": null, "psv": null }, "geometry": { "type": "LineString", "coordinates": [ [ 79.1478186, 30.2935785 ], [ 79.1480415, 30.2929896 ] ] } },
{ "type": "Feature", "properties": { "element": "way", "id": 91936084, "bridge": "yes", "highway": "trunk", "source": null, "surface": null, "layer": "1", "lanes": "2", "maxspeed": "50", "ref": "NH107", "ref:old": "NH109", "foot": null, "old_ref": null, "FIXME": null, "name": null, "sac_scale": null, "trail_visibility": null, "motor_vehicle": null, "psv": null }, "geometry": { "type": "LineString", "coordinates": [ [ 79.0878596, 30.5036242 ], [ 79.0874624, 30.5038782 ] ] } },
{ "type": "Feature", "properties": { "element": "way", "id": 226742075, "bridge": "yes", "highway": "bridleway", "source": null, "surface": null, "layer": "1", "lanes": null, "maxspeed": null, "ref": null, "ref:old": null, "foot": null, "old_ref": null, "FIXME": null, "name": null, "sac_scale": null, "trail_visibility": null, "motor_vehicle": null, "psv": null }, "geometry": { "type": "LineString", "coordinates": [ [ 79.0535444, 30.6938805 ], [ 79.0536681, 30.6939523 ] ] } },
{ "type": "Feature", "properties": { "element": "way", "id": 226839275, "bridge": "yes", "highway": "trunk", "source": null, "surface": null, "layer": null, "lanes": "2", "maxspeed": "50", "ref": "NH107", "ref:old": "NH109", "foot": null, "old_ref": null, "FIXME": null, "name": null, "sac_scale": null, "trail_visibility": null, "motor_vehicle": null, "psv": null }, "geometry": { "type": "LineString", "coordinates": [ [ 78.9998221, 30.6354756 ], [ 78.9997354, 30.6351651 ] ] } },
{ "type": "Feature", "properties": { "element": "way", "id": 226853105, "bridge": "yes", "highway": "bridleway", "source": null, "surface": null, "layer": "1", "lanes": null, "maxspeed": null, "ref": null, "ref:old": null, "foot": "yes", "old_ref": null, "FIXME": null, "name": null, "sac_scale": null, "trail_visibility": null, "motor_vehicle": null, "psv": null }, "geometry": { "type": "LineString", "coordinates": [ [ 79.0468594, 30.6855696 ], [ 79.0469519, 30.6856224 ] ] } },
{ "type": "Feature", "properties": { "element": "way", "id": 226871056, "bridge": "yes", "highway": "path", "source": "Bing", "surface": null, "layer": null, "lanes": null, "maxspeed": null, "ref": null, "ref:old": null, "foot": null, "old_ref": null, "FIXME": null, "name": null, "sac_scale": null, "trail_visibility": null, "motor_vehicle": null, "psv": null }, "geometry": { "type": "LineString", "coordinates": [ [ 79.0630997, 30.7400989 ], [ 79.0631042, 30.7398949 ] ] } },
{ "type": "Feature", "properties": { "element": "way", "id": 227255171, "bridge": "yes", "highway": "path", "source": "Bing", "surface": "unpaved", "layer": "1", "lanes": null, "maxspeed": null, "ref": null, "ref:old": null, "foot": null, "old_ref": null, "FIXME": null, "name": null, "sac_scale": null, "trail_visibility": null, "motor_vehicle": null, "psv": null }, "geometry": { "type": "LineString", "coordinates": [ [ 79.0612911, 30.5098392 ], [ 79.0612824, 30.5099805 ] ] } },
{ "type": "Feature", "properties": { "element": "way", "id": 227255173, "bridge": "yes", "highway": "footway", "source": "Bing", "surface": null, "layer": "1", "lanes": null, "maxspeed": null, "ref": null, "ref:old": null, "foot": null, "old_ref": null, "FIXME": null, "name": null, "sac_scale": null, "trail_visibility": null, "motor_vehicle": null, "psv": null }, "geometry": { "type": "LineString", "coordinates": [ [ 79.0600182, 30.5093944 ], [ 79.0601249, 30.5091267 ] ] } },
{ "type": "Feature", "properties": { "element": "way", "id": 227255175, "bridge": "yes", "highway": "residential", "source": "Bing", "surface": "unpaved", "layer": "1", "lanes": null, "maxspeed": null, "ref": null, "ref:old": null, "foot": null, "old_ref": null, "FIXME": null, "name": null, "sac_scale": null, "trail_visibility": null, "motor_vehicle": null, "psv": null }, "geometry": { "type": "LineString", "coordinates": [ [ 79.0879792, 30.5053822 ], [ 79.0881672, 30.5055725 ] ] } },
{ "type": "Feature", "properties": { "element": "way", "id": 227358802, "bridge": "yes", "highway": "bridleway", "source": null, "surface": null, "layer": "1", "lanes": null, "maxspeed": null, "ref": null, "ref:old": null, "foot": "yes", "old_ref": null, "FIXME": null, "name": null, "sac_scale": null, "trail_visibility": null, "motor_vehicle": null, "psv": null }, "geometry": { "type": "LineString", "coordinates": [ [ 79.0674498, 30.7139228 ], [ 79.0675387, 30.7139272 ] ] } },
{ "type": "Feature", "properties": { "element": "way", "id": 227358810, "bridge": "yes", "highway": "path", "source": null, "surface": null, "layer": null, "lanes": null, "maxspeed": null, "ref": null, "ref:old": null, "foot": null, "old_ref": null, "FIXME": null, "name": null, "sac_scale": null, "trail_visibility": null, "motor_vehicle": null, "psv": null }, "geometry": { "type": "LineString", "coordinates": [ [ 79.0676143, 30.7141581 ], [ 79.0675193, 30.7141635 ] ] } },
{ "type": "Feature", "properties": { "element": "way", "id": 227365255, "bridge": "yes", "highway": "bridleway", "source": null, "surface": null, "layer": "1", "lanes": null, "maxspeed": null, "ref": null, "ref:old": null, "foot": "yes", "old_ref": null, "FIXME": null, "name": null, "sac_scale": null, "trail_visibility": null, "motor_vehicle": null, "psv": null }, "geometry": { "type": "LineString", "coordinates": [ [ 79.0672242, 30.7257827 ], [ 79.0671553, 30.7259204 ] ] } },
{ "type": "Feature", "properties": { "element": "way", "id": 227477544, "bridge": "yes", "highway": "road", "source": null, "surface": null, "layer": "1", "lanes": null, "maxspeed": null, "ref": null, "ref:old": null, "foot": null, "old_ref": null, "FIXME": null, "name": null, "sac_scale": null, "trail_visibility": null, "motor_vehicle": null, "psv": null }, "geometry": { "type": "LineString", "coordinates": [ [ 79.0891671, 30.4273862 ], [ 79.0896488, 30.4275763 ] ] } },
{ "type": "Feature", "properties": { "element": "way", "id": 227477545, "bridge": "yes", "highway": "road", "source": null, "surface": null, "layer": "1", "lanes": null, "maxspeed": null, "ref": null, "ref:old": null, "foot": null, "old_ref": null, "FIXME": null, "name": null, "sac_scale": null, "trail_visibility": null, "motor_vehicle": null, "psv": null }, "geometry": { "type": "LineString", "coordinates": [ [ 79.1273954, 30.4097433 ], [ 79.1272575, 30.4097846 ] ] } },
{ "type": "Feature", "properties": { "element": "way", "id": 228087885, "bridge": "yes", "highway": "track", "source": null, "surface": null, "layer": null, "lanes": null, "maxspeed": null, "ref": null, "ref:old": null, "foot": null, "old_ref": null, "FIXME": null, "name": null, "sac_scale": null, "trail_visibility": null, "motor_vehicle": null, "psv": null }, "geometry": { "type": "LineString", "coordinates": [ [ 79.0088412, 30.3023349 ], [ 79.0087446, 30.301969 ] ] } },
{ "type": "Feature", "properties": { "element": "way", "id": 228087886, "bridge": "yes", "highway": "track", "source": null, "surface": null, "layer": null, "lanes": null, "maxspeed": null, "ref": null, "ref:old": null, "foot": null, "old_ref": null, "FIXME": null, "name": null, "sac_scale": null, "trail_visibility": null, "motor_vehicle": null, "psv": null }, "geometry": { "type": "LineString", "coordinates": [ [ 79.0500211, 30.3047548 ], [ 79.04971, 30.3041643 ] ] } },
{ "type": "Feature", "properties": { "element": "way", "id": 228089808, "bridge": "yes", "highway": "path", "source": null, "surface": null, "layer": "1", "lanes": null, "maxspeed": null, "ref": null, "ref:old": null, "foot": null, "old_ref": null, "FIXME": null, "name": null, "sac_scale": null, "trail_visibility": null, "motor_vehicle": null, "psv": null }, "geometry": { "type": "LineString", "coordinates": [ [ 79.0891169, 30.2972446 ], [ 79.0882275, 30.2977468 ] ] } },
{ "type": "Feature", "properties": { "element": "way", "id": 229030335, "bridge": "yes", "highway": "trunk", "source": null, "surface": null, "layer": "1", "lanes": "2", "maxspeed": "50", "ref": "NH7", "ref:old": "NH58", "foot": null, "old_ref": null, "FIXME": null, "name": null, "sac_scale": null, "trail_visibility": null, "motor_vehicle": null, "psv": null }, "geometry": { "type": "LineString", "coordinates": [ [ 79.0914912, 30.2970277 ], [ 79.0910787, 30.2970003 ] ] } },
{ "type": "Feature", "properties": { "element": "way", "id": 229030341, "bridge": "yes", "highway": "residential", "source": null, "surface": null, "layer": "1", "lanes": "2", "maxspeed": "50", "ref": null, "ref:old": "NH58", "foot": null, "old_ref": "NH7", "FIXME": null, "name": null, "sac_scale": null, "trail_visibility": null, "motor_vehicle": null, "psv": null }, "geometry": { "type": "LineString", "coordinates": [ [ 79.0274738, 30.3002 ], [ 79.0271395, 30.3001199 ] ] } },
{ "type": "Feature", "properties": { "element": "way", "id": 229031228, "bridge": "yes", "highway": "footway", "source": "Bing", "surface": null, "layer": "1", "lanes": null, "maxspeed": null, "ref": null, "ref:old": null, "foot": null, "old_ref": null, "FIXME": null, "name": null, "sac_scale": null, "trail_visibility": null, "motor_vehicle": null, "psv": null }, "geometry": { "type": "LineString", "coordinates": [ [ 79.0917296, 30.2947123 ], [ 79.0920379, 30.2947136 ] ] } },
{ "type": "Feature", "properties": { "element": "way", "id": 229336906, "bridge": "yes", "highway": "trunk", "source": null, "surface": null, "layer": "1", "lanes": "2", "maxspeed": "50", "ref": "NH107", "ref:old": "NH109", "foot": null, "old_ref": null, "FIXME": null, "name": null, "sac_scale": null, "trail_visibility": null, "motor_vehicle": null, "psv": null }, "geometry": { "type": "LineString", "coordinates": [ [ 79.069303, 30.4250135 ], [ 79.0693159, 30.4253088 ] ] } },
{ "type": "Feature", "properties": { "element": "way", "id": 229340490, "bridge": "yes", "highway": "unclassified", "source": null, "surface": null, "layer": "1", "lanes": null, "maxspeed": null, "ref": null, "ref:old": null, "foot": null, "old_ref": null, "FIXME": null, "name": null, "sac_scale": null, "trail_visibility": null, "motor_vehicle": null, "psv": null }, "geometry": { "type": "LineString", "coordinates": [ [ 79.0463926, 30.4175233 ], [ 79.046374, 30.4177161 ] ] } },
{ "type": "Feature", "properties": { "element": "way", "id": 229654542, "bridge": "yes", "highway": "path", "source": "GPS", "surface": null, "layer": null, "lanes": null, "maxspeed": null, "ref": null, "ref:old": null, "foot": null, "old_ref": null, "FIXME": null, "name": null, "sac_scale": null, "trail_visibility": null, "motor_vehicle": null, "psv": null }, "geometry": { "type": "LineString", "coordinates": [ [ 79.147235, 30.2982388 ], [ 79.146885, 30.2980385 ] ] } },
{ "type": "Feature", "properties": { "element": "way", "id": 231376775, "bridge": "yes", "highway": "primary", "source": null, "surface": null, "layer": null, "lanes": null, "maxspeed": null, "ref": null, "ref:old": null, "foot": null, "old_ref": null, "FIXME": null, "name": null, "sac_scale": null, "trail_visibility": null, "motor_vehicle": null, "psv": null }, "geometry": { "type": "LineString", "coordinates": [ [ 79.1104708, 30.3674815 ], [ 79.1104723, 30.3675284 ], [ 79.1104512, 30.3675766 ], [ 79.1104104, 30.3676281 ], [ 79.1103577, 30.3676847 ], [ 79.1103108, 30.3677468 ] ] } },
{ "type": "Feature", "properties": { "element": "way", "id": 232060822, "bridge": "yes", "highway": "unclassified", "source": null, "surface": null, "layer": "1", "lanes": null, "maxspeed": null, "ref": null, "ref:old": null, "foot": null, "old_ref": null, "FIXME": null, "name": null, "sac_scale": null, "trail_visibility": null, "motor_vehicle": null, "psv": null }, "geometry": { "type": "LineString", "coordinates": [ [ 79.0749852, 30.4550635 ], [ 79.07451, 30.4556312 ] ] } },
{ "type": "Feature", "properties": { "element": "way", "id": 232175053, "bridge": "yes", "highway": "path", "source": null, "surface": null, "layer": "1", "lanes": null, "maxspeed": null, "ref": null, "ref:old": null, "foot": null, "old_ref": null, "FIXME": null, "name": null, "sac_scale": null, "trail_visibility": null, "motor_vehicle": null, "psv": null }, "geometry": { "type": "LineString", "coordinates": [ [ 79.0222722, 30.4757342 ], [ 79.0222413, 30.4754646 ] ] } },
{ "type": "Feature", "properties": { "element": "way", "id": 232175054, "bridge": "yes", "highway": "path", "source": null, "surface": null, "layer": null, "lanes": null, "maxspeed": null, "ref": null, "ref:old": null, "foot": null, "old_ref": null, "FIXME": "check", "name": null, "sac_scale": null, "trail_visibility": null, "motor_vehicle": null, "psv": null }, "geometry": { "type": "LineString", "coordinates": [ [ 79.0417479, 30.46907 ], [ 79.0416025, 30.4695567 ] ] } },
{ "type": "Feature", "properties": { "element": "way", "id": 232311953, "bridge": "yes", "highway": "path", "source": null, "surface": null, "layer": null, "lanes": null, "maxspeed": null, "ref": null, "ref:old": null, "foot": null, "old_ref": null, "FIXME": null, "name": null, "sac_scale": null, "trail_visibility": null, "motor_vehicle": null, "psv": null }, "geometry": { "type": "LineString", "coordinates": [ [ 79.0332297, 30.3099835 ], [ 79.0333554, 30.3101927 ] ] } },
{ "type": "Feature", "properties": { "element": "way", "id": 233231720, "bridge": "yes", "highway": "footway", "source": null, "surface": null, "layer": null, "lanes": null, "maxspeed": null, "ref": null, "ref:old": null, "foot": null, "old_ref": null, "FIXME": null, "name": null, "sac_scale": null, "trail_visibility": null, "motor_vehicle": null, "psv": null }, "geometry": { "type": "LineString", "coordinates": [ [ 78.9950377, 30.3789965 ], [ 78.99529, 30.3790186 ] ] } },
{ "type": "Feature", "properties": { "element": "way", "id": 233231722, "bridge": "yes", "highway": "tertiary", "source": null, "surface": null, "layer": null, "lanes": null, "maxspeed": null, "ref": null, "ref:old": null, "foot": null, "old_ref": null, "FIXME": null, "name": null, "sac_scale": null, "trail_visibility": null, "motor_vehicle": null, "psv": null }, "geometry": { "type": "LineString", "coordinates": [ [ 79.0126076, 30.4349491 ], [ 79.012777, 30.4351003 ], [ 79.0129857, 30.4352281 ] ] } },
{ "type": "Feature", "properties": { "element": "way", "id": 368256054, "bridge": "yes", "highway": "path", "source": null, "surface": null, "layer": "1", "lanes": null, "maxspeed": null, "ref": null, "ref:old": null, "foot": null, "old_ref": null, "FIXME": null, "name": null, "sac_scale": null, "trail_visibility": null, "motor_vehicle": null, "psv": null }, "geometry": { "type": "LineString", "coordinates": [ [ 78.9793143, 30.288787 ], [ 78.9797089, 30.2885185 ] ] } },
{ "type": "Feature", "properties": { "element": "way", "id": 410206579, "bridge": "yes", "highway": "service", "source": null, "surface": null, "layer": "1", "lanes": null, "maxspeed": null, "ref": null, "ref:old": null, "foot": null, "old_ref": null, "FIXME": null, "name": null, "sac_scale": null, "trail_visibility": null, "motor_vehicle": null, "psv": null }, "geometry": { "type": "LineString", "coordinates": [ [ 78.9782706, 30.2964175 ], [ 78.9780279, 30.2961744 ], [ 78.9779314, 30.2960707 ], [ 78.9778341, 30.2959576 ], [ 78.9777722, 30.2958782 ], [ 78.9777438, 30.29584 ], [ 78.9776996, 30.2957682 ], [ 78.9776394, 30.2956581 ], [ 78.9775381, 30.2954739 ] ] } },
{ "type": "Feature", "properties": { "element": "way", "id": 481317370, "bridge": "yes", "highway": "trunk", "source": null, "surface": null, "layer": "1", "lanes": null, "maxspeed": null, "ref": "NH107", "ref:old": null, "foot": null, "old_ref": null, "FIXME": null, "name": "Rudraprayag Bypass Road", "sac_scale": null, "trail_visibility": null, "motor_vehicle": null, "psv": null }, "geometry": { "type": "LineString", "coordinates": [ [ 78.9793807, 30.2947753 ], [ 78.9788685, 30.2946952 ] ] } },
{ "type": "Feature", "properties": { "element": "way", "id": 484337942, "bridge": "yes", "highway": "secondary", "source": "GPS", "surface": "asphalt", "layer": null, "lanes": null, "maxspeed": null, "ref": null, "ref:old": null, "foot": null, "old_ref": null, "FIXME": null, "name": null, "sac_scale": null, "trail_visibility": null, "motor_vehicle": null, "psv": null }, "geometry": { "type": "LineString", "coordinates": [ [ 78.8886857, 30.375165 ], [ 78.8886036, 30.3749265 ] ] } },
{ "type": "Feature", "properties": { "element": "way", "id": 484338361, "bridge": "yes", "highway": "secondary", "source": "GPS", "surface": "asphalt", "layer": null, "lanes": null, "maxspeed": null, "ref": null, "ref:old": null, "foot": null, "old_ref": null, "FIXME": null, "name": null, "sac_scale": null, "trail_visibility": null, "motor_vehicle": null, "psv": null }, "geometry": { "type": "LineString", "coordinates": [ [ 78.8737068, 30.4105561 ], [ 78.8739052, 30.4107243 ] ] } },
{ "type": "Feature", "properties": { "element": "way", "id": 636372260, "bridge": "yes", "highway": "trunk", "source": null, "surface": null, "layer": "1", "lanes": "2", "maxspeed": "50", "ref": "NH7", "ref:old": "NH58", "foot": null, "old_ref": null, "FIXME": null, "name": null, "sac_scale": null, "trail_visibility": null, "motor_vehicle": null, "psv": null }, "geometry": { "type": "LineString", "coordinates": [ [ 78.9183631, 30.2430431 ], [ 78.9181825, 30.2428322 ] ] } },
{ "type": "Feature", "properties": { "element": "way", "id": 636382106, "bridge": "yes", "highway": "trunk", "source": null, "surface": null, "layer": "1", "lanes": "2", "maxspeed": "50", "ref": "NH107", "ref:old": "NH109", "foot": null, "old_ref": null, "FIXME": null, "name": null, "sac_scale": null, "trail_visibility": null, "motor_vehicle": null, "psv": null }, "geometry": { "type": "LineString", "coordinates": [ [ 79.0823138, 30.4680987 ], [ 79.0820226, 30.4683961 ] ] } },
{ "type": "Feature", "properties": { "element": "way", "id": 636382108, "bridge": "yes", "highway": "trunk", "source": null, "surface": null, "layer": "1", "lanes": "2", "maxspeed": "50", "ref": "NH107", "ref:old": "NH109", "foot": null, "old_ref": null, "FIXME": null, "name": null, "sac_scale": null, "trail_visibility": null, "motor_vehicle": null, "psv": null }, "geometry": { "type": "LineString", "coordinates": [ [ 79.015308, 30.3854514 ], [ 79.0155441, 30.3855347 ] ] } },
{ "type": "Feature", "properties": { "element": "way", "id": 642353691, "bridge": "yes", "highway": "bridleway", "source": null, "surface": null, "layer": "1", "lanes": null, "maxspeed": null, "ref": null, "ref:old": null, "foot": "yes", "old_ref": null, "FIXME": null, "name": "Gaurikund Kedarnath Trek", "sac_scale": null, "trail_visibility": null, "motor_vehicle": null, "psv": null }, "geometry": { "type": "LineString", "coordinates": [ [ 79.0672249, 30.731987 ], [ 79.0670773, 30.7322106 ] ] } },
{ "type": "Feature", "properties": { "element": "way", "id": 642396261, "bridge": "yes", "highway": "bridleway", "source": "Bing", "surface": null, "layer": "1", "lanes": null, "maxspeed": null, "ref": null, "ref:old": null, "foot": "yes", "old_ref": null, "FIXME": null, "name": "Gaurikund Kedarnath Trek", "sac_scale": null, "trail_visibility": null, "motor_vehicle": null, "psv": null }, "geometry": { "type": "LineString", "coordinates": [ [ 79.0545434, 30.694314 ], [ 79.0546963, 30.6941733 ] ] } },
{ "type": "Feature", "properties": { "element": "way", "id": 652936270, "bridge": "yes", "highway": "unclassified", "source": null, "surface": null, "layer": "1", "lanes": null, "maxspeed": null, "ref": null, "ref:old": null, "foot": null, "old_ref": null, "FIXME": null, "name": null, "sac_scale": null, "trail_visibility": null, "motor_vehicle": null, "psv": null }, "geometry": { "type": "LineString", "coordinates": [ [ 79.0945398, 30.5390088 ], [ 79.0945083, 30.5395088 ] ] } },
{ "type": "Feature", "properties": { "element": "way", "id": 652940359, "bridge": "yes", "highway": "path", "source": null, "surface": null, "layer": "1", "lanes": null, "maxspeed": null, "ref": null, "ref:old": null, "foot": null, "old_ref": null, "FIXME": null, "name": null, "sac_scale": null, "trail_visibility": null, "motor_vehicle": null, "psv": null }, "geometry": { "type": "LineString", "coordinates": [ [ 79.0954202, 30.5365888 ], [ 79.0951467, 30.536635 ] ] } },
{ "type": "Feature", "properties": { "element": "way", "id": 652940360, "bridge": "yes", "highway": "path", "source": null, "surface": null, "layer": "1", "lanes": null, "maxspeed": null, "ref": null, "ref:old": null, "foot": null, "old_ref": null, "FIXME": null, "name": null, "sac_scale": null, "trail_visibility": null, "motor_vehicle": null, "psv": null }, "geometry": { "type": "LineString", "coordinates": [ [ 79.035218, 30.5914151 ], [ 79.0352851, 30.5909556 ] ] } },
{ "type": "Feature", "properties": { "element": "way", "id": 652942221, "bridge": "yes", "highway": "track", "source": null, "surface": null, "layer": "1", "lanes": null, "maxspeed": null, "ref": null, "ref:old": null, "foot": null, "old_ref": null, "FIXME": null, "name": null, "sac_scale": null, "trail_visibility": null, "motor_vehicle": null, "psv": null }, "geometry": { "type": "LineString", "coordinates": [ [ 79.079017, 30.5933251 ], [ 79.0789072, 30.5932808 ] ] } },
{ "type": "Feature", "properties": { "element": "way", "id": 654639056, "bridge": "yes", "highway": "path", "source": null, "surface": null, "layer": "1", "lanes": null, "maxspeed": null, "ref": null, "ref:old": null, "foot": null, "old_ref": null, "FIXME": null, "name": null, "sac_scale": null, "trail_visibility": null, "motor_vehicle": null, "psv": null }, "geometry": { "type": "LineString", "coordinates": [ [ 79.1647205, 30.5432627 ], [ 79.1645488, 30.5431264 ] ] } },
{ "type": "Feature", "properties": { "element": "way", "id": 684802373, "bridge": "yes", "highway": "unclassified", "source": null, "surface": null, "layer": "1", "lanes": null, "maxspeed": null, "ref": null, "ref:old": null, "foot": null, "old_ref": null, "FIXME": null, "name": null, "sac_scale": null, "trail_visibility": null, "motor_vehicle": null, "psv": null }, "geometry": { "type": "LineString", "coordinates": [ [ 78.895075, 30.4679561 ], [ 78.8950857, 30.468289 ] ] } },
{ "type": "Feature", "properties": { "element": "way", "id": 684802386, "bridge": "yes", "highway": "tertiary", "source": null, "surface": null, "layer": "1", "lanes": null, "maxspeed": null, "ref": null, "ref:old": null, "foot": null, "old_ref": null, "FIXME": null, "name": null, "sac_scale": null, "trail_visibility": null, "motor_vehicle": null, "psv": null }, "geometry": { "type": "LineString", "coordinates": [ [ 78.9515144, 30.2079459 ], [ 78.9513369, 30.207751 ] ] } },
{ "type": "Feature", "properties": { "element": "way", "id": 684812586, "bridge": "yes", "highway": "path", "source": null, "surface": null, "layer": "1", "lanes": null, "maxspeed": null, "ref": null, "ref:old": null, "foot": null, "old_ref": null, "FIXME": null, "name": null, "sac_scale": null, "trail_visibility": null, "motor_vehicle": null, "psv": null }, "geometry": { "type": "LineString", "coordinates": [ [ 79.0992813, 30.5370693 ], [ 79.0983519, 30.5370185 ], [ 79.0980756, 30.5369353 ] ] } },
{ "type": "Feature", "properties": { "element": "way", "id": 686083252, "bridge": "yes", "highway": "trunk", "source": null, "surface": null, "layer": "1", "lanes": "2", "maxspeed": "50", "ref": "NH107", "ref:old": "NH109", "foot": null, "old_ref": null, "FIXME": null, "name": null, "sac_scale": null, "trail_visibility": null, "motor_vehicle": null, "psv": null }, "geometry": { "type": "LineString", "coordinates": [ [ 79.0171852, 30.6052382 ], [ 79.0173713, 30.6051843 ] ] } },
{ "type": "Feature", "properties": { "element": "way", "id": 686083253, "bridge": "yes", "highway": "trunk", "source": null, "surface": null, "layer": "1", "lanes": "2", "maxspeed": "50", "ref": "NH107", "ref:old": "NH109", "foot": null, "old_ref": null, "FIXME": null, "name": null, "sac_scale": null, "trail_visibility": null, "motor_vehicle": null, "psv": null }, "geometry": { "type": "LineString", "coordinates": [ [ 79.019981, 30.5945241 ], [ 79.0201145, 30.5942804 ] ] } },
{ "type": "Feature", "properties": { "element": "way", "id": 686083254, "bridge": "yes", "highway": "trunk", "source": null, "surface": null, "layer": "1", "lanes": "2", "maxspeed": "50", "ref": "NH107", "ref:old": "NH109", "foot": null, "old_ref": null, "FIXME": null, "name": null, "sac_scale": null, "trail_visibility": null, "motor_vehicle": null, "psv": null }, "geometry": { "type": "LineString", "coordinates": [ [ 79.0229601, 30.582418 ], [ 79.0232367, 30.58228 ] ] } },
{ "type": "Feature", "properties": { "element": "way", "id": 686083259, "bridge": "yes", "highway": "trunk", "source": null, "surface": null, "layer": "1", "lanes": "2", "maxspeed": "50", "ref": "NH107", "ref:old": "NH109", "foot": null, "old_ref": null, "FIXME": null, "name": null, "sac_scale": null, "trail_visibility": null, "motor_vehicle": null, "psv": null }, "geometry": { "type": "LineString", "coordinates": [ [ 79.0402412, 30.5766775 ], [ 79.0402818, 30.5765927 ] ] } },
{ "type": "Feature", "properties": { "element": "way", "id": 686083263, "bridge": "yes", "highway": "unclassified", "source": null, "surface": null, "layer": "1", "lanes": null, "maxspeed": null, "ref": null, "ref:old": null, "foot": null, "old_ref": null, "FIXME": null, "name": null, "sac_scale": null, "trail_visibility": null, "motor_vehicle": null, "psv": null }, "geometry": { "type": "LineString", "coordinates": [ [ 79.0341961, 30.5745356 ], [ 79.0341961, 30.5744548 ] ] } },
{ "type": "Feature", "properties": { "element": "way", "id": 686083265, "bridge": "yes", "highway": "unclassified", "source": null, "surface": null, "layer": "1", "lanes": null, "maxspeed": null, "ref": null, "ref:old": null, "foot": null, "old_ref": null, "FIXME": null, "name": null, "sac_scale": null, "trail_visibility": null, "motor_vehicle": null, "psv": null }, "geometry": { "type": "LineString", "coordinates": [ [ 79.0321094, 30.573023 ], [ 79.0319189, 30.5731362 ] ] } },
{ "type": "Feature", "properties": { "element": "way", "id": 686103734, "bridge": "yes", "highway": "bridleway", "source": null, "surface": null, "layer": "1", "lanes": null, "maxspeed": null, "ref": null, "ref:old": null, "foot": "yes", "old_ref": null, "FIXME": null, "name": "Gaurikund Kedarnath Trek", "sac_scale": null, "trail_visibility": null, "motor_vehicle": null, "psv": null }, "geometry": { "type": "LineString", "coordinates": [ [ 79.0653051, 30.7058006 ], [ 79.0652474, 30.7058623 ] ] } },
{ "type": "Feature", "properties": { "element": "way", "id": 686103744, "bridge": "yes", "highway": "bridleway", "source": null, "surface": null, "layer": "1", "lanes": null, "maxspeed": null, "ref": "NH109", "ref:old": null, "foot": "yes", "old_ref": null, "FIXME": null, "name": "Gaurikund Kedarnath Trek", "sac_scale": null, "trail_visibility": null, "motor_vehicle": null, "psv": null }, "geometry": { "type": "LineString", "coordinates": [ [ 79.0411678, 30.6759743 ], [ 79.0412155, 30.6760499 ] ] } },
{ "type": "Feature", "properties": { "element": "way", "id": 686103753, "bridge": "yes", "highway": "bridleway", "source": null, "surface": null, "layer": "1", "lanes": null, "maxspeed": null, "ref": "NH109", "ref:old": null, "foot": "yes", "old_ref": null, "FIXME": null, "name": "Gaurikund Kedarnath Trek", "sac_scale": null, "trail_visibility": null, "motor_vehicle": null, "psv": null }, "geometry": { "type": "LineString", "coordinates": [ [ 79.0382662, 30.6704299 ], [ 79.0383114, 30.6704819 ] ] } },
{ "type": "Feature", "properties": { "element": "way", "id": 686103756, "bridge": "yes", "highway": "path", "source": null, "surface": null, "layer": "1", "lanes": null, "maxspeed": null, "ref": null, "ref:old": null, "foot": null, "old_ref": null, "FIXME": null, "name": null, "sac_scale": null, "trail_visibility": null, "motor_vehicle": null, "psv": null }, "geometry": { "type": "LineString", "coordinates": [ [ 79.0284643, 30.6562583 ], [ 79.0283422, 30.6562053 ] ] } },
{ "type": "Feature", "properties": { "element": "way", "id": 686103760, "bridge": "yes", "highway": "bridleway", "source": null, "surface": null, "layer": "1", "lanes": null, "maxspeed": null, "ref": "NH109", "ref:old": null, "foot": "yes", "old_ref": null, "FIXME": null, "name": "Gaurikund Kedarnath Trek", "sac_scale": null, "trail_visibility": null, "motor_vehicle": null, "psv": null }, "geometry": { "type": "LineString", "coordinates": [ [ 79.0329388, 30.6607285 ], [ 79.0329951, 30.6607653 ] ] } },
{ "type": "Feature", "properties": { "element": "way", "id": 686103763, "bridge": "yes", "highway": "bridleway", "source": null, "surface": null, "layer": "1", "lanes": null, "maxspeed": null, "ref": "NH109", "ref:old": null, "foot": "yes", "old_ref": null, "FIXME": null, "name": "Gaurikund Kedarnath Trek", "sac_scale": null, "trail_visibility": null, "motor_vehicle": null, "psv": null }, "geometry": { "type": "LineString", "coordinates": [ [ 79.028157, 30.6563297 ], [ 79.028247, 30.656451 ] ] } },
{ "type": "Feature", "properties": { "element": "way", "id": 686174812, "bridge": "yes", "highway": "path", "source": null, "surface": null, "layer": "1", "lanes": null, "maxspeed": null, "ref": null, "ref:old": null, "foot": null, "old_ref": null, "FIXME": null, "name": null, "sac_scale": null, "trail_visibility": null, "motor_vehicle": null, "psv": null }, "geometry": { "type": "LineString", "coordinates": [ [ 78.980674, 30.6501552 ], [ 78.9803629, 30.650131 ] ] } },
{ "type": "Feature", "properties": { "element": "way", "id": 862786417, "bridge": "yes", "highway": "tertiary", "source": null, "surface": null, "layer": "1", "lanes": null, "maxspeed": null, "ref": null, "ref:old": null, "foot": null, "old_ref": null, "FIXME": null, "name": null, "sac_scale": null, "trail_visibility": null, "motor_vehicle": null, "psv": null }, "geometry": { "type": "LineString", "coordinates": [ [ 78.9174438, 30.4217474 ], [ 78.9175337, 30.4217227 ] ] } },
{ "type": "Feature", "properties": { "element": "way", "id": 862786419, "bridge": "yes", "highway": "unclassified", "source": null, "surface": null, "layer": "1", "lanes": null, "maxspeed": null, "ref": null, "ref:old": null, "foot": null, "old_ref": null, "FIXME": null, "name": null, "sac_scale": null, "trail_visibility": null, "motor_vehicle": null, "psv": null }, "geometry": { "type": "LineString", "coordinates": [ [ 78.9187409, 30.465133 ], [ 78.9191094, 30.4648728 ] ] } },
{ "type": "Feature", "properties": { "element": "way", "id": 862786422, "bridge": "yes", "highway": "tertiary", "source": null, "surface": null, "layer": "1", "lanes": null, "maxspeed": null, "ref": null, "ref:old": null, "foot": null, "old_ref": null, "FIXME": null, "name": null, "sac_scale": null, "trail_visibility": null, "motor_vehicle": null, "psv": null }, "geometry": { "type": "LineString", "coordinates": [ [ 78.973278, 30.3517362 ], [ 78.9730382, 30.3521351 ] ] } },
{ "type": "Feature", "properties": { "element": "way", "id": 862786424, "bridge": "yes", "highway": "secondary", "source": "GPS", "surface": "asphalt", "layer": "1", "lanes": null, "maxspeed": null, "ref": "SH 15", "ref:old": null, "foot": null, "old_ref": null, "FIXME": null, "name": null, "sac_scale": null, "trail_visibility": null, "motor_vehicle": null, "psv": null }, "geometry": { "type": "LineString", "coordinates": [ [ 78.8391483, 30.4039526 ], [ 78.839097, 30.4040175 ] ] } },
{ "type": "Feature", "properties": { "element": "way", "id": 862786426, "bridge": "yes", "highway": "tertiary", "source": null, "surface": "asphalt", "layer": "1", "lanes": null, "maxspeed": null, "ref": null, "ref:old": null, "foot": null, "old_ref": null, "FIXME": null, "name": null, "sac_scale": null, "trail_visibility": null, "motor_vehicle": null, "psv": null }, "geometry": { "type": "LineString", "coordinates": [ [ 78.8604165, 30.4044895 ], [ 78.8602671, 30.4042116 ] ] } },
{ "type": "Feature", "properties": { "element": "way", "id": 886177928, "bridge": "yes", "highway": "footway", "source": null, "surface": null, "layer": "1", "lanes": null, "maxspeed": null, "ref": null, "ref:old": null, "foot": null, "old_ref": null, "FIXME": null, "name": null, "sac_scale": null, "trail_visibility": null, "motor_vehicle": null, "psv": null }, "geometry": { "type": "LineString", "coordinates": [ [ 79.1219577, 30.3678278 ], [ 79.1218762, 30.3677872 ] ] } },
{ "type": "Feature", "properties": { "element": "way", "id": 886177933, "bridge": "yes", "highway": "footway", "source": null, "surface": null, "layer": "1", "lanes": null, "maxspeed": null, "ref": null, "ref:old": null, "foot": null, "old_ref": null, "FIXME": null, "name": null, "sac_scale": null, "trail_visibility": null, "motor_vehicle": null, "psv": null }, "geometry": { "type": "LineString", "coordinates": [ [ 79.1181152, 30.3674744 ], [ 79.11807, 30.3674106 ] ] } },
{ "type": "Feature", "properties": { "element": "way", "id": 913515359, "bridge": "yes", "highway": "trunk", "source": null, "surface": null, "layer": "1", "lanes": "2", "maxspeed": "50", "ref": "NH107", "ref:old": "NH109", "foot": null, "old_ref": null, "FIXME": null, "name": null, "sac_scale": null, "trail_visibility": null, "motor_vehicle": null, "psv": null }, "geometry": { "type": "LineString", "coordinates": [ [ 79.0850934, 30.4901718 ], [ 79.085281, 30.4906734 ] ] } },
{ "type": "Feature", "properties": { "element": "way", "id": 913515363, "bridge": "yes", "highway": "unclassified", "source": null, "surface": null, "layer": "1", "lanes": null, "maxspeed": null, "ref": null, "ref:old": null, "foot": null, "old_ref": null, "FIXME": null, "name": null, "sac_scale": null, "trail_visibility": null, "motor_vehicle": null, "psv": null }, "geometry": { "type": "LineString", "coordinates": [ [ 79.0647336, 30.4784129 ], [ 79.0646466, 30.478377 ] ] } },
{ "type": "Feature", "properties": { "element": "way", "id": 915070812, "bridge": "yes", "highway": "trunk", "source": null, "surface": null, "layer": "1", "lanes": "2", "maxspeed": "50", "ref": "NH7", "ref:old": "NH58", "foot": null, "old_ref": null, "FIXME": null, "name": null, "sac_scale": null, "trail_visibility": null, "motor_vehicle": null, "psv": null }, "geometry": { "type": "LineString", "coordinates": [ [ 78.9821607, 30.2850118 ], [ 78.9820753, 30.2849778 ] ] } },
{ "type": "Feature", "properties": { "element": "way", "id": 915070814, "bridge": "yes", "highway": "residential", "source": "maxar", "surface": null, "layer": "1", "lanes": null, "maxspeed": null, "ref": null, "ref:old": null, "foot": null, "old_ref": null, "FIXME": null, "name": null, "sac_scale": null, "trail_visibility": null, "motor_vehicle": null, "psv": null }, "geometry": { "type": "LineString", "coordinates": [ [ 78.9833195, 30.2834815 ], [ 78.9836177, 30.2836181 ] ] } },
{ "type": "Feature", "properties": { "element": "way", "id": 915070816, "bridge": "yes", "highway": "unclassified", "source": null, "surface": null, "layer": "1", "lanes": null, "maxspeed": null, "ref": null, "ref:old": null, "foot": null, "old_ref": null, "FIXME": null, "name": null, "sac_scale": null, "trail_visibility": null, "motor_vehicle": null, "psv": null }, "geometry": { "type": "LineString", "coordinates": [ [ 78.9824264, 30.2803644 ], [ 78.9828827, 30.280326 ] ] } },
{ "type": "Feature", "properties": { "element": "way", "id": 922701479, "bridge": "yes", "highway": "unclassified", "source": null, "surface": "asphalt", "layer": "1", "lanes": null, "maxspeed": null, "ref": null, "ref:old": null, "foot": null, "old_ref": null, "FIXME": null, "name": null, "sac_scale": null, "trail_visibility": null, "motor_vehicle": null, "psv": null }, "geometry": { "type": "LineString", "coordinates": [ [ 78.8931655, 30.4386055 ], [ 78.8932591, 30.4386328 ], [ 78.8934234, 30.4386808 ] ] } },
{ "type": "Feature", "properties": { "element": "way", "id": 922701482, "bridge": "yes", "highway": "unclassified", "source": null, "surface": null, "layer": "1", "lanes": null, "maxspeed": null, "ref": null, "ref:old": null, "foot": null, "old_ref": null, "FIXME": null, "name": null, "sac_scale": null, "trail_visibility": null, "motor_vehicle": null, "psv": null }, "geometry": { "type": "LineString", "coordinates": [ [ 78.8977785, 30.4680466 ], [ 78.8978004, 30.4680947 ] ] } },
{ "type": "Feature", "properties": { "element": "way", "id": 922701486, "bridge": "yes", "highway": "unclassified", "source": null, "surface": "asphalt", "layer": "1", "lanes": null, "maxspeed": null, "ref": null, "ref:old": null, "foot": null, "old_ref": null, "FIXME": null, "name": null, "sac_scale": null, "trail_visibility": null, "motor_vehicle": null, "psv": null }, "geometry": { "type": "LineString", "coordinates": [ [ 78.914124, 30.464063 ], [ 78.9141413, 30.4643459 ] ] } },
{ "type": "Feature", "properties": { "element": "way", "id": 930753911, "bridge": "yes", "highway": "path", "source": null, "surface": null, "layer": "1", "lanes": null, "maxspeed": null, "ref": null, "ref:old": null, "foot": null, "old_ref": null, "FIXME": null, "name": null, "sac_scale": null, "trail_visibility": null, "motor_vehicle": null, "psv": null }, "geometry": { "type": "LineString", "coordinates": [ [ 79.147076, 30.3359484 ], [ 79.1471077, 30.3358799 ] ] } },
{ "type": "Feature", "properties": { "element": "way", "id": 975136763, "bridge": "yes", "highway": "tertiary", "source": null, "surface": null, "layer": "1", "lanes": null, "maxspeed": null, "ref": null, "ref:old": null, "foot": null, "old_ref": null, "FIXME": null, "name": null, "sac_scale": null, "trail_visibility": null, "motor_vehicle": null, "psv": null }, "geometry": { "type": "LineString", "coordinates": [ [ 79.0416688, 30.4003048 ], [ 79.0417349, 30.4009028 ] ] } },
{ "type": "Feature", "properties": { "element": "way", "id": 1037465934, "bridge": "yes", "highway": "path", "source": null, "surface": "ground", "layer": "1", "lanes": null, "maxspeed": null, "ref": null, "ref:old": null, "foot": null, "old_ref": null, "FIXME": null, "name": "Phata to Dhargaon", "sac_scale": null, "trail_visibility": null, "motor_vehicle": null, "psv": null }, "geometry": { "type": "LineString", "coordinates": [ [ 79.0388723, 30.5760267 ], [ 79.0389338, 30.5759654 ] ] } },
{ "type": "Feature", "properties": { "element": "way", "id": 1040068850, "bridge": "yes", "highway": "unclassified", "source": null, "surface": null, "layer": "1", "lanes": null, "maxspeed": null, "ref": null, "ref:old": null, "foot": null, "old_ref": null, "FIXME": null, "name": null, "sac_scale": null, "trail_visibility": null, "motor_vehicle": null, "psv": null }, "geometry": { "type": "LineString", "coordinates": [ [ 78.9168142, 30.4937197 ], [ 78.9169246, 30.4937107 ], [ 78.9170667, 30.4937049 ], [ 78.917225, 30.4936882 ] ] } },
{ "type": "Feature", "properties": { "element": "way", "id": 1044253532, "bridge": "yes", "highway": "unclassified", "source": null, "surface": null, "layer": "1", "lanes": null, "maxspeed": null, "ref": null, "ref:old": null, "foot": null, "old_ref": null, "FIXME": null, "name": null, "sac_scale": null, "trail_visibility": null, "motor_vehicle": null, "psv": null }, "geometry": { "type": "LineString", "coordinates": [ [ 79.1111346, 30.4915213 ], [ 79.1110913, 30.4915713 ] ] } },
{ "type": "Feature", "properties": { "element": "way", "id": 1046311061, "bridge": "yes", "highway": "unclassified", "source": "maxar", "surface": null, "layer": "1", "lanes": null, "maxspeed": null, "ref": null, "ref:old": null, "foot": null, "old_ref": null, "FIXME": null, "name": null, "sac_scale": null, "trail_visibility": null, "motor_vehicle": null, "psv": null }, "geometry": { "type": "LineString", "coordinates": [ [ 79.1268594, 30.4224707 ], [ 79.1268784, 30.4220812 ] ] } },
{ "type": "Feature", "properties": { "element": "way", "id": 1056309239, "bridge": "yes", "highway": "path", "source": null, "surface": null, "layer": "1", "lanes": null, "maxspeed": null, "ref": null, "ref:old": null, "foot": null, "old_ref": null, "FIXME": null, "name": null, "sac_scale": null, "trail_visibility": null, "motor_vehicle": null, "psv": null }, "geometry": { "type": "LineString", "coordinates": [ [ 79.139902, 30.484778 ], [ 79.1397304, 30.4846393 ] ] } },
{ "type": "Feature", "properties": { "element": "way", "id": 1058861779, "bridge": "yes", "highway": "trunk", "source": null, "surface": null, "layer": "1", "lanes": "2", "maxspeed": "50", "ref": "NH7", "ref:old": "NH58", "foot": null, "old_ref": null, "FIXME": null, "name": null, "sac_scale": null, "trail_visibility": null, "motor_vehicle": null, "psv": null }, "geometry": { "type": "LineString", "coordinates": [ [ 79.0516788, 30.2997866 ], [ 79.0512007, 30.2999058 ] ] } },
{ "type": "Feature", "properties": { "element": "way", "id": 1058861789, "bridge": "yes", "highway": "path", "source": null, "surface": null, "layer": "1", "lanes": null, "maxspeed": null, "ref": null, "ref:old": null, "foot": null, "old_ref": null, "FIXME": null, "name": "Turiyal to Rudraprayag", "sac_scale": null, "trail_visibility": null, "motor_vehicle": null, "psv": null }, "geometry": { "type": "LineString", "coordinates": [ [ 79.0358913, 30.2684859 ], [ 79.0356557, 30.2684554 ], [ 79.0353762, 30.2684193 ] ] } },
{ "type": "Feature", "properties": { "element": "way", "id": 1061012300, "bridge": "yes", "highway": "unclassified", "source": null, "surface": null, "layer": "1", "lanes": null, "maxspeed": null, "ref": null, "ref:old": null, "foot": null, "old_ref": null, "FIXME": null, "name": null, "sac_scale": null, "trail_visibility": null, "motor_vehicle": null, "psv": null }, "geometry": { "type": "LineString", "coordinates": [ [ 79.0830375, 30.2559466 ], [ 79.0830211, 30.255759 ] ] } },
{ "type": "Feature", "properties": { "element": "way", "id": 1063732693, "bridge": "yes", "highway": "path", "source": null, "surface": null, "layer": "1", "lanes": null, "maxspeed": null, "ref": null, "ref:old": null, "foot": null, "old_ref": null, "FIXME": null, "name": null, "sac_scale": null, "trail_visibility": null, "motor_vehicle": null, "psv": null }, "geometry": { "type": "LineString", "coordinates": [ [ 78.9911571, 30.259902 ], [ 78.9910466, 30.2599087 ] ] } },
{ "type": "Feature", "properties": { "element": "way", "id": 1065901572, "bridge": "yes", "highway": "unclassified", "source": "Bing", "surface": null, "layer": "1", "lanes": null, "maxspeed": null, "ref": null, "ref:old": null, "foot": null, "old_ref": null, "FIXME": null, "name": null, "sac_scale": null, "trail_visibility": null, "motor_vehicle": null, "psv": null }, "geometry": { "type": "LineString", "coordinates": [ [ 79.0360369, 30.3186137 ], [ 79.0359764, 30.3186505 ] ] } },
{ "type": "Feature", "properties": { "element": "way", "id": 1065903502, "bridge": "yes", "highway": "tertiary", "source": null, "surface": null, "layer": "1", "lanes": null, "maxspeed": null, "ref": null, "ref:old": null, "foot": null, "old_ref": null, "FIXME": null, "name": null, "sac_scale": null, "trail_visibility": null, "motor_vehicle": null, "psv": null }, "geometry": { "type": "LineString", "coordinates": [ [ 79.0750999, 30.3779911 ], [ 79.0750124, 30.377957 ] ] } },
{ "type": "Feature", "properties": { "element": "way", "id": 1065903506, "bridge": "yes", "highway": "tertiary", "source": null, "surface": null, "layer": "1", "lanes": null, "maxspeed": null, "ref": null, "ref:old": null, "foot": null, "old_ref": null, "FIXME": null, "name": null, "sac_scale": null, "trail_visibility": null, "motor_vehicle": null, "psv": null }, "geometry": { "type": "LineString", "coordinates": [ [ 79.0741967, 30.388659 ], [ 79.0743381, 30.3887223 ] ] } },
{ "type": "Feature", "properties": { "element": "way", "id": 1069543312, "bridge": "yes", "highway": "unclassified", "source": null, "surface": null, "layer": "1", "lanes": null, "maxspeed": null, "ref": null, "ref:old": null, "foot": null, "old_ref": null, "FIXME": null, "name": null, "sac_scale": null, "trail_visibility": null, "motor_vehicle": null, "psv": null }, "geometry": { "type": "LineString", "coordinates": [ [ 79.114834, 30.307571 ], [ 79.1148227, 30.3075733 ], [ 79.1145661, 30.3076257 ] ] } },
{ "type": "Feature", "properties": { "element": "way", "id": 1069543314, "bridge": "yes", "highway": "unclassified", "source": null, "surface": null, "layer": "1", "lanes": null, "maxspeed": null, "ref": null, "ref:old": null, "foot": null, "old_ref": null, "FIXME": null, "name": null, "sac_scale": null, "trail_visibility": null, "motor_vehicle": null, "psv": null }, "geometry": { "type": "LineString", "coordinates": [ [ 79.1480187, 30.2956414 ], [ 79.1479074, 30.2956146 ], [ 79.1476562, 30.2955541 ] ] } },
{ "type": "Feature", "properties": { "element": "way", "id": 1069543318, "bridge": "yes", "highway": "unclassified", "source": null, "surface": null, "layer": "1", "lanes": null, "maxspeed": null, "ref": null, "ref:old": null, "foot": null, "old_ref": null, "FIXME": null, "name": null, "sac_scale": null, "trail_visibility": null, "motor_vehicle": null, "psv": null }, "geometry": { "type": "LineString", "coordinates": [ [ 79.1412494, 30.2986147 ], [ 79.1411504, 30.2986332 ] ] } },
{ "type": "Feature", "properties": { "element": "way", "id": 1069543320, "bridge": "yes", "highway": "unclassified", "source": null, "surface": null, "layer": "1", "lanes": null, "maxspeed": null, "ref": null, "ref:old": null, "foot": null, "old_ref": null, "FIXME": null, "name": null, "sac_scale": null, "trail_visibility": null, "motor_vehicle": null, "psv": null }, "geometry": { "type": "LineString", "coordinates": [ [ 79.1437118, 30.2972477 ], [ 79.143782, 30.2974126 ] ] } },
{ "type": "Feature", "properties": { "element": "way", "id": 1069543324, "bridge": "yes", "highway": "unclassified", "source": null, "surface": null, "layer": "1", "lanes": null, "maxspeed": null, "ref": null, "ref:old": null, "foot": null, "old_ref": null, "FIXME": null, "name": null, "sac_scale": null, "trail_visibility": null, "motor_vehicle": null, "psv": null }, "geometry": { "type": "LineString", "coordinates": [ [ 79.1461018, 30.2950675 ], [ 79.1458422, 30.2949394 ] ] } },
{ "type": "Feature", "properties": { "element": "way", "id": 1069548882, "bridge": "yes", "highway": "path", "source": null, "surface": null, "layer": "1", "lanes": null, "maxspeed": null, "ref": null, "ref:old": null, "foot": null, "old_ref": null, "FIXME": null, "name": null, "sac_scale": null, "trail_visibility": null, "motor_vehicle": null, "psv": null }, "geometry": { "type": "LineString", "coordinates": [ [ 79.1486321, 30.3221967 ], [ 79.1486868, 30.3222579 ] ] } },
{ "type": "Feature", "properties": { "element": "way", "id": 1069548885, "bridge": "yes", "highway": "unclassified", "source": null, "surface": null, "layer": "1", "lanes": null, "maxspeed": null, "ref": null, "ref:old": null, "foot": null, "old_ref": null, "FIXME": null, "name": null, "sac_scale": null, "trail_visibility": null, "motor_vehicle": null, "psv": null }, "geometry": { "type": "LineString", "coordinates": [ [ 79.1314101, 30.3232764 ], [ 79.1314594, 30.3232303 ] ] } },
{ "type": "Feature", "properties": { "element": "way", "id": 1069548890, "bridge": "yes", "highway": "path", "source": null, "surface": null, "layer": "1", "lanes": null, "maxspeed": null, "ref": null, "ref:old": null, "foot": null, "old_ref": null, "FIXME": null, "name": null, "sac_scale": null, "trail_visibility": null, "motor_vehicle": null, "psv": null }, "geometry": { "type": "LineString", "coordinates": [ [ 79.141659, 30.3245784 ], [ 79.1416324, 30.3244984 ] ] } },
{ "type": "Feature", "properties": { "element": "way", "id": 1069548893, "bridge": "yes", "highway": "path", "source": null, "surface": null, "layer": "1", "lanes": null, "maxspeed": null, "ref": null, "ref:old": null, "foot": null, "old_ref": null, "FIXME": null, "name": null, "sac_scale": null, "trail_visibility": null, "motor_vehicle": null, "psv": null }, "geometry": { "type": "LineString", "coordinates": [ [ 79.1441087, 30.3232419 ], [ 79.1441719, 30.3233042 ] ] } },
{ "type": "Feature", "properties": { "element": "way", "id": 1069548896, "bridge": "yes", "highway": "path", "source": null, "surface": null, "layer": "1", "lanes": null, "maxspeed": null, "ref": null, "ref:old": null, "foot": null, "old_ref": null, "FIXME": null, "name": null, "sac_scale": null, "trail_visibility": null, "motor_vehicle": null, "psv": null }, "geometry": { "type": "LineString", "coordinates": [ [ 79.1495866, 30.3233849 ], [ 79.14966, 30.3234138 ] ] } },
{ "type": "Feature", "properties": { "element": "way", "id": 1069560063, "bridge": "yes", "highway": "track", "source": null, "surface": null, "layer": "1", "lanes": null, "maxspeed": null, "ref": null, "ref:old": null, "foot": null, "old_ref": null, "FIXME": null, "name": null, "sac_scale": null, "trail_visibility": null, "motor_vehicle": null, "psv": null }, "geometry": { "type": "LineString", "coordinates": [ [ 79.0447052, 30.3818264 ], [ 79.0448926, 30.381819 ] ] } },
{ "type": "Feature", "properties": { "element": "way", "id": 1070050492, "bridge": "yes", "highway": "tertiary", "source": null, "surface": null, "layer": "1", "lanes": null, "maxspeed": null, "ref": null, "ref:old": null, "foot": null, "old_ref": null, "FIXME": null, "name": null, "sac_scale": null, "trail_visibility": null, "motor_vehicle": null, "psv": null }, "geometry": { "type": "LineString", "coordinates": [ [ 78.8809721, 30.3278536 ], [ 78.8810677, 30.3280386 ] ] } },
{ "type": "Feature", "properties": { "element": "way", "id": 1070050494, "bridge": "yes", "highway": "unclassified", "source": null, "surface": null, "layer": "1", "lanes": null, "maxspeed": null, "ref": null, "ref:old": null, "foot": null, "old_ref": null, "FIXME": null, "name": null, "sac_scale": null, "trail_visibility": null, "motor_vehicle": null, "psv": null }, "geometry": { "type": "LineString", "coordinates": [ [ 78.8946669, 30.3316233 ], [ 78.8945989, 30.3316997 ] ] } },
{ "type": "Feature", "properties": { "element": "way", "id": 1070050512, "bridge": "yes", "highway": "unclassified", "source": null, "surface": null, "layer": "1", "lanes": null, "maxspeed": null, "ref": null, "ref:old": null, "foot": null, "old_ref": null, "FIXME": null, "name": null, "sac_scale": null, "trail_visibility": null, "motor_vehicle": null, "psv": null }, "geometry": { "type": "LineString", "coordinates": [ [ 78.8732728, 30.2803813 ], [ 78.8731529, 30.2804148 ] ] } },
{ "type": "Feature", "properties": { "element": "way", "id": 1070050539, "bridge": "yes", "highway": "tertiary", "source": null, "surface": null, "layer": "1", "lanes": null, "maxspeed": null, "ref": null, "ref:old": null, "foot": null, "old_ref": null, "FIXME": null, "name": null, "sac_scale": null, "trail_visibility": null, "motor_vehicle": null, "psv": null }, "geometry": { "type": "LineString", "coordinates": [ [ 78.9062263, 30.2019138 ], [ 78.9063148, 30.2018852 ] ] } },
{ "type": "Feature", "properties": { "element": "way", "id": 1070050541, "bridge": "yes", "highway": "unclassified", "source": null, "surface": null, "layer": "1", "lanes": null, "maxspeed": null, "ref": null, "ref:old": null, "foot": null, "old_ref": null, "FIXME": null, "name": null, "sac_scale": null, "trail_visibility": null, "motor_vehicle": null, "psv": null }, "geometry": { "type": "LineString", "coordinates": [ [ 78.9064025, 30.2076455 ], [ 78.9064926, 30.2076696 ] ] } },
{ "type": "Feature", "properties": { "element": "way", "id": 1074704909, "bridge": "yes", "highway": "service", "source": null, "surface": null, "layer": "1", "lanes": null, "maxspeed": null, "ref": null, "ref:old": null, "foot": null, "old_ref": null, "FIXME": null, "name": null, "sac_scale": null, "trail_visibility": null, "motor_vehicle": null, "psv": null }, "geometry": { "type": "LineString", "coordinates": [ [ 78.9996892, 30.6239767 ], [ 79.0000797, 30.6239177 ] ] } },
{ "type": "Feature", "properties": { "element": "way", "id": 1076350090, "bridge": "yes", "highway": "track", "source": null, "surface": null, "layer": "1", "lanes": null, "maxspeed": null, "ref": null, "ref:old": null, "foot": null, "old_ref": null, "FIXME": null, "name": null, "sac_scale": null, "trail_visibility": null, "motor_vehicle": null, "psv": null }, "geometry": { "type": "LineString", "coordinates": [ [ 78.9754317, 30.4872371 ], [ 78.9753877, 30.4871208 ] ] } },
{ "type": "Feature", "properties": { "element": "way", "id": 1076350099, "bridge": "yes", "highway": "unclassified", "source": null, "surface": null, "layer": "1", "lanes": null, "maxspeed": null, "ref": null, "ref:old": null, "foot": null, "old_ref": null, "FIXME": null, "name": null, "sac_scale": null, "trail_visibility": null, "motor_vehicle": null, "psv": null }, "geometry": { "type": "LineString", "coordinates": [ [ 79.0210454, 30.4362325 ], [ 79.0211018, 30.4361744 ] ] } },
{ "type": "Feature", "properties": { "element": "way", "id": 1078493446, "bridge": "yes", "highway": "tertiary", "source": null, "surface": null, "layer": "1", "lanes": null, "maxspeed": null, "ref": null, "ref:old": null, "foot": null, "old_ref": null, "FIXME": null, "name": null, "sac_scale": null, "trail_visibility": null, "motor_vehicle": null, "psv": null }, "geometry": { "type": "LineString", "coordinates": [ [ 78.9681476, 30.4206914 ], [ 78.9682244, 30.4207002 ] ] } },
{ "type": "Feature", "properties": { "element": "way", "id": 1078493448, "bridge": "yes", "highway": "tertiary", "source": null, "surface": null, "layer": "1", "lanes": null, "maxspeed": null, "ref": null, "ref:old": null, "foot": null, "old_ref": null, "FIXME": null, "name": null, "sac_scale": null, "trail_visibility": null, "motor_vehicle": null, "psv": null }, "geometry": { "type": "LineString", "coordinates": [ [ 78.9800401, 30.423448 ], [ 78.980114, 30.4234429 ] ] } },
{ "type": "Feature", "properties": { "element": "way", "id": 1078493451, "bridge": "yes", "highway": "tertiary", "source": null, "surface": null, "layer": "1", "lanes": null, "maxspeed": null, "ref": null, "ref:old": null, "foot": null, "old_ref": null, "FIXME": null, "name": null, "sac_scale": null, "trail_visibility": null, "motor_vehicle": null, "psv": null }, "geometry": { "type": "LineString", "coordinates": [ [ 78.9681432, 30.4173815 ], [ 78.9680716, 30.4174339 ] ] } },
{ "type": "Feature", "properties": { "element": "way", "id": 1078493458, "bridge": "yes", "highway": "path", "source": null, "surface": null, "layer": "1", "lanes": null, "maxspeed": null, "ref": null, "ref:old": null, "foot": null, "old_ref": null, "FIXME": null, "name": null, "sac_scale": null, "trail_visibility": null, "motor_vehicle": null, "psv": null }, "geometry": { "type": "LineString", "coordinates": [ [ 78.8775632, 30.3874245 ], [ 78.87743, 30.3874505 ] ] } },
{ "type": "Feature", "properties": { "element": "way", "id": 1078493462, "bridge": "yes", "highway": "unclassified", "source": null, "surface": null, "layer": "1", "lanes": null, "maxspeed": null, "ref": null, "ref:old": null, "foot": null, "old_ref": null, "FIXME": null, "name": null, "sac_scale": null, "trail_visibility": null, "motor_vehicle": null, "psv": null }, "geometry": { "type": "LineString", "coordinates": [ [ 78.9921469, 30.4071777 ], [ 78.992502, 30.4071698 ] ] } },
{ "type": "Feature", "properties": { "element": "way", "id": 1078493464, "bridge": "yes", "highway": "tertiary", "source": null, "surface": null, "layer": "1", "lanes": null, "maxspeed": null, "ref": null, "ref:old": null, "foot": null, "old_ref": null, "FIXME": null, "name": null, "sac_scale": null, "trail_visibility": null, "motor_vehicle": null, "psv": null }, "geometry": { "type": "LineString", "coordinates": [ [ 78.9713208, 30.4225408 ], [ 78.9713749, 30.4226087 ] ] } },
{ "type": "Feature", "properties": { "element": "way", "id": 1078509343, "bridge": "yes", "highway": "unclassified", "source": null, "surface": null, "layer": "1", "lanes": null, "maxspeed": null, "ref": null, "ref:old": null, "foot": null, "old_ref": null, "FIXME": null, "name": null, "sac_scale": null, "trail_visibility": null, "motor_vehicle": null, "psv": null }, "geometry": { "type": "LineString", "coordinates": [ [ 79.0574278, 30.4140154 ], [ 79.0573516, 30.4139779 ] ] } },
{ "type": "Feature", "properties": { "element": "way", "id": 1078509347, "bridge": "yes", "highway": "path", "source": null, "surface": null, "layer": "1", "lanes": null, "maxspeed": null, "ref": null, "ref:old": null, "foot": null, "old_ref": null, "FIXME": null, "name": null, "sac_scale": null, "trail_visibility": null, "motor_vehicle": null, "psv": null }, "geometry": { "type": "LineString", "coordinates": [ [ 79.067078, 30.4297985 ], [ 79.0670451, 30.4297213 ] ] } },
{ "type": "Feature", "properties": { "element": "way", "id": 1078509348, "bridge": "yes", "highway": "path", "source": null, "surface": null, "layer": "1", "lanes": null, "maxspeed": null, "ref": null, "ref:old": null, "foot": null, "old_ref": null, "FIXME": null, "name": null, "sac_scale": null, "trail_visibility": null, "motor_vehicle": null, "psv": null }, "geometry": { "type": "LineString", "coordinates": [ [ 79.0693552, 30.4303395 ], [ 79.0688443, 30.4307151 ] ] } },
{ "type": "Feature", "properties": { "element": "way", "id": 1078509357, "bridge": "yes", "highway": "unclassified", "source": null, "surface": null, "layer": "1", "lanes": null, "maxspeed": null, "ref": null, "ref:old": null, "foot": null, "old_ref": null, "FIXME": null, "name": null, "sac_scale": null, "trail_visibility": null, "motor_vehicle": null, "psv": null }, "geometry": { "type": "LineString", "coordinates": [ [ 79.0523345, 30.442625 ], [ 79.052298, 30.4427329 ] ] } },
{ "type": "Feature", "properties": { "element": "way", "id": 1078509359, "bridge": "yes", "highway": "unclassified", "source": null, "surface": null, "layer": "1", "lanes": null, "maxspeed": null, "ref": null, "ref:old": null, "foot": null, "old_ref": null, "FIXME": null, "name": null, "sac_scale": null, "trail_visibility": null, "motor_vehicle": null, "psv": null }, "geometry": { "type": "LineString", "coordinates": [ [ 79.0546003, 30.4339275 ], [ 79.0545041, 30.4338885 ] ] } },
{ "type": "Feature", "properties": { "element": "way", "id": 1078509361, "bridge": "yes", "highway": "unclassified", "source": null, "surface": null, "layer": "1", "lanes": null, "maxspeed": null, "ref": null, "ref:old": null, "foot": null, "old_ref": null, "FIXME": null, "name": null, "sac_scale": null, "trail_visibility": null, "motor_vehicle": null, "psv": null }, "geometry": { "type": "LineString", "coordinates": [ [ 79.0578001, 30.4429648 ], [ 79.0578867, 30.4429086 ] ] } },
{ "type": "Feature", "properties": { "element": "way", "id": 1078509368, "bridge": "yes", "highway": "track", "source": null, "surface": null, "layer": "1", "lanes": null, "maxspeed": null, "ref": null, "ref:old": null, "foot": null, "old_ref": null, "FIXME": null, "name": null, "sac_scale": null, "trail_visibility": null, "motor_vehicle": null, "psv": null }, "geometry": { "type": "LineString", "coordinates": [ [ 79.0908122, 30.5283919 ], [ 79.091405, 30.5281862 ] ] } },
{ "type": "Feature", "properties": { "element": "way", "id": 1078509371, "bridge": "yes", "highway": "trunk", "source": null, "surface": null, "layer": "1", "lanes": null, "maxspeed": null, "ref": "NH107A", "ref:old": null, "foot": null, "old_ref": null, "FIXME": null, "name": null, "sac_scale": null, "trail_visibility": null, "motor_vehicle": null, "psv": null }, "geometry": { "type": "LineString", "coordinates": [ [ 79.1493101, 30.5129672 ], [ 79.1492216, 30.5129683 ], [ 79.1489875, 30.5129567 ] ] } },
{ "type": "Feature", "properties": { "element": "way", "id": 1078509373, "bridge": "yes", "highway": "trunk", "source": null, "surface": null, "layer": "1", "lanes": "2", "maxspeed": "50", "ref": "NH107", "ref:old": "NH109", "foot": null, "old_ref": null, "FIXME": null, "name": null, "sac_scale": null, "trail_visibility": null, "motor_vehicle": null, "psv": null }, "geometry": { "type": "LineString", "coordinates": [ [ 79.0839533, 30.5094002 ], [ 79.08376, 30.50975 ] ] } },
{ "type": "Feature", "properties": { "element": "way", "id": 1078509375, "bridge": "yes", "highway": "unclassified", "source": null, "surface": null, "layer": "1", "lanes": null, "maxspeed": null, "ref": null, "ref:old": null, "foot": null, "old_ref": null, "FIXME": null, "name": null, "sac_scale": null, "trail_visibility": null, "motor_vehicle": null, "psv": null }, "geometry": { "type": "LineString", "coordinates": [ [ 79.1517535, 30.5163775 ], [ 79.1516106, 30.5164398 ] ] } },
{ "type": "Feature", "properties": { "element": "way", "id": 1078509377, "bridge": "yes", "highway": "trunk", "source": null, "surface": null, "layer": "1", "lanes": null, "maxspeed": null, "ref": "NH107A", "ref:old": null, "foot": null, "old_ref": null, "FIXME": null, "name": null, "sac_scale": null, "trail_visibility": null, "motor_vehicle": null, "psv": null }, "geometry": { "type": "LineString", "coordinates": [ [ 79.1770156, 30.501195 ], [ 79.1769818, 30.5013895 ] ] } },
{ "type": "Feature", "properties": { "element": "way", "id": 1078509379, "bridge": "yes", "highway": "unclassified", "source": null, "surface": null, "layer": "1", "lanes": null, "maxspeed": null, "ref": null, "ref:old": null, "foot": null, "old_ref": null, "FIXME": null, "name": null, "sac_scale": null, "trail_visibility": null, "motor_vehicle": null, "psv": null }, "geometry": { "type": "LineString", "coordinates": [ [ 79.1627886, 30.5074601 ], [ 79.1628298, 30.5078896 ] ] } },
{ "type": "Feature", "properties": { "element": "way", "id": 1080064221, "bridge": "yes", "highway": "unclassified", "source": null, "surface": null, "layer": "1", "lanes": null, "maxspeed": null, "ref": null, "ref:old": null, "foot": null, "old_ref": null, "FIXME": null, "name": null, "sac_scale": null, "trail_visibility": null, "motor_vehicle": null, "psv": null }, "geometry": { "type": "LineString", "coordinates": [ [ 78.9560686, 30.3405282 ], [ 78.9560588, 30.3404634 ] ] } },
{ "type": "Feature", "properties": { "element": "way", "id": 1080067829, "bridge": "yes", "highway": "unclassified", "source": null, "surface": null, "layer": "1", "lanes": null, "maxspeed": null, "ref": null, "ref:old": null, "foot": null, "old_ref": null, "FIXME": null, "name": null, "sac_scale": null, "trail_visibility": null, "motor_vehicle": null, "psv": null }, "geometry": { "type": "LineString", "coordinates": [ [ 78.9518867, 30.3194886 ], [ 78.951928, 30.3194136 ] ] } },
{ "type": "Feature", "properties": { "element": "way", "id": 1080243406, "bridge": "yes", "highway": "path", "source": null, "surface": null, "layer": "1", "lanes": null, "maxspeed": null, "ref": null, "ref:old": null, "foot": null, "old_ref": null, "FIXME": null, "name": null, "sac_scale": null, "trail_visibility": null, "motor_vehicle": null, "psv": null }, "geometry": { "type": "LineString", "coordinates": [ [ 79.1194741, 30.2956771 ], [ 79.1201644, 30.2959923 ] ] } },
{ "type": "Feature", "properties": { "element": "way", "id": 1098680971, "bridge": "yes", "highway": "path", "source": null, "surface": null, "layer": "1", "lanes": null, "maxspeed": null, "ref": null, "ref:old": null, "foot": null, "old_ref": null, "FIXME": null, "name": "Panpatia Col", "sac_scale": "demanding_alpine_hiking", "trail_visibility": "intermediate", "motor_vehicle": null, "psv": null }, "geometry": { "type": "LineString", "coordinates": [ [ 79.187479, 30.607426 ], [ 79.188033, 30.6072529 ] ] } },
{ "type": "Feature", "properties": { "element": "way", "id": 1098680976, "bridge": "yes", "highway": "unclassified", "source": null, "surface": null, "layer": "1", "lanes": null, "maxspeed": null, "ref": null, "ref:old": null, "foot": null, "old_ref": null, "FIXME": null, "name": null, "sac_scale": null, "trail_visibility": null, "motor_vehicle": null, "psv": null }, "geometry": { "type": "LineString", "coordinates": [ [ 79.1300659, 30.5648117 ], [ 79.1302278, 30.5638688 ] ] } },
{ "type": "Feature", "properties": { "element": "way", "id": 1098680978, "bridge": "yes", "highway": "unclassified", "source": null, "surface": null, "layer": "1", "lanes": null, "maxspeed": null, "ref": null, "ref:old": null, "foot": null, "old_ref": null, "FIXME": null, "name": null, "sac_scale": null, "trail_visibility": null, "motor_vehicle": null, "psv": null }, "geometry": { "type": "LineString", "coordinates": [ [ 79.1340023, 30.5484338 ], [ 79.1345374, 30.5481362 ] ] } },
{ "type": "Feature", "properties": { "element": "way", "id": 1098680992, "bridge": "yes", "highway": "unclassified", "source": null, "surface": "asphalt", "layer": "1", "lanes": "1", "maxspeed": null, "ref": null, "ref:old": null, "foot": null, "old_ref": null, "FIXME": null, "name": null, "sac_scale": null, "trail_visibility": null, "motor_vehicle": null, "psv": null }, "geometry": { "type": "LineString", "coordinates": [ [ 79.1701071, 30.4681438 ], [ 79.1701071, 30.46807 ] ] } },
{ "type": "Feature", "properties": { "element": "way", "id": 1098681001, "bridge": "yes", "highway": "path", "source": null, "surface": null, "layer": "1", "lanes": null, "maxspeed": null, "ref": null, "ref:old": null, "foot": null, "old_ref": null, "FIXME": null, "name": null, "sac_scale": null, "trail_visibility": null, "motor_vehicle": null, "psv": null }, "geometry": { "type": "LineString", "coordinates": [ [ 79.0775916, 30.6022086 ], [ 79.0778423, 30.6024291 ] ] } },
{ "type": "Feature", "properties": { "element": "way", "id": 1098681003, "bridge": "yes", "highway": "unclassified", "source": null, "surface": null, "layer": "1", "lanes": null, "maxspeed": null, "ref": null, "ref:old": null, "foot": null, "old_ref": null, "FIXME": null, "name": null, "sac_scale": null, "trail_visibility": null, "motor_vehicle": null, "psv": null }, "geometry": { "type": "LineString", "coordinates": [ [ 79.0826024, 30.5664766 ], [ 79.0822218, 30.5665883 ] ] } },
{ "type": "Feature", "properties": { "element": "way", "id": 1123603476, "bridge": "yes", "highway": "path", "source": null, "surface": null, "layer": "1", "lanes": null, "maxspeed": null, "ref": null, "ref:old": null, "foot": null, "old_ref": null, "FIXME": null, "name": null, "sac_scale": null, "trail_visibility": null, "motor_vehicle": null, "psv": null }, "geometry": { "type": "LineString", "coordinates": [ [ 79.1026233, 30.3361283 ], [ 79.1025567, 30.3361829 ] ] } },
{ "type": "Feature", "properties": { "element": "way", "id": 1123603479, "bridge": "yes", "highway": "path", "source": null, "surface": null, "layer": "1", "lanes": null, "maxspeed": null, "ref": null, "ref:old": null, "foot": null, "old_ref": null, "FIXME": null, "name": null, "sac_scale": null, "trail_visibility": null, "motor_vehicle": null, "psv": null }, "geometry": { "type": "LineString", "coordinates": [ [ 79.1074214, 30.3385357 ], [ 79.1074714, 30.3384616 ] ] } },
{ "type": "Feature", "properties": { "element": "way", "id": 1123603482, "bridge": "yes", "highway": "path", "source": null, "surface": null, "layer": "1", "lanes": null, "maxspeed": null, "ref": null, "ref:old": null, "foot": null, "old_ref": null, "FIXME": null, "name": null, "sac_scale": null, "trail_visibility": null, "motor_vehicle": null, "psv": null }, "geometry": { "type": "LineString", "coordinates": [ [ 79.1082076, 30.3391698 ], [ 79.108199, 30.3392926 ] ] } },
{ "type": "Feature", "properties": { "element": "way", "id": 1124682478, "bridge": "yes", "highway": "trunk", "source": null, "surface": null, "layer": "1", "lanes": "2", "maxspeed": "50", "ref": "NH7", "ref:old": "NH58", "foot": null, "old_ref": null, "FIXME": null, "name": null, "sac_scale": null, "trail_visibility": null, "motor_vehicle": null, "psv": null }, "geometry": { "type": "LineString", "coordinates": [ [ 79.0043425, 30.3002345 ], [ 79.0038834, 30.3004117 ] ] } },
{ "type": "Feature", "properties": { "element": "way", "id": 1149724159, "bridge": "yes", "highway": "trunk", "source": null, "surface": null, "layer": "1", "lanes": null, "maxspeed": null, "ref": "NH107", "ref:old": null, "foot": null, "old_ref": null, "FIXME": null, "name": null, "sac_scale": null, "trail_visibility": null, "motor_vehicle": null, "psv": null }, "geometry": { "type": "LineString", "coordinates": [ [ 78.9643365, 30.2759694 ], [ 78.9644172, 30.2758392 ], [ 78.9645234, 30.2757046 ], [ 78.9647408, 30.275464 ], [ 78.9648939, 30.2753119 ], [ 78.9651439, 30.2751047 ] ] } },
{ "type": "Feature", "properties": { "element": "way", "id": 1164068086, "bridge": "yes", "highway": "trunk", "source": null, "surface": null, "layer": "1", "lanes": "2", "maxspeed": "50", "ref": "NH107", "ref:old": "NH109", "foot": null, "old_ref": null, "FIXME": null, "name": null, "sac_scale": null, "trail_visibility": null, "motor_vehicle": "private", "psv": "designated" }, "geometry": { "type": "LineString", "coordinates": [ [ 79.0052195, 30.6373676 ], [ 79.0051459, 30.6373492 ] ] } },
{ "type": "Feature", "properties": { "element": "way", "id": 1215611551, "bridge": "yes", "highway": "track", "source": null, "surface": null, "layer": null, "lanes": null, "maxspeed": null, "ref": null, "ref:old": null, "foot": null, "old_ref": null, "FIXME": null, "name": null, "sac_scale": null, "trail_visibility": null, "motor_vehicle": null, "psv": null }, "geometry": { "type": "LineString", "coordinates": [ [ 78.9852909, 30.4831393 ], [ 78.9854313, 30.4831639 ], [ 78.9856854, 30.4831606 ] ] } },
{ "type": "Feature", "properties": { "element": "way", "id": 1215611571, "bridge": "yes", "highway": "track", "source": null, "surface": null, "layer": null, "lanes": null, "maxspeed": null, "ref": null, "ref:old": null, "foot": null, "old_ref": null, "FIXME": null, "name": null, "sac_scale": null, "trail_visibility": null, "motor_vehicle": null, "psv": null }, "geometry": { "type": "LineString", "coordinates": [ [ 78.9849548, 30.4849999 ], [ 78.9850232, 30.4850045 ], [ 78.9852492, 30.4847231 ] ] } },
{ "type": "Feature", "properties": { "element": "way", "id": 1218709210, "bridge": "yes", "highway": "unclassified", "source": null, "surface": null, "layer": "1", "lanes": null, "maxspeed": null, "ref": null, "ref:old": null, "foot": null, "old_ref": null, "FIXME": null, "name": null, "sac_scale": null, "trail_visibility": null, "motor_vehicle": null, "psv": null }, "geometry": { "type": "LineString", "coordinates": [ [ 79.0971843, 30.3088649 ], [ 79.0969132, 30.3086648 ] ] } },
{ "type": "Feature", "properties": { "element": "way", "id": 1218709212, "bridge": "yes", "highway": "unclassified", "source": null, "surface": null, "layer": "1", "lanes": null, "maxspeed": null, "ref": null, "ref:old": null, "foot": null, "old_ref": null, "FIXME": null, "name": null, "sac_scale": null, "trail_visibility": null, "motor_vehicle": null, "psv": null }, "geometry": { "type": "LineString", "coordinates": [ [ 79.1081161, 30.3067727 ], [ 79.1078294, 30.3068477 ] ] } },
{ "type": "Feature", "properties": { "element": "way", "id": 1218709215, "bridge": "yes", "highway": "unclassified", "source": null, "surface": null, "layer": "1", "lanes": null, "maxspeed": null, "ref": null, "ref:old": null, "foot": null, "old_ref": null, "FIXME": null, "name": null, "sac_scale": null, "trail_visibility": null, "motor_vehicle": null, "psv": null }, "geometry": { "type": "LineString", "coordinates": [ [ 79.1178755, 30.3064172 ], [ 79.1177866, 30.3064429 ] ] } },
{ "type": "Feature", "properties": { "element": "way", "id": 1219015947, "bridge": "yes", "highway": null, "source": null, "surface": null, "layer": null, "lanes": null, "maxspeed": null, "ref": null, "ref:old": null, "foot": null, "old_ref": null, "FIXME": null, "name": null, "sac_scale": null, "trail_visibility": null, "motor_vehicle": null, "psv": null }, "geometry": { "type": "LineString", "coordinates": [ [ 78.9827236, 30.2870113 ], [ 78.982994, 30.2869394 ] ] } },
{ "type": "Feature", "properties": { "element": "way", "id": 1248704548, "bridge": "yes", "highway": "unclassified", "source": null, "surface": null, "layer": "1", "lanes": null, "maxspeed": null, "ref": null, "ref:old": null, "foot": null, "old_ref": null, "FIXME": null, "name": null, "sac_scale": null, "trail_visibility": null, "motor_vehicle": null, "psv": null }, "geometry": { "type": "LineString", "coordinates": [ [ 79.0194445, 30.2002473 ], [ 79.0197265, 30.200404 ] ] } },
{ "type": "Feature", "properties": { "element": "way", "id": 1248704550, "bridge": "yes", "highway": "path", "source": null, "surface": null, "layer": "1", "lanes": null, "maxspeed": null, "ref": null, "ref:old": null, "foot": null, "old_ref": null, "FIXME": null, "name": null, "sac_scale": null, "trail_visibility": null, "motor_vehicle": null, "psv": null }, "geometry": { "type": "LineString", "coordinates": [ [ 78.9999634, 30.1949223 ], [ 78.9999345, 30.1950954 ] ] } },
{ "type": "Feature", "properties": { "element": "way", "id": 1251276542, "bridge": "yes", "highway": "trunk", "source": null, "surface": null, "layer": "1", "lanes": "2", "maxspeed": "50", "ref": "NH107", "ref:old": "NH109", "foot": null, "old_ref": null, "FIXME": null, "name": null, "sac_scale": null, "trail_visibility": null, "motor_vehicle": null, "psv": null }, "geometry": { "type": "LineString", "coordinates": [ [ 79.0529563, 30.4084724 ], [ 79.0530027, 30.4084019 ] ] } },
{ "type": "Feature", "properties": { "element": "way", "id": 1251276548, "bridge": "yes", "highway": "track", "source": null, "surface": null, "layer": "1", "lanes": null, "maxspeed": null, "ref": null, "ref:old": null, "foot": null, "old_ref": null, "FIXME": null, "name": null, "sac_scale": null, "trail_visibility": null, "motor_vehicle": null, "psv": null }, "geometry": { "type": "LineString", "coordinates": [ [ 78.92397, 30.3656854 ], [ 78.9242924, 30.3655337 ] ] } },
{ "type": "Feature", "properties": { "element": "way", "id": 1251276555, "bridge": "yes", "highway": "path", "source": null, "surface": null, "layer": "1", "lanes": null, "maxspeed": null, "ref": null, "ref:old": null, "foot": null, "old_ref": null, "FIXME": null, "name": null, "sac_scale": null, "trail_visibility": null, "motor_vehicle": null, "psv": null }, "geometry": { "type": "LineString", "coordinates": [ [ 78.9815991, 30.3672655 ], [ 78.9816786, 30.3673088 ] ] } },
{ "type": "Feature", "properties": { "element": "way", "id": 1251276557, "bridge": "yes", "highway": "path", "source": null, "surface": null, "layer": "1", "lanes": null, "maxspeed": null, "ref": null, "ref:old": null, "foot": null, "old_ref": null, "FIXME": null, "name": null, "sac_scale": null, "trail_visibility": null, "motor_vehicle": null, "psv": null }, "geometry": { "type": "LineString", "coordinates": [ [ 78.9853691, 30.368642 ], [ 78.985408, 30.3681926 ] ] } },
{ "type": "Feature", "properties": { "element": "way", "id": 1251276574, "bridge": "yes", "highway": "track", "source": null, "surface": null, "layer": "1", "lanes": null, "maxspeed": null, "ref": null, "ref:old": null, "foot": null, "old_ref": null, "FIXME": null, "name": null, "sac_scale": null, "trail_visibility": null, "motor_vehicle": null, "psv": null }, "geometry": { "type": "LineString", "coordinates": [ [ 78.8772687, 30.3885931 ], [ 78.8770454, 30.3886164 ] ] } },
{ "type": "Feature", "properties": { "element": "way", "id": 1251276576, "bridge": "yes", "highway": "unclassified", "source": null, "surface": "asphalt", "layer": "1", "lanes": null, "maxspeed": null, "ref": null, "ref:old": null, "foot": null, "old_ref": null, "FIXME": null, "name": null, "sac_scale": null, "trail_visibility": null, "motor_vehicle": null, "psv": null }, "geometry": { "type": "LineString", "coordinates": [ [ 78.8617457, 30.3818864 ], [ 78.8617648, 30.381804 ] ] } },
{ "type": "Feature", "properties": { "element": "way", "id": 1251276580, "bridge": "yes", "highway": "trunk", "source": null, "surface": null, "layer": "1", "lanes": "2", "maxspeed": "50", "ref": "NH107", "ref:old": "NH109", "foot": null, "old_ref": null, "FIXME": null, "name": null, "sac_scale": null, "trail_visibility": null, "motor_vehicle": null, "psv": null }, "geometry": { "type": "LineString", "coordinates": [ [ 78.9891873, 30.3671491 ], [ 78.9896477, 30.3669288 ] ] } },
{ "type": "Feature", "properties": { "element": "way", "id": 1254105373, "bridge": "yes", "highway": "trunk", "source": null, "surface": null, "layer": "1", "lanes": "2", "maxspeed": "50", "ref": "NH107", "ref:old": "NH109", "foot": null, "old_ref": null, "FIXME": null, "name": null, "sac_scale": null, "trail_visibility": null, "motor_vehicle": null, "psv": null }, "geometry": { "type": "LineString", "coordinates": [ [ 78.9691657, 30.3361461 ], [ 78.9692373, 30.336567 ] ] } },
{ "type": "Feature", "properties": { "element": "way", "id": 1254105382, "bridge": "yes", "highway": "unclassified", "source": "Bing", "surface": null, "layer": "1", "lanes": null, "maxspeed": null, "ref": null, "ref:old": null, "foot": null, "old_ref": null, "FIXME": null, "name": null, "sac_scale": null, "trail_visibility": null, "motor_vehicle": null, "psv": null }, "geometry": { "type": "LineString", "coordinates": [ [ 79.0267485, 30.3193992 ], [ 79.0266661, 30.3194379 ] ] } },
{ "type": "Feature", "properties": { "element": "way", "id": 1254358687, "bridge": "yes", "highway": "track", "source": null, "surface": "asphalt", "layer": "1", "lanes": null, "maxspeed": null, "ref": null, "ref:old": null, "foot": null, "old_ref": null, "FIXME": null, "name": null, "sac_scale": null, "trail_visibility": null, "motor_vehicle": null, "psv": null }, "geometry": { "type": "LineString", "coordinates": [ [ 79.0273474, 30.3197936 ], [ 79.0275629, 30.3198076 ] ] } },
{ "type": "Feature", "properties": { "element": "way", "id": 1280226504, "bridge": "yes", "highway": "construction", "source": null, "surface": null, "layer": "1", "lanes": null, "maxspeed": null, "ref": null, "ref:old": null, "foot": null, "old_ref": null, "FIXME": null, "name": null, "sac_scale": null, "trail_visibility": null, "motor_vehicle": null, "psv": null }, "geometry": { "type": "LineString", "coordinates": [ [ 78.9878701, 30.2957986 ], [ 78.9897017, 30.2950651 ] ] } },
{ "type": "Feature", "properties": { "element": "way", "id": 1280226524, "bridge": "yes", "highway": "trunk", "source": null, "surface": null, "layer": "1", "lanes": null, "maxspeed": null, "ref": "NH107A", "ref:old": null, "foot": null, "old_ref": null, "FIXME": null, "name": null, "sac_scale": null, "trail_visibility": null, "motor_vehicle": null, "psv": null }, "geometry": { "type": "LineString", "coordinates": [ [ 79.0905827, 30.5209557 ], [ 79.0903804, 30.5206728 ] ] } },
{ "type": "Feature", "properties": { "element": "way", "id": 1280226526, "bridge": "yes", "highway": "trunk", "source": null, "surface": null, "layer": "1", "lanes": null, "maxspeed": null, "ref": "NH107A", "ref:old": null, "foot": null, "old_ref": null, "FIXME": null, "name": null, "sac_scale": null, "trail_visibility": null, "motor_vehicle": null, "psv": null }, "geometry": { "type": "LineString", "coordinates": [ [ 79.0938925, 30.5186084 ], [ 79.0939623, 30.5186626 ] ] } },
{ "type": "Feature", "properties": { "element": "way", "id": 1280226529, "bridge": "yes", "highway": "trunk", "source": null, "surface": null, "layer": "1", "lanes": null, "maxspeed": null, "ref": "NH107A", "ref:old": null, "foot": null, "old_ref": null, "FIXME": null, "name": null, "sac_scale": null, "trail_visibility": null, "motor_vehicle": null, "psv": null }, "geometry": { "type": "LineString", "coordinates": [ [ 79.0949468, 30.5194454 ], [ 79.0950204, 30.5195943 ] ] } },
{ "type": "Feature", "properties": { "element": "way", "id": 1280226531, "bridge": "yes", "highway": "unclassified", "source": null, "surface": null, "layer": "1", "lanes": null, "maxspeed": null, "ref": null, "ref:old": null, "foot": null, "old_ref": null, "FIXME": null, "name": null, "sac_scale": null, "trail_visibility": null, "motor_vehicle": null, "psv": null }, "geometry": { "type": "LineString", "coordinates": [ [ 79.0997223, 30.5176582 ], [ 79.0996389, 30.5175561 ] ] } },
{ "type": "Feature", "properties": { "element": "way", "id": 1280226533, "bridge": "yes", "highway": "unclassified", "source": null, "surface": null, "layer": "1", "lanes": null, "maxspeed": null, "ref": null, "ref:old": null, "foot": null, "old_ref": null, "FIXME": null, "name": null, "sac_scale": null, "trail_visibility": null, "motor_vehicle": null, "psv": null }, "geometry": { "type": "LineString", "coordinates": [ [ 79.1004364, 30.5172402 ], [ 79.1003809, 30.5171585 ] ] } },
{ "type": "Feature", "properties": { "element": "way", "id": 1280226536, "bridge": "yes", "highway": "footway", "source": null, "surface": null, "layer": "1", "lanes": null, "maxspeed": null, "ref": null, "ref:old": null, "foot": null, "old_ref": null, "FIXME": null, "name": null, "sac_scale": null, "trail_visibility": null, "motor_vehicle": null, "psv": null }, "geometry": { "type": "LineString", "coordinates": [ [ 79.0980283, 30.5162211 ], [ 79.0980494, 30.5163076 ] ] } },
{ "type": "Feature", "properties": { "element": "way", "id": 1280226539, "bridge": "yes", "highway": "footway", "source": null, "surface": null, "layer": "1", "lanes": null, "maxspeed": null, "ref": null, "ref:old": null, "foot": null, "old_ref": null, "FIXME": null, "name": null, "sac_scale": null, "trail_visibility": null, "motor_vehicle": null, "psv": null }, "geometry": { "type": "LineString", "coordinates": [ [ 79.09567, 30.519338 ], [ 79.0956353, 30.5192619 ] ] } },
{ "type": "Feature", "properties": { "element": "way", "id": 1280226542, "bridge": "yes", "highway": "residential", "source": null, "surface": null, "layer": "1", "lanes": null, "maxspeed": null, "ref": null, "ref:old": null, "foot": null, "old_ref": null, "FIXME": null, "name": null, "sac_scale": null, "trail_visibility": null, "motor_vehicle": null, "psv": null }, "geometry": { "type": "LineString", "coordinates": [ [ 79.0959242, 30.5175883 ], [ 79.0958323, 30.5175482 ] ] } },
{ "type": "Feature", "properties": { "element": "way", "id": 1280226546, "bridge": "yes", "highway": "footway", "source": null, "surface": null, "layer": "1", "lanes": null, "maxspeed": null, "ref": null, "ref:old": null, "foot": null, "old_ref": null, "FIXME": null, "name": null, "sac_scale": null, "trail_visibility": null, "motor_vehicle": null, "psv": null }, "geometry": { "type": "LineString", "coordinates": [ [ 79.0983472, 30.5183959 ], [ 79.0983307, 30.518316 ] ] } },
{ "type": "Feature", "properties": { "element": "way", "id": 1280226549, "bridge": "yes", "highway": "footway", "source": null, "surface": null, "layer": "1", "lanes": null, "maxspeed": null, "ref": null, "ref:old": null, "foot": null, "old_ref": null, "FIXME": null, "name": null, "sac_scale": null, "trail_visibility": null, "motor_vehicle": null, "psv": null }, "geometry": { "type": "LineString", "coordinates": [ [ 79.0971479, 30.5182117 ], [ 79.0971543, 30.5181307 ] ] } },
{ "type": "Feature", "properties": { "element": "way", "id": 1280226550, "bridge": "yes", "highway": "footway", "source": null, "surface": null, "layer": "1", "lanes": null, "maxspeed": null, "ref": null, "ref:old": null, "foot": null, "old_ref": null, "FIXME": null, "name": null, "sac_scale": null, "trail_visibility": null, "motor_vehicle": null, "psv": null }, "geometry": { "type": "LineString", "coordinates": [ [ 79.0985203, 30.5182954 ], [ 79.0985153, 30.5183762 ] ] } },
{ "type": "Feature", "properties": { "element": "way", "id": 1280226566, "bridge": "yes", "highway": "footway", "source": null, "surface": null, "layer": "1", "lanes": null, "maxspeed": null, "ref": null, "ref:old": null, "foot": null, "old_ref": null, "FIXME": null, "name": null, "sac_scale": null, "trail_visibility": null, "motor_vehicle": null, "psv": null }, "geometry": { "type": "LineString", "coordinates": [ [ 79.0797381, 30.5545651 ], [ 79.0791739, 30.5544838 ] ] } },
{ "type": "Feature", "properties": { "element": "way", "id": 1280226570, "bridge": "yes", "highway": "path", "source": null, "surface": null, "layer": "1", "lanes": null, "maxspeed": null, "ref": null, "ref:old": null, "foot": null, "old_ref": null, "FIXME": null, "name": null, "sac_scale": null, "trail_visibility": null, "motor_vehicle": null, "psv": null }, "geometry": { "type": "LineString", "coordinates": [ [ 79.0784649, 30.5462027 ], [ 79.0785476, 30.5461585 ] ] } },
{ "type": "Feature", "properties": { "element": "way", "id": 1280226574, "bridge": "yes", "highway": "footway", "source": null, "surface": "concrete", "layer": "1", "lanes": null, "maxspeed": null, "ref": null, "ref:old": null, "foot": null, "old_ref": null, "FIXME": null, "name": null, "sac_scale": null, "trail_visibility": null, "motor_vehicle": null, "psv": null }, "geometry": { "type": "LineString", "coordinates": [ [ 79.0783653, 30.5431875 ], [ 79.0783653, 30.5431055 ] ] } },
{ "type": "Feature", "properties": { "element": "way", "id": 1280226582, "bridge": "yes", "highway": "footway", "source": null, "surface": null, "layer": "1", "lanes": null, "maxspeed": null, "ref": null, "ref:old": null, "foot": null, "old_ref": null, "FIXME": null, "name": null, "sac_scale": null, "trail_visibility": null, "motor_vehicle": null, "psv": null }, "geometry": { "type": "LineString", "coordinates": [ [ 79.085231, 30.5617137 ], [ 79.0848276, 30.5619595 ] ] } },
{ "type": "Feature", "properties": { "element": "way", "id": 1280241088, "bridge": "yes", "highway": "path", "source": null, "surface": null, "layer": "1", "lanes": null, "maxspeed": null, "ref": null, "ref:old": null, "foot": null, "old_ref": null, "FIXME": null, "name": null, "sac_scale": null, "trail_visibility": null, "motor_vehicle": null, "psv": null }, "geometry": { "type": "LineString", "coordinates": [ [ 78.8486133, 30.4123125 ], [ 78.8484687, 30.4121122 ] ] } },
{ "type": "Feature", "properties": { "element": "way", "id": 1280241091, "bridge": "yes", "highway": "path", "source": null, "surface": null, "layer": "1", "lanes": null, "maxspeed": null, "ref": null, "ref:old": null, "foot": null, "old_ref": null, "FIXME": null, "name": null, "sac_scale": null, "trail_visibility": null, "motor_vehicle": null, "psv": null }, "geometry": { "type": "LineString", "coordinates": [ [ 78.8624268, 30.3997944 ], [ 78.8623305, 30.3998054 ] ] } },
{ "type": "Feature", "properties": { "element": "way", "id": 1280241094, "bridge": "yes", "highway": "footway", "source": null, "surface": "concrete", "layer": "1", "lanes": null, "maxspeed": null, "ref": null, "ref:old": null, "foot": null, "old_ref": null, "FIXME": null, "name": null, "sac_scale": null, "trail_visibility": null, "motor_vehicle": null, "psv": null }, "geometry": { "type": "LineString", "coordinates": [ [ 78.8611795, 30.4030747 ], [ 78.8612883, 30.4030796 ] ] } },
{ "type": "Feature", "properties": { "element": "way", "id": 1280241103, "bridge": "yes", "highway": "path", "source": null, "surface": null, "layer": "1", "lanes": null, "maxspeed": null, "ref": null, "ref:old": null, "foot": null, "old_ref": null, "FIXME": null, "name": null, "sac_scale": null, "trail_visibility": null, "motor_vehicle": null, "psv": null }, "geometry": { "type": "LineString", "coordinates": [ [ 78.8689307, 30.4012058 ], [ 78.8689006, 30.4012857 ] ] } },
{ "type": "Feature", "properties": { "element": "way", "id": 1302192068, "bridge": "yes", "highway": "trunk", "source": null, "surface": null, "layer": "1", "lanes": "2", "maxspeed": "50", "ref": "NH7", "ref:old": "NH58", "foot": null, "old_ref": null, "FIXME": null, "name": null, "sac_scale": null, "trail_visibility": null, "motor_vehicle": null, "psv": null }, "geometry": { "type": "LineString", "coordinates": [ [ 78.9864756, 30.2882619 ], [ 78.9862848, 30.2878384 ] ] } },
{ "type": "Feature", "properties": { "element": "way", "id": 1339360622, "bridge": "yes", "highway": "unclassified", "source": null, "surface": null, "layer": "1", "lanes": null, "maxspeed": null, "ref": null, "ref:old": null, "foot": null, "old_ref": null, "FIXME": null, "name": null, "sac_scale": null, "trail_visibility": null, "motor_vehicle": null, "psv": null }, "geometry": { "type": "LineString", "coordinates": [ [ 79.0890768, 30.3660553 ], [ 79.0891975, 30.3660461 ] ] } },
{ "type": "Feature", "properties": { "element": "way", "id": 1339485309, "bridge": "yes", "highway": "footway", "source": "Bing", "surface": null, "layer": "1", "lanes": null, "maxspeed": null, "ref": null, "ref:old": null, "foot": null, "old_ref": null, "FIXME": null, "name": null, "sac_scale": null, "trail_visibility": null, "motor_vehicle": null, "psv": null }, "geometry": { "type": "LineString", "coordinates": [ [ 79.0636343, 30.7375935 ], [ 79.0636597, 30.7375157 ] ] } },
{ "type": "Feature", "properties": { "element": "way", "id": 1339485313, "bridge": "yes", "highway": "footway", "source": null, "surface": null, "layer": "1", "lanes": null, "maxspeed": null, "ref": null, "ref:old": null, "foot": null, "old_ref": null, "FIXME": null, "name": null, "sac_scale": null, "trail_visibility": null, "motor_vehicle": null, "psv": null }, "geometry": { "type": "LineString", "coordinates": [ [ 79.0675518, 30.715481 ], [ 79.0676462, 30.7154928 ] ] } },
{ "type": "Feature", "properties": { "element": "way", "id": 1339485316, "bridge": "yes", "highway": "bridleway", "source": "Bing", "surface": null, "layer": "1", "lanes": null, "maxspeed": null, "ref": "NH109", "ref:old": null, "foot": "yes", "old_ref": null, "FIXME": null, "name": null, "sac_scale": null, "trail_visibility": null, "motor_vehicle": null, "psv": null }, "geometry": { "type": "LineString", "coordinates": [ [ 79.0648112, 30.7109703 ], [ 79.0648854, 30.7110221 ] ] } },
{ "type": "Feature", "properties": { "element": "way", "id": 1339485318, "bridge": "yes", "highway": "bridleway", "source": "Bing", "surface": null, "layer": "1", "lanes": null, "maxspeed": null, "ref": "NH109", "ref:old": null, "foot": "yes", "old_ref": null, "FIXME": null, "name": null, "sac_scale": null, "trail_visibility": null, "motor_vehicle": null, "psv": null }, "geometry": { "type": "LineString", "coordinates": [ [ 79.0663045, 30.713544 ], [ 79.0663973, 30.7135321 ] ] } },
{ "type": "Feature", "properties": { "element": "way", "id": 1339591559, "bridge": "yes", "highway": "unclassified", "source": null, "surface": null, "layer": "1", "lanes": null, "maxspeed": null, "ref": null, "ref:old": null, "foot": null, "old_ref": null, "FIXME": null, "name": null, "sac_scale": null, "trail_visibility": null, "motor_vehicle": null, "psv": null }, "geometry": { "type": "LineString", "coordinates": [ [ 79.05457, 30.5110515 ], [ 79.0544449, 30.5109924 ], [ 79.0543319, 30.5109298 ] ] } },
{ "type": "Feature", "properties": { "element": "way", "id": 1339591692, "bridge": "yes", "highway": "unclassified", "source": null, "surface": null, "layer": "1", "lanes": null, "maxspeed": null, "ref": null, "ref:old": null, "foot": null, "old_ref": null, "FIXME": null, "name": null, "sac_scale": null, "trail_visibility": null, "motor_vehicle": null, "psv": null }, "geometry": { "type": "LineString", "coordinates": [ [ 79.0651651, 30.5157606 ], [ 79.0650954, 30.5155763 ] ] } },
{ "type": "Feature", "properties": { "element": "way", "id": 1339817378, "bridge": "yes", "highway": "pedestrian", "source": null, "surface": null, "layer": "1", "lanes": null, "maxspeed": null, "ref": null, "ref:old": null, "foot": null, "old_ref": null, "FIXME": null, "name": null, "sac_scale": null, "trail_visibility": null, "motor_vehicle": null, "psv": null }, "geometry": { "type": "LineString", "coordinates": [ [ 79.068323, 30.7332278 ], [ 79.0684104, 30.7332313 ] ] } },
{ "type": "Feature", "properties": { "element": "way", "id": 1340251928, "bridge": "yes", "highway": "footway", "source": "Bing", "surface": null, "layer": "1", "lanes": null, "maxspeed": null, "ref": null, "ref:old": null, "foot": null, "old_ref": null, "FIXME": null, "name": "Chorabari Tal Road", "sac_scale": null, "trail_visibility": null, "motor_vehicle": null, "psv": null }, "geometry": { "type": "LineString", "coordinates": [ [ 79.0654372, 30.7330366 ], [ 79.0654428, 30.7329577 ] ] } },
{ "type": "Feature", "properties": { "element": "way", "id": 1354963548, "bridge": "yes", "highway": "secondary", "source": "GPS", "surface": "asphalt", "layer": "1", "lanes": null, "maxspeed": null, "ref": "SH 15", "ref:old": null, "foot": null, "old_ref": null, "FIXME": null, "name": null, "sac_scale": null, "trail_visibility": null, "motor_vehicle": null, "psv": null }, "geometry": { "type": "LineString", "coordinates": [ [ 78.8914271, 30.3743189 ], [ 78.8915026, 30.3743007 ] ] } },
{ "type": "Feature", "properties": { "element": "way", "id": 1390759366, "bridge": "yes", "highway": "unclassified", "source": null, "surface": null, "layer": "1", "lanes": null, "maxspeed": null, "ref": null, "ref:old": null, "foot": null, "old_ref": null, "FIXME": null, "name": null, "sac_scale": null, "trail_visibility": null, "motor_vehicle": null, "psv": null }, "geometry": { "type": "LineString", "coordinates": [ [ 79.0580562, 30.3595092 ], [ 79.0581586, 30.3595845 ] ] } },
{ "type": "Feature", "properties": { "element": "way", "id": 1390763425, "bridge": "yes", "highway": "unclassified", "source": null, "surface": null, "layer": "1", "lanes": null, "maxspeed": null, "ref": null, "ref:old": null, "foot": null, "old_ref": null, "FIXME": null, "name": null, "sac_scale": null, "trail_visibility": null, "motor_vehicle": null, "psv": null }, "geometry": { "type": "LineString", "coordinates": [ [ 79.069085, 30.3531298 ], [ 79.0692462, 30.3530463 ] ] } },
{ "type": "Feature", "properties": { "element": "way", "id": 1445982496, "bridge": "yes", "highway": "trunk", "source": null, "surface": null, "layer": "1", "lanes": "2", "maxspeed": "50", "ref": "NH7", "ref:old": "NH58", "foot": null, "old_ref": null, "FIXME": null, "name": null, "sac_scale": null, "trail_visibility": null, "motor_vehicle": null, "psv": null }, "geometry": { "type": "LineString", "coordinates": [ [ 79.0273542, 30.3017432 ], [ 79.0262704, 30.3013208 ] ] } },
{ "type": "Feature", "properties": { "element": "way", "id": 1500249238, "bridge": "yes", "highway": "path", "source": null, "surface": null, "layer": "1", "lanes": null, "maxspeed": null, "ref": null, "ref:old": null, "foot": null, "old_ref": null, "FIXME": null, "name": null, "sac_scale": null, "trail_visibility": null, "motor_vehicle": null, "psv": null }, "geometry": { "type": "LineString", "coordinates": [ [ 79.0657238, 30.7334788 ], [ 79.0655409, 30.7333949 ] ] } },
{ "type": "Feature", "properties": { "element": "way", "id": 1500249239, "bridge": "yes", "highway": "pedestrian", "source": null, "surface": null, "layer": "1", "lanes": null, "maxspeed": null, "ref": null, "ref:old": null, "foot": null, "old_ref": null, "FIXME": null, "name": "Bhairavnath  Temple Road", "sac_scale": null, "trail_visibility": null, "motor_vehicle": null, "psv": null }, "geometry": { "type": "LineString", "coordinates": [ [ 79.0682123, 30.7355022 ], [ 79.0682921, 30.7354955 ] ] } },
{ "type": "Feature", "properties": { "element": "way", "id": 1500249242, "bridge": "yes", "highway": "pedestrian", "source": null, "surface": null, "layer": "1", "lanes": null, "maxspeed": null, "ref": null, "ref:old": null, "foot": null, "old_ref": null, "FIXME": null, "name": null, "sac_scale": null, "trail_visibility": null, "motor_vehicle": null, "psv": null }, "geometry": { "type": "LineString", "coordinates": [ [ 79.0684424, 30.7322516 ], [ 79.0684221, 30.7323305 ] ] } },
{ "type": "Feature", "properties": { "element": "way", "id": 1500249244, "bridge": "yes", "highway": "bridleway", "source": null, "surface": null, "layer": "1", "lanes": null, "maxspeed": null, "ref": null, "ref:old": null, "foot": "yes", "old_ref": null, "FIXME": null, "name": "Gaurikund Kedarnath Trek", "sac_scale": null, "trail_visibility": null, "motor_vehicle": null, "psv": null }, "geometry": { "type": "LineString", "coordinates": [ [ 79.0681536, 30.73029 ], [ 79.0681377, 30.7303706 ] ] } },
{ "type": "Feature", "properties": { "element": "way", "id": 1500249246, "bridge": "yes", "highway": "bridleway", "source": "Bing", "surface": null, "layer": "1", "lanes": null, "maxspeed": null, "ref": "NH109", "ref:old": null, "foot": "yes", "old_ref": null, "FIXME": null, "name": null, "sac_scale": null, "trail_visibility": null, "motor_vehicle": null, "psv": null }, "geometry": { "type": "LineString", "coordinates": [ [ 79.0658146, 30.7325067 ], [ 79.0659417, 30.7326535 ] ] } },
{ "type": "Feature", "properties": { "element": "way", "id": 1530304840, "bridge": "yes", "highway": "path", "source": null, "surface": null, "layer": "1", "lanes": null, "maxspeed": null, "ref": null, "ref:old": null, "foot": null, "old_ref": null, "FIXME": null, "name": null, "sac_scale": null, "trail_visibility": null, "motor_vehicle": null, "psv": null }, "geometry": { "type": "LineString", "coordinates": [ [ 79.0361665, 30.3203395 ], [ 79.0362606, 30.3203424 ] ] } },
{ "type": "Feature", "properties": { "element": "way", "id": 1530304842, "bridge": "yes", "highway": "path", "source": null, "surface": null, "layer": "1", "lanes": null, "maxspeed": null, "ref": null, "ref:old": null, "foot": null, "old_ref": null, "FIXME": null, "name": null, "sac_scale": null, "trail_visibility": null, "motor_vehicle": null, "psv": null }, "geometry": { "type": "LineString", "coordinates": [ [ 79.0363374, 30.3209267 ], [ 79.0362437, 30.3209221 ] ] } },
{ "type": "Feature", "properties": { "element": "way", "id": 1530304844, "bridge": "yes", "highway": "path", "source": null, "surface": null, "layer": "1", "lanes": null, "maxspeed": null, "ref": null, "ref:old": null, "foot": null, "old_ref": null, "FIXME": null, "name": null, "sac_scale": null, "trail_visibility": null, "motor_vehicle": null, "psv": null }, "geometry": { "type": "LineString", "coordinates": [ [ 79.039741, 30.3349507 ], [ 79.0397624, 30.3348717 ] ] } },
{ "type": "Feature", "properties": { "element": "way", "id": 1530304846, "bridge": "yes", "highway": "path", "source": null, "surface": null, "layer": "1", "lanes": null, "maxspeed": null, "ref": null, "ref:old": null, "foot": null, "old_ref": null, "FIXME": null, "name": null, "sac_scale": null, "trail_visibility": null, "motor_vehicle": null, "psv": null }, "geometry": { "type": "LineString", "coordinates": [ [ 79.0401134, 30.3302997 ], [ 79.039997, 30.3302792 ] ] } }
]
}
