{
"type": "FeatureCollection",
"name": "routes_udayakani",
"crs": { "type": "name", "properties": { "name": "urn:ogc:def:crs:OGC:1.3:CRS84" } },
"features": [
{ "type": "Feature", "properties": { "village": "Udayakani", "site": "Puri" }, "geometry": { "type": "LineString", "coordinates": [ [ 86.287179, 19.9767935 ], [ 86.2869094, 19.9770393 ], [ 86.2865272, 19.9773595 ], [ 86.2864669, 19.9774086 ], [ 86.2861142, 19.9775964 ], [ 86.2860538, 19.9776254 ], [ 86.2855831, 19.9777653 ], [ 86.284533, 19.9779733 ], [ 86.2839282, 19.9780741 ], [ 86.2837981, 19.9780716 ], [ 86.2834816, 19.9779859 ], [ 86.2833884, 19.9779495 ], [ 86.2829019, 19.977684 ], [ 86.2818786, 19.9770683 ], [ 86.2817261, 19.976968 ], [ 86.2815588, 19.9769117 ], [ 86.2811934, 19.976867 ], [ 86.2803424, 19.976858 ], [ 86.279815, 19.9768432 ], [ 86.2794439, 19.9768395 ], [ 86.27909, 19.9768218 ], [ 86.2787623, 19.9768013 ], [ 86.2784398, 19.9767716 ], [ 86.2778834, 19.9766569 ], [ 86.2778203, 19.9766489 ], [ 86.2775449, 19.976614 ], [ 86.2773405, 19.9766036 ], [ 86.277104, 19.9766187 ], [ 86.2769496, 19.9766383 ], [ 86.2767686, 19.9766751 ], [ 86.2763475, 19.9767865 ], [ 86.2761293, 19.9768442 ], [ 86.275487, 19.9770577 ], [ 86.273673, 19.9776616 ], [ 86.2735905, 19.9776884 ], [ 86.273398, 19.9777409 ], [ 86.273212, 19.9777774 ], [ 86.2717436, 19.9780047 ], [ 86.2715129, 19.9780783 ], [ 86.2713982, 19.9781412 ], [ 86.2713045, 19.9782144 ], [ 86.2712354, 19.9782913 ], [ 86.2711801, 19.9784318 ], [ 86.2710825, 19.9786515 ], [ 86.270992, 19.9787611 ], [ 86.2708733, 19.9788706 ], [ 86.2706067, 19.9790641 ], [ 86.2705864, 19.9790748 ], [ 86.2704435, 19.9791503 ], [ 86.2702898, 19.979219 ], [ 86.2701263, 19.9792708 ], [ 86.2699129, 19.9793307 ], [ 86.2693004, 19.979454 ], [ 86.2686698, 19.9795917 ], [ 86.2685763, 19.9794913 ], [ 86.2684881, 19.9793965 ], [ 86.2683442, 19.979227 ], [ 86.2682723, 19.9791423 ], [ 86.2678896, 19.9786248 ], [ 86.2678081, 19.9785298 ], [ 86.2677701, 19.9784968 ], [ 86.2677308, 19.9784642 ], [ 86.2672038, 19.9780592 ], [ 86.2670988, 19.9779766 ], [ 86.2669559, 19.9778885 ], [ 86.2668244, 19.9778365 ], [ 86.2666705, 19.9778262 ], [ 86.2665664, 19.9778393 ], [ 86.2664481, 19.977879 ], [ 86.2663104, 19.9779434 ], [ 86.2660847, 19.9780494 ], [ 86.2658909, 19.9781307 ], [ 86.2657787, 19.9781733 ], [ 86.2656096, 19.9782372 ], [ 86.2654011, 19.9783115 ], [ 86.264481, 19.9785769 ], [ 86.2635343, 19.9788161 ], [ 86.2634504, 19.9788368 ], [ 86.2626492, 19.9790525 ], [ 86.2623647, 19.9791247 ], [ 86.2622366, 19.9791587 ], [ 86.2621606, 19.9791789 ], [ 86.2617606, 19.9792933 ], [ 86.2616094, 19.9793363 ], [ 86.2611255, 19.9794769 ], [ 86.2610062, 19.9795142 ], [ 86.2604505, 19.9796528 ], [ 86.2594291, 19.9799065 ], [ 86.2587398, 19.980075 ], [ 86.2580161, 19.9802782 ], [ 86.2572498, 19.9804696 ], [ 86.2551924, 19.9810155 ], [ 86.2544566, 19.9812579 ], [ 86.2543876, 19.98129 ], [ 86.2543323, 19.9813173 ], [ 86.2542796, 19.98134 ], [ 86.2541887, 19.981388 ], [ 86.2539067, 19.9815326 ], [ 86.2538868, 19.981544 ], [ 86.2538045, 19.9815918 ], [ 86.253791, 19.9815995 ], [ 86.2521292, 19.9825224 ], [ 86.2506806, 19.9833638 ], [ 86.2492025, 19.9841914 ], [ 86.2482236, 19.9847193 ], [ 86.245306, 19.9863813 ], [ 86.2395987, 19.9895845 ], [ 86.2393101, 19.98927 ], [ 86.2384862, 19.9883359 ], [ 86.2376788, 19.9875205 ], [ 86.2375876, 19.9873913 ], [ 86.2375206, 19.987298 ], [ 86.2374755, 19.987206 ], [ 86.2372892, 19.9868263 ], [ 86.2372514, 19.9867495 ], [ 86.2371978, 19.9866727 ], [ 86.2370888, 19.986514 ], [ 86.2366257, 19.9861457 ], [ 86.236552, 19.9860908 ], [ 86.2364442, 19.9860296 ], [ 86.236344, 19.9859901 ], [ 86.2362212, 19.9859719 ], [ 86.2354455, 19.9859095 ], [ 86.2352631, 19.9859018 ], [ 86.2350625, 19.9859153 ], [ 86.23474, 19.9859481 ], [ 86.2346573, 19.9859507 ], [ 86.2346156, 19.9859452 ], [ 86.2345759, 19.985932 ], [ 86.2337522, 19.9855447 ], [ 86.2336634, 19.9854955 ], [ 86.2335747, 19.9854348 ], [ 86.2335037, 19.985375 ], [ 86.2334693, 19.9853426 ], [ 86.2334428, 19.9853128 ], [ 86.2331972, 19.9850132 ], [ 86.233145, 19.9849396 ], [ 86.2330981, 19.9848508 ], [ 86.232938, 19.9844928 ], [ 86.2329179, 19.9844579 ], [ 86.2328875, 19.9844337 ], [ 86.2328198, 19.9844083 ], [ 86.2327825, 19.9843961 ], [ 86.2327261, 19.9843747 ], [ 86.2326973, 19.9843583 ], [ 86.2326832, 19.9843413 ], [ 86.2314284, 19.9843022 ], [ 86.2310303, 19.9842014 ], [ 86.2307766, 19.9841284 ], [ 86.2302265, 19.9840785 ], [ 86.2298325, 19.9840427 ], [ 86.2287838, 19.9840322 ], [ 86.2286321, 19.9840205 ], [ 86.2284967, 19.9839973 ], [ 86.227853, 19.9837755 ], [ 86.2273185, 19.9835109 ], [ 86.2271324, 19.983432 ], [ 86.2269996, 19.9833992 ], [ 86.2268875, 19.983386 ], [ 86.2265731, 19.9833513 ], [ 86.2263773, 19.9833085 ], [ 86.2254517, 19.9831245 ], [ 86.2252972, 19.9830694 ], [ 86.2251818, 19.9829518 ], [ 86.2251434, 19.982888 ], [ 86.2251131, 19.9828166 ], [ 86.2250934, 19.9826932 ], [ 86.2250736, 19.9825011 ], [ 86.2250565, 19.9823643 ], [ 86.2250224, 19.9822205 ], [ 86.2249543, 19.9821173 ], [ 86.2247849, 19.9819914 ], [ 86.2247357, 19.9819176 ], [ 86.2247048, 19.9817728 ], [ 86.2245949, 19.981141 ], [ 86.2243172, 19.9798342 ], [ 86.2243029, 19.9797357 ], [ 86.2243286, 19.9796655 ], [ 86.2244691, 19.9793692 ], [ 86.2244906, 19.979279 ], [ 86.2244876, 19.9791946 ], [ 86.2244613, 19.9790614 ], [ 86.2242858, 19.9784867 ], [ 86.2240773, 19.9781479 ], [ 86.2237984, 19.9776816 ], [ 86.2235923, 19.9773219 ], [ 86.2235665, 19.9772801 ], [ 86.2235248, 19.9772607 ], [ 86.2234891, 19.9772647 ], [ 86.2234533, 19.9772785 ], [ 86.2225038, 19.9779358 ], [ 86.2224365, 19.9779821 ], [ 86.2223323, 19.9780168 ], [ 86.2222266, 19.9780168 ], [ 86.221933, 19.9779527 ], [ 86.2218806, 19.9779412 ], [ 86.2217518, 19.9779337 ], [ 86.2216118, 19.9779426 ], [ 86.2214618, 19.9779795 ], [ 86.2206908, 19.9782468 ], [ 86.22059, 19.9782836 ], [ 86.2205542, 19.9782929 ], [ 86.2204256, 19.9783269 ], [ 86.2202355, 19.9783537 ], [ 86.2197425, 19.9783879 ], [ 86.2193781, 19.9784101 ], [ 86.2191989, 19.9783789 ], [ 86.2191527, 19.9783563 ], [ 86.2191203, 19.9783109 ], [ 86.2191103, 19.9782535 ], [ 86.2190923, 19.9781937 ], [ 86.2190736, 19.9781651 ], [ 86.2190326, 19.9781404 ], [ 86.2189945, 19.9781281 ], [ 86.2189483, 19.9781253 ], [ 86.2186474, 19.9782203 ], [ 86.2178864, 19.9785363 ], [ 86.2176922, 19.9786378 ], [ 86.2175832, 19.9786948 ], [ 86.2172883, 19.978849 ], [ 86.2172104, 19.9788756 ], [ 86.2171397, 19.9788822 ], [ 86.2170724, 19.9788723 ], [ 86.2169733, 19.9788457 ], [ 86.2169202, 19.9788323 ], [ 86.2168636, 19.9788357 ], [ 86.2164672, 19.9789388 ], [ 86.2163823, 19.9789454 ], [ 86.2163256, 19.9789355 ], [ 86.2162832, 19.9789089 ], [ 86.2162584, 19.9788789 ], [ 86.2162478, 19.9788423 ], [ 86.216223, 19.9784897 ], [ 86.2145095, 19.9787971 ], [ 86.2135239, 19.9789567 ], [ 86.2132585, 19.9790166 ], [ 86.2131204, 19.9790598 ], [ 86.2128479, 19.9791596 ], [ 86.21277, 19.9791929 ], [ 86.2127063, 19.9792062 ], [ 86.2126249, 19.9792128 ], [ 86.2114676, 19.9792428 ], [ 86.2103528, 19.9792727 ], [ 86.2102431, 19.9792627 ], [ 86.2101617, 19.9792494 ], [ 86.2095671, 19.9790698 ], [ 86.209429, 19.9790465 ], [ 86.2093123, 19.9790499 ], [ 86.2091707, 19.9790698 ], [ 86.209061, 19.9790997 ], [ 86.2089902, 19.9791363 ], [ 86.2088026, 19.9792694 ], [ 86.208661, 19.9793791 ], [ 86.2086009, 19.9794191 ], [ 86.208523, 19.9794556 ], [ 86.2083991, 19.9794989 ], [ 86.2082363, 19.9795521 ], [ 86.208162, 19.9795887 ], [ 86.2078755, 19.9797525 ], [ 86.2073692, 19.9799512 ], [ 86.2072135, 19.9799812 ], [ 86.207125, 19.9799779 ], [ 86.2070684, 19.9799612 ], [ 86.2070118, 19.9799246 ], [ 86.2067923, 19.9796951 ], [ 86.2062225, 19.9791064 ], [ 86.2061517, 19.9790532 ], [ 86.2060987, 19.9790332 ], [ 86.2060314, 19.9790365 ], [ 86.2059606, 19.9790499 ], [ 86.2057447, 19.979133 ], [ 86.2056492, 19.9791563 ], [ 86.2055713, 19.9791596 ], [ 86.2052174, 19.9791363 ], [ 86.2050971, 19.9791363 ], [ 86.205044, 19.979153 ], [ 86.2050121, 19.9791829 ], [ 86.2049838, 19.9792295 ], [ 86.2047892, 19.979592 ], [ 86.2045143, 19.9799814 ], [ 86.2041882, 19.9797922 ], [ 86.2039606, 19.9796621 ], [ 86.2039403, 19.9796874 ], [ 86.2039141, 19.9797091 ], [ 86.2020934, 19.9804772 ], [ 86.201555, 19.9807101 ], [ 86.2005859, 19.9810898 ], [ 86.2005346, 19.9811183 ], [ 86.2004902, 19.9811622 ], [ 86.2003834, 19.9813288 ], [ 86.2003296, 19.9812968 ], [ 86.2000683, 19.9811521 ], [ 86.1999183, 19.9810425 ], [ 86.1998498, 19.9809655 ], [ 86.1998061, 19.9808949 ], [ 86.199616, 19.9803301 ], [ 86.1995734, 19.9802588 ], [ 86.1995317, 19.9802103 ], [ 86.1994751, 19.9801608 ], [ 86.1992495, 19.9799907 ], [ 86.1990772, 19.9798608 ], [ 86.1988792, 19.9797414 ], [ 86.1986041, 19.979589 ], [ 86.1981205, 19.9793736 ], [ 86.1976595, 19.9791045 ], [ 86.1974414, 19.9789503 ], [ 86.1971993, 19.9787363 ], [ 86.19687, 19.9783867 ], [ 86.1966393, 19.9780917 ], [ 86.1962635, 19.977387 ], [ 86.1959728, 19.9767911 ], [ 86.1954328, 19.9757055 ], [ 86.1954077, 19.9756565 ], [ 86.1953622, 19.9755566 ], [ 86.1953062, 19.9754344 ], [ 86.1950934, 19.9746873 ], [ 86.1949534, 19.9742512 ], [ 86.1947291, 19.9730778 ], [ 86.1946618, 19.9727626 ], [ 86.1944197, 19.9714071 ], [ 86.1943455, 19.9710813 ], [ 86.1941141, 19.9700652 ], [ 86.1940616, 19.9697952 ], [ 86.1940438, 19.9695197 ], [ 86.1940503, 19.9694023 ], [ 86.1940783, 19.9692588 ], [ 86.1941406, 19.9691223 ], [ 86.1944448, 19.9686041 ], [ 86.1945147, 19.9684863 ], [ 86.194571, 19.9683641 ], [ 86.1945805, 19.9683045 ], [ 86.1945763, 19.9681921 ], [ 86.1945628, 19.968082 ], [ 86.1942662, 19.9671631 ], [ 86.1942341, 19.9670298 ], [ 86.1942259, 19.9669241 ], [ 86.1942442, 19.9667605 ], [ 86.1942746, 19.966551 ], [ 86.1942722, 19.9664989 ], [ 86.1942574, 19.9664497 ], [ 86.1942291, 19.9663873 ], [ 86.1941856, 19.966317 ], [ 86.193885, 19.9658989 ], [ 86.193782, 19.9657253 ], [ 86.1936848, 19.9655587 ], [ 86.193618, 19.9654481 ], [ 86.1933969, 19.9651158 ], [ 86.1933522, 19.9650252 ], [ 86.1933082, 19.9649084 ], [ 86.1931131, 19.9641944 ], [ 86.192943, 19.9632269 ], [ 86.1929009, 19.9630833 ], [ 86.1927876, 19.9625993 ], [ 86.1927487, 19.9624842 ], [ 86.1926244, 19.9622071 ], [ 86.1925594, 19.9620227 ], [ 86.1925353, 19.9619261 ], [ 86.1925278, 19.9618864 ], [ 86.192488, 19.9616071 ], [ 86.1924745, 19.961553 ], [ 86.1924388, 19.9614798 ], [ 86.1924075, 19.9614184 ], [ 86.1922894, 19.9612307 ], [ 86.1917817, 19.9605444 ], [ 86.1917058, 19.9604275 ], [ 86.191452, 19.9600491 ], [ 86.1913687, 19.9599066 ], [ 86.1913217, 19.9598019 ], [ 86.1912386, 19.959612 ], [ 86.1909553, 19.9589643 ], [ 86.1908432, 19.9587354 ], [ 86.1906742, 19.9584234 ], [ 86.1905693, 19.9582509 ], [ 86.1904824, 19.9581221 ], [ 86.1903789, 19.958009 ], [ 86.1902733, 19.9578987 ], [ 86.1899566, 19.9576008 ], [ 86.1898427, 19.9575048 ], [ 86.1897215, 19.9573856 ], [ 86.189617, 19.9572573 ], [ 86.1895762, 19.9572023 ], [ 86.189487, 19.9570821 ], [ 86.1893001, 19.9567514 ], [ 86.1887987, 19.9558641 ], [ 86.1880692, 19.954649 ], [ 86.1880092, 19.9545343 ], [ 86.1879869, 19.9544479 ], [ 86.1879209, 19.9539467 ], [ 86.1878904, 19.953812 ], [ 86.1878496, 19.9537081 ], [ 86.1877937, 19.9536042 ], [ 86.1877264, 19.9534938 ], [ 86.1876181, 19.9533855 ], [ 86.1875606, 19.9533327 ], [ 86.1874279, 19.9532837 ], [ 86.1870286, 19.9531667 ], [ 86.1869526, 19.9531579 ], [ 86.1868411, 19.9531611 ], [ 86.1867271, 19.9531775 ], [ 86.186636, 19.953184 ], [ 86.1865643, 19.9531731 ], [ 86.1864904, 19.9531466 ], [ 86.186423, 19.9531118 ], [ 86.1863766, 19.953073 ], [ 86.1863234, 19.953023 ], [ 86.1862793, 19.9529545 ], [ 86.1862373, 19.9528565 ], [ 86.1862224, 19.9527835 ], [ 86.1862087, 19.9524984 ], [ 86.1861897, 19.9521021 ], [ 86.1861773, 19.9519667 ], [ 86.1861584, 19.9518638 ], [ 86.1861269, 19.951765 ], [ 86.1860182, 19.9515615 ], [ 86.1859583, 19.9514795 ], [ 86.185766, 19.9512661 ], [ 86.185695, 19.9511868 ], [ 86.1856314, 19.9510986 ], [ 86.1855164, 19.9508965 ], [ 86.1854691, 19.9508032 ], [ 86.1854278, 19.950692 ], [ 86.1854063, 19.9505824 ], [ 86.1853908, 19.9504563 ], [ 86.1853681, 19.9498724 ], [ 86.1853387, 19.9497455 ], [ 86.1852941, 19.9496685 ], [ 86.185251, 19.9496275 ], [ 86.1852115, 19.9495928 ], [ 86.1851534, 19.9495691 ], [ 86.1850809, 19.9495513 ], [ 86.1850124, 19.9495292 ], [ 86.1849619, 19.9495055 ], [ 86.1846178, 19.9492875 ], [ 86.1845393, 19.9492099 ], [ 86.1844721, 19.9490807 ], [ 86.1844153, 19.9489103 ], [ 86.1843882, 19.9488245 ], [ 86.1842185, 19.9478981 ], [ 86.1841029, 19.9471723 ], [ 86.1840649, 19.9470223 ], [ 86.1840312, 19.9469135 ], [ 86.1836726, 19.9462534 ], [ 86.1834785, 19.9459274 ], [ 86.1834152, 19.9458373 ], [ 86.1833542, 19.9457573 ], [ 86.1829784, 19.9453271 ], [ 86.1829278, 19.9452608 ], [ 86.1828842, 19.9451846 ], [ 86.1828584, 19.9450984 ], [ 86.182827, 19.9448919 ], [ 86.1827958, 19.9448224 ], [ 86.182151, 19.9439051 ], [ 86.1819102, 19.9435918 ], [ 86.1818648, 19.9435328 ], [ 86.1817941, 19.9434113 ], [ 86.181701, 19.9432279 ], [ 86.1815919, 19.9429704 ], [ 86.1815326, 19.9427942 ], [ 86.1814853, 19.9426702 ], [ 86.1814482, 19.9425323 ], [ 86.1814454, 19.9424519 ], [ 86.181457, 19.9422752 ], [ 86.1814606, 19.9421787 ], [ 86.1814555, 19.9420838 ], [ 86.1814408, 19.9420126 ], [ 86.1813066, 19.941685 ], [ 86.1812817, 19.9416005 ], [ 86.181267, 19.9415197 ], [ 86.1812424, 19.9412515 ], [ 86.1812218, 19.9411939 ], [ 86.1811814, 19.9411393 ], [ 86.1811253, 19.9410957 ], [ 86.1808056, 19.9409098 ], [ 86.1807279, 19.9408746 ], [ 86.1806357, 19.9408428 ], [ 86.1805358, 19.9408186 ], [ 86.1803307, 19.9407833 ], [ 86.1800515, 19.9407349 ], [ 86.1791082, 19.9406377 ], [ 86.179059, 19.9406196 ], [ 86.1789945, 19.940595 ], [ 86.1784801, 19.9401197 ], [ 86.1783213, 19.939973 ], [ 86.1781362, 19.9398089 ], [ 86.1777483, 19.9394755 ], [ 86.1776523, 19.9393818 ], [ 86.1775427, 19.9392749 ], [ 86.1772624, 19.9389856 ], [ 86.1770778, 19.9387706 ], [ 86.1769063, 19.9385278 ], [ 86.1766038, 19.9379955 ], [ 86.1765204, 19.9378627 ], [ 86.1764056, 19.9377288 ], [ 86.1762647, 19.9375845 ], [ 86.1759645, 19.9373044 ], [ 86.1758683, 19.9372363 ], [ 86.1757689, 19.9372145 ], [ 86.1756413, 19.9372209 ], [ 86.1755266, 19.9372666 ], [ 86.1745023, 19.9378332 ], [ 86.1743997, 19.9378743 ], [ 86.1743053, 19.9379022 ], [ 86.1741755, 19.9379205 ], [ 86.1740166, 19.9379237 ], [ 86.1737436, 19.9379027 ], [ 86.1735141, 19.9378521 ], [ 86.173117, 19.937723 ], [ 86.1716356, 19.9370278 ], [ 86.1715276, 19.9370075 ], [ 86.1714366, 19.9370017 ], [ 86.1713509, 19.9370098 ], [ 86.1711412, 19.9371524 ], [ 86.1710676, 19.937197 ], [ 86.1710139, 19.9372238 ], [ 86.1709626, 19.9372348 ], [ 86.1709052, 19.9372332 ], [ 86.1708521, 19.9372145 ], [ 86.1707226, 19.9371404 ], [ 86.1705823, 19.9370473 ], [ 86.170501, 19.9369873 ], [ 86.170425, 19.9369122 ], [ 86.1703713, 19.9368453 ], [ 86.1702871, 19.9367134 ], [ 86.1699077, 19.9359502 ], [ 86.1698599, 19.9358586 ], [ 86.1694803, 19.9352015 ], [ 86.1694033, 19.9350348 ], [ 86.1684869, 19.9327443 ], [ 86.1684404, 19.9326621 ], [ 86.1683411, 19.9325275 ], [ 86.1682715, 19.9324346 ], [ 86.1682131, 19.932366 ], [ 86.1681464, 19.9322973 ], [ 86.166501, 19.9308951 ], [ 86.1663611, 19.9307829 ], [ 86.166259, 19.930717 ], [ 86.1656769, 19.9303342 ], [ 86.1655964, 19.9302933 ], [ 86.1655222, 19.9302566 ], [ 86.1644785, 19.9298632 ], [ 86.1643127, 19.9298103 ], [ 86.1641324, 19.9297581 ], [ 86.1640088, 19.9297304 ], [ 86.1627997, 19.9295512 ], [ 86.1627043, 19.9295059 ], [ 86.1626425, 19.9294582 ], [ 86.1625759, 19.9293681 ], [ 86.1620824, 19.9283796 ], [ 86.1618461, 19.9279062 ], [ 86.16182, 19.9278054 ], [ 86.1618167, 19.9277299 ], [ 86.161843, 19.9276699 ], [ 86.1619209, 19.9276073 ], [ 86.162376, 19.9273813 ], [ 86.1624361, 19.9273429 ], [ 86.1624678, 19.9272856 ], [ 86.1624764, 19.9272181 ], [ 86.162457, 19.9271493 ], [ 86.1619369, 19.9263097 ], [ 86.1614568, 19.9255491 ], [ 86.1613869, 19.9254274 ], [ 86.1603759, 19.9233392 ], [ 86.1594362, 19.9217221 ], [ 86.159341, 19.9216062 ], [ 86.1591925, 19.9214273 ], [ 86.1580479, 19.9202151 ], [ 86.1579829, 19.9201618 ], [ 86.156734, 19.9191598 ], [ 86.1558289, 19.9183815 ], [ 86.1557443, 19.9183077 ], [ 86.1555955, 19.9181653 ], [ 86.1552195, 19.9177979 ], [ 86.1551202, 19.9176855 ], [ 86.1550385, 19.9175806 ], [ 86.154953, 19.917444 ], [ 86.1548709, 19.9173035 ], [ 86.1543476, 19.9161475 ], [ 86.1538006, 19.9150895 ], [ 86.1537145, 19.9149378 ], [ 86.1536981, 19.9148636 ], [ 86.153695, 19.9147894 ], [ 86.1537582, 19.9142427 ], [ 86.1537375, 19.9141483 ], [ 86.1537123, 19.9140711 ], [ 86.1536833, 19.9140104 ], [ 86.1532858, 19.913377 ], [ 86.1525394, 19.9126225 ], [ 86.152467, 19.9125294 ], [ 86.1524224, 19.9124566 ], [ 86.152113, 19.9119226 ], [ 86.1520023, 19.9117015 ], [ 86.1519045, 19.9115108 ], [ 86.1517388, 19.9111848 ], [ 86.1516053, 19.9109274 ], [ 86.1515052, 19.9107146 ], [ 86.1514814, 19.9106485 ], [ 86.1509035, 19.9089476 ], [ 86.1507479, 19.9084502 ], [ 86.1506792, 19.9082759 ], [ 86.1505656, 19.9080726 ], [ 86.1504544, 19.907917 ], [ 86.1498316, 19.9071735 ], [ 86.1491863, 19.9064557 ], [ 86.1491102, 19.9063681 ], [ 86.1490263, 19.9062957 ], [ 86.1489469, 19.9062394 ], [ 86.1488433, 19.9061821 ], [ 86.1487344, 19.9061421 ], [ 86.1474256, 19.9058473 ], [ 86.1461467, 19.9055291 ], [ 86.144342, 19.9051439 ], [ 86.1439455, 19.9050101 ], [ 86.1436374, 19.9048929 ], [ 86.1435136, 19.9048302 ], [ 86.1433723, 19.9047252 ], [ 86.1432597, 19.9046211 ], [ 86.1431806, 19.9045275 ], [ 86.1424237, 19.9036325 ], [ 86.1411036, 19.9021982 ], [ 86.140972, 19.9020756 ], [ 86.1406502, 19.9017997 ], [ 86.1404125, 19.9016109 ], [ 86.1401208, 19.901439 ], [ 86.1392684, 19.9010092 ], [ 86.1391248, 19.9009214 ], [ 86.1378267, 19.900019 ], [ 86.136735, 19.8992763 ], [ 86.1353222, 19.8983563 ], [ 86.1352003, 19.898287 ], [ 86.1350705, 19.8982267 ], [ 86.134074, 19.89787 ], [ 86.1339238, 19.8977843 ], [ 86.1338039, 19.8976892 ], [ 86.1336868, 19.8975957 ], [ 86.1335847, 19.8975088 ], [ 86.1326351, 19.8966443 ], [ 86.1325011, 19.896552 ], [ 86.1323982, 19.8964831 ], [ 86.132296, 19.8964247 ], [ 86.132217, 19.8963795 ], [ 86.1320222, 19.8962798 ], [ 86.1317595, 19.8961427 ], [ 86.1314857, 19.8960261 ], [ 86.1310908, 19.8958692 ], [ 86.1304863, 19.8956654 ], [ 86.1298165, 19.8954561 ], [ 86.1293642, 19.8953339 ], [ 86.1289934, 19.895245 ], [ 86.128292, 19.89508 ], [ 86.1275383, 19.8949027 ], [ 86.1273782, 19.8948784 ], [ 86.1272494, 19.894871 ], [ 86.1270062, 19.8948686 ], [ 86.1268529, 19.8948891 ], [ 86.1267383, 19.8949273 ], [ 86.1258698, 19.8955191 ], [ 86.1257702, 19.8955378 ], [ 86.1256802, 19.8955161 ], [ 86.1256083, 19.895465 ], [ 86.1252203, 19.895102 ], [ 86.1250845, 19.8950367 ], [ 86.1249585, 19.8950239 ], [ 86.1248136, 19.8950254 ], [ 86.12469, 19.8950454 ], [ 86.1228494, 19.8955873 ], [ 86.1226194, 19.8956325 ], [ 86.1223354, 19.8956608 ], [ 86.1218849, 19.8956983 ], [ 86.1213578, 19.8956475 ], [ 86.1212189, 19.8956576 ], [ 86.1210037, 19.8956931 ], [ 86.1207552, 19.8957505 ], [ 86.1204904, 19.895837 ], [ 86.1198065, 19.8960603 ], [ 86.1195799, 19.8961526 ], [ 86.1181057, 19.896909 ], [ 86.1178774, 19.8970446 ], [ 86.1176958, 19.8971923 ], [ 86.1165823, 19.898371 ], [ 86.1160981, 19.8988269 ], [ 86.1160122, 19.8988946 ], [ 86.1159216, 19.8989466 ], [ 86.1158237, 19.8989983 ], [ 86.1157234, 19.8989765 ], [ 86.1155929, 19.8989186 ], [ 86.1154623, 19.8988448 ], [ 86.1150021, 19.898558 ], [ 86.1141944, 19.8979017 ], [ 86.1135228, 19.8973717 ], [ 86.1134115, 19.8972962 ], [ 86.1132782, 19.8972183 ], [ 86.113178, 19.8971609 ], [ 86.1124506, 19.8968356 ], [ 86.1117854, 19.8965382 ], [ 86.1111941, 19.8962738 ], [ 86.1078925, 19.8949781 ], [ 86.1069178, 19.8945426 ], [ 86.1062995, 19.8942719 ], [ 86.105839, 19.8940704 ], [ 86.1038086, 19.8931817 ], [ 86.1037569, 19.8931564 ], [ 86.1032698, 19.8928869 ], [ 86.1024154, 19.8924616 ], [ 86.1016772, 19.8920999 ], [ 86.1012324, 19.8918872 ], [ 86.1009284, 19.891745 ], [ 86.1006068, 19.8915904 ], [ 86.0999418, 19.8912869 ], [ 86.0997333, 19.8911877 ], [ 86.0997008, 19.8911332 ], [ 86.0996012, 19.8910842 ], [ 86.0995214, 19.8910414 ], [ 86.0994232, 19.8909899 ], [ 86.0985097, 19.8904721 ], [ 86.0980993, 19.8902666 ], [ 86.0979344, 19.8901836 ], [ 86.0979082, 19.8901691 ], [ 86.097874, 19.8901555 ], [ 86.0977735, 19.8901606 ], [ 86.0976699, 19.8901698 ], [ 86.0975133, 19.89024 ], [ 86.0973751, 19.8903103 ], [ 86.0971443, 19.8903741 ], [ 86.0969181, 19.8904183 ], [ 86.0966453, 19.8904284 ], [ 86.0963832, 19.890426 ], [ 86.0963022, 19.8904253 ], [ 86.0955271, 19.8904191 ], [ 86.0953402, 19.890416 ], [ 86.0952079, 19.8904117 ], [ 86.0950054, 19.8904052 ], [ 86.0947976, 19.8903775 ], [ 86.0946138, 19.8903397 ], [ 86.0943443, 19.8902438 ], [ 86.0941653, 19.8901777 ], [ 86.0940855, 19.8901482 ], [ 86.0936082, 19.889972 ], [ 86.0933948, 19.8898932 ], [ 86.0926504, 19.8896221 ], [ 86.0923903, 19.8895388 ], [ 86.092283, 19.88953 ], [ 86.0921475, 19.8895351 ], [ 86.0920163, 19.8895566 ], [ 86.0919374, 19.8896003 ], [ 86.0916915, 19.8897484 ], [ 86.0915709, 19.889847 ], [ 86.0915003, 19.8899162 ], [ 86.0911705, 19.8901808 ], [ 86.090561, 19.8906291 ], [ 86.0892384, 19.8915382 ], [ 86.0885927, 19.8919965 ], [ 86.0878394, 19.8925551 ], [ 86.0877058, 19.892642 ], [ 86.0871069, 19.8930497 ], [ 86.086592, 19.8934002 ], [ 86.0851198, 19.8944381 ], [ 86.0841263, 19.8951434 ], [ 86.0834651, 19.8956515 ], [ 86.0833787, 19.8957209 ], [ 86.0827486, 19.8962267 ], [ 86.0819473, 19.896836 ], [ 86.0816931, 19.8970468 ], [ 86.0808649, 19.8976241 ], [ 86.0808202, 19.8976589 ], [ 86.079139, 19.8990929 ], [ 86.0788537, 19.8989153 ], [ 86.0787618, 19.89886 ], [ 86.0786726, 19.8988112 ], [ 86.0785908, 19.8987661 ], [ 86.0785092, 19.8987083 ], [ 86.078441, 19.8986542 ], [ 86.0782706, 19.8985055 ], [ 86.0771901, 19.8972405 ], [ 86.0761966, 19.896129 ], [ 86.0760889, 19.8960085 ], [ 86.0756468, 19.8955504 ], [ 86.0755335, 19.8954357 ], [ 86.0754095, 19.8953274 ], [ 86.0752987, 19.8952522 ], [ 86.0751428, 19.8951811 ], [ 86.074994, 19.895148 ], [ 86.074917, 19.8951145 ], [ 86.0748397, 19.8950444 ], [ 86.0747597, 19.8949413 ], [ 86.0745332, 19.8944962 ], [ 86.0744689, 19.8943399 ], [ 86.0743812, 19.8940714 ], [ 86.0743404, 19.8939834 ], [ 86.074283, 19.8939233 ], [ 86.0741827, 19.8938571 ], [ 86.0740961, 19.8938165 ], [ 86.0740233, 19.8937947 ], [ 86.0739086, 19.8937675 ], [ 86.073778, 19.8937397 ], [ 86.073612, 19.8937187 ], [ 86.0729425, 19.8936523 ], [ 86.0726408, 19.8936162 ], [ 86.0724444, 19.8936128 ], [ 86.0723543, 19.8935961 ], [ 86.0722542, 19.893565 ], [ 86.0716603, 19.8932558 ], [ 86.071593, 19.8932326 ], [ 86.0715253, 19.8932281 ], [ 86.0708063, 19.8933134 ], [ 86.0707572, 19.893321 ], [ 86.0706989, 19.8932491 ], [ 86.0706732, 19.8932238 ], [ 86.0706231, 19.8931818 ], [ 86.0705613, 19.8931385 ], [ 86.0704887, 19.8930981 ], [ 86.0701402, 19.8929695 ], [ 86.0700453, 19.892925 ], [ 86.0699466, 19.8928725 ], [ 86.0698417, 19.8928078 ], [ 86.0697331, 19.8927372 ], [ 86.0695385, 19.8925999 ], [ 86.0694856, 19.8925528 ], [ 86.0694419, 19.8925035 ], [ 86.0693979, 19.8924368 ], [ 86.0693696, 19.8923699 ], [ 86.0693348, 19.8922074 ], [ 86.0693145, 19.8921638 ], [ 86.0692819, 19.8921271 ], [ 86.0692332, 19.8921195 ], [ 86.0691896, 19.8921253 ], [ 86.069079, 19.8921732 ], [ 86.0690277, 19.8921894 ], [ 86.0689533, 19.8922122 ], [ 86.0688969, 19.8922227 ], [ 86.0688318, 19.8922279 ], [ 86.0682784, 19.8921986 ], [ 86.0681992, 19.8922 ], [ 86.0681172, 19.8922062 ], [ 86.0680353, 19.8922221 ], [ 86.0679738, 19.8922312 ], [ 86.0675555, 19.8922438 ], [ 86.0674776, 19.8922472 ], [ 86.0673314, 19.8922546 ], [ 86.0672651, 19.8922665 ], [ 86.0672018, 19.8922845 ], [ 86.067105, 19.8923194 ], [ 86.0665008, 19.8925578 ], [ 86.0663692, 19.8926162 ], [ 86.066269, 19.8926703 ], [ 86.0657839, 19.8929541 ], [ 86.0654189, 19.8924731 ], [ 86.0649812, 19.8920315 ], [ 86.0647558, 19.891804 ], [ 86.0642987, 19.8914222 ], [ 86.062994, 19.8903495 ], [ 86.0627816, 19.8902075 ], [ 86.0623502, 19.8899331 ], [ 86.0621788, 19.8898067 ], [ 86.0619039, 19.8895887 ], [ 86.0617874, 19.8894972 ], [ 86.0616719, 19.8893898 ], [ 86.0615842, 19.8893042 ], [ 86.0614932, 19.889178 ], [ 86.0614112, 19.8890191 ], [ 86.061267, 19.8887233 ], [ 86.061187, 19.8886083 ], [ 86.0611188, 19.8885329 ], [ 86.0610284, 19.8884517 ], [ 86.0607004, 19.8882722 ], [ 86.0605774, 19.8881864 ], [ 86.0592186, 19.8871542 ], [ 86.0590785, 19.8870698 ], [ 86.0589624, 19.8869982 ], [ 86.058847, 19.8869423 ], [ 86.0586008, 19.8868586 ], [ 86.0580224, 19.886753 ], [ 86.0577145, 19.8866822 ], [ 86.0574889, 19.8866306 ], [ 86.057369, 19.8865885 ], [ 86.0571738, 19.8864949 ], [ 86.0569279, 19.8863477 ], [ 86.0565234, 19.8860954 ], [ 86.0559827, 19.8858029 ], [ 86.0552387, 19.8854091 ], [ 86.0548057, 19.8851721 ], [ 86.0544012, 19.8849217 ], [ 86.0541674, 19.8847917 ], [ 86.053582, 19.8845317 ], [ 86.0534282, 19.8844574 ], [ 86.0532222, 19.8843578 ], [ 86.0529884, 19.8842278 ], [ 86.0527791, 19.8840844 ], [ 86.0527018, 19.884029 ], [ 86.0526646, 19.88401 ], [ 86.0526307, 19.8839927 ], [ 86.0525392, 19.8839697 ], [ 86.0523908, 19.8839411 ], [ 86.0523014, 19.8839239 ], [ 86.0521916, 19.8838837 ], [ 86.0519863, 19.8837805 ], [ 86.0517444, 19.8836448 ], [ 86.0515188, 19.8835243 ], [ 86.0513785, 19.8834651 ], [ 86.0512626, 19.8834402 ], [ 86.051161, 19.8834326 ], [ 86.0510716, 19.8834441 ], [ 86.0509882, 19.8834689 ], [ 86.0508927, 19.8835148 ], [ 86.0508134, 19.883553 ], [ 86.0507321, 19.8835759 ], [ 86.0505776, 19.8835932 ], [ 86.0504048, 19.8836046 ], [ 86.0503113, 19.8836218 ], [ 86.0502321, 19.8836467 ], [ 86.0501487, 19.8836849 ], [ 86.050043, 19.883748 ], [ 86.0498662, 19.8838646 ], [ 86.0496995, 19.8839793 ], [ 86.0494149, 19.8841475 ], [ 86.0491649, 19.884289 ], [ 86.0489372, 19.8843941 ], [ 86.0487807, 19.8844553 ], [ 86.0486526, 19.8844935 ], [ 86.0485042, 19.8845298 ], [ 86.0481526, 19.8846024 ], [ 86.0478172, 19.8846674 ], [ 86.0476362, 19.8847114 ], [ 86.0475041, 19.8847573 ], [ 86.0473395, 19.8848318 ], [ 86.0469492, 19.8850364 ], [ 86.046752, 19.8851396 ], [ 86.0466666, 19.8851797 ], [ 86.0465426, 19.8852237 ], [ 86.0462906, 19.8853078 ], [ 86.0458637, 19.885455 ], [ 86.0456991, 19.8855238 ], [ 86.0455202, 19.8856079 ], [ 86.0453352, 19.8856958 ], [ 86.045136, 19.8857876 ], [ 86.0447477, 19.885952 ], [ 86.044079, 19.8862483 ], [ 86.0436785, 19.8864299 ], [ 86.0435322, 19.886491 ], [ 86.0434834, 19.8865121 ], [ 86.0432638, 19.8865962 ], [ 86.04315, 19.8866459 ], [ 86.0430585, 19.8866994 ], [ 86.0429711, 19.886751 ], [ 86.0428451, 19.8868428 ], [ 86.0427821, 19.886881 ], [ 86.042715, 19.8869078 ], [ 86.0426561, 19.8869173 ], [ 86.042593, 19.8869173 ], [ 86.0424385, 19.8868982 ], [ 86.0418398, 19.8868255 ], [ 86.0417594, 19.8868305 ], [ 86.0417057, 19.8868406 ], [ 86.0416574, 19.8868633 ], [ 86.0415796, 19.8869112 ], [ 86.0415301, 19.8869456 ], [ 86.0412822, 19.8871162 ], [ 86.0409949, 19.8873173 ], [ 86.040952, 19.8873552 ], [ 86.0409332, 19.8873905 ], [ 86.0409332, 19.8874207 ], [ 86.0409413, 19.8874687 ], [ 86.0410432, 19.8877612 ], [ 86.0410968, 19.8878924 ], [ 86.0411666, 19.8880336 ], [ 86.0413382, 19.8883716 ], [ 86.0414724, 19.8886919 ], [ 86.0415233, 19.8888256 ], [ 86.0416252, 19.8891132 ], [ 86.041673, 19.8892555 ], [ 86.0417674, 19.8895369 ], [ 86.0417728, 19.8895747 ], [ 86.0417594, 19.889605 ], [ 86.0417298, 19.8896226 ], [ 86.0416873, 19.8896409 ], [ 86.0415907, 19.8896778 ], [ 86.0414203, 19.889748 ], [ 86.0412358, 19.8898381 ], [ 86.041105, 19.8896668 ], [ 86.0410326, 19.8895877 ], [ 86.0409369, 19.8895307 ], [ 86.0408645, 19.8895087 ], [ 86.0407595, 19.8895131 ], [ 86.0406614, 19.8895416 ], [ 86.0405913, 19.8895746 ], [ 86.0405306, 19.8896229 ], [ 86.0404466, 19.8897085 ], [ 86.0403835, 19.8897678 ], [ 86.0403135, 19.8898073 ], [ 86.0402387, 19.8898359 ], [ 86.040164, 19.8898578 ], [ 86.040094, 19.8898732 ], [ 86.0400006, 19.8898908 ], [ 86.0398628, 19.8899325 ], [ 86.0396527, 19.8900027 ], [ 86.0394986, 19.8900686 ], [ 86.0393841, 19.8901213 ], [ 86.039244, 19.8901894 ], [ 86.0391366, 19.8902487 ], [ 86.0388191, 19.8904024 ], [ 86.0385832, 19.8905247 ], [ 86.0383497, 19.8902122 ], [ 86.0381371, 19.8899225 ], [ 86.0380416, 19.8898211 ], [ 86.0379153, 19.8897226 ], [ 86.0377119, 19.8895806 ], [ 86.0375733, 19.8894995 ], [ 86.0374624, 19.8894387 ], [ 86.037373, 19.8893691 ], [ 86.0371697, 19.8892127 ], [ 86.0368369, 19.8889346 ], [ 86.0364456, 19.8885753 ], [ 86.0360574, 19.8882421 ], [ 86.0356107, 19.887877 ], [ 86.0353241, 19.8876395 ], [ 86.0351023, 19.8874309 ], [ 86.0348188, 19.8871411 ], [ 86.0346586, 19.8869818 ], [ 86.0344738, 19.8868166 ], [ 86.0342519, 19.8866399 ], [ 86.0340732, 19.8865037 ], [ 86.0338637, 19.8863154 ], [ 86.0335587, 19.8860257 ], [ 86.0332198, 19.8857099 ], [ 86.0330688, 19.8855969 ], [ 86.0329425, 19.8855302 ], [ 86.0327977, 19.885481 ], [ 86.0325789, 19.8854056 ], [ 86.0323725, 19.88531 ], [ 86.0319473, 19.8849884 ], [ 86.0318487, 19.8849015 ], [ 86.0317963, 19.8848435 ], [ 86.0315807, 19.884548 ], [ 86.0312171, 19.8840757 ], [ 86.0309213, 19.8836991 ], [ 86.0305639, 19.8832181 ], [ 86.0304006, 19.8829776 ], [ 86.0301326, 19.882601 ], [ 86.0299415, 19.8823518 ], [ 86.0297444, 19.8821461 ], [ 86.0295181, 19.8819149 ], [ 86.0292822, 19.8816738 ], [ 86.0288878, 19.8812885 ], [ 86.0285828, 19.8809639 ], [ 86.028438, 19.880793 ], [ 86.0281176, 19.8804888 ], [ 86.0275352, 19.8800368 ], [ 86.0274165, 19.8799452 ], [ 86.0269005, 19.8795471 ], [ 86.0266849, 19.8794022 ], [ 86.0264784, 19.8792979 ], [ 86.0260224, 19.8791125 ], [ 86.0242113, 19.8783359 ], [ 86.0240768, 19.878043 ], [ 86.0239677, 19.8777937 ], [ 86.02393, 19.8777074 ], [ 86.0238468, 19.8775172 ], [ 86.023507, 19.8768049 ], [ 86.0232969, 19.8763827 ], [ 86.0232184, 19.8762249 ], [ 86.0227319, 19.8751873 ], [ 86.0222789, 19.874292 ], [ 86.0220418, 19.8738027 ], [ 86.0217374, 19.8731969 ], [ 86.021472, 19.8726344 ], [ 86.0211747, 19.8720486 ], [ 86.0209128, 19.8715261 ], [ 86.0207924, 19.8712531 ], [ 86.0207216, 19.8710334 ], [ 86.0206615, 19.8707638 ], [ 86.0205553, 19.8701048 ], [ 86.0204668, 19.8694591 ], [ 86.0203323, 19.8685837 ], [ 86.0202403, 19.8680078 ], [ 86.0201306, 19.8672889 ], [ 86.0200209, 19.8665266 ], [ 86.0198722, 19.8654681 ], [ 86.0197767, 19.8648124 ], [ 86.0196917, 19.8642765 ], [ 86.0196139, 19.8638072 ], [ 86.0195502, 19.8633312 ], [ 86.0194582, 19.8626788 ], [ 86.019398, 19.8622261 ], [ 86.019352, 19.8619365 ], [ 86.0192918, 19.8616635 ], [ 86.0191786, 19.8612075 ], [ 86.0189874, 19.8605584 ], [ 86.0187812, 19.8598431 ], [ 86.0187275, 19.8596423 ], [ 86.0186271, 19.8592677 ], [ 86.0186109, 19.8591801 ], [ 86.0186094, 19.8590264 ], [ 86.0181428, 19.8587841 ], [ 86.0144038, 19.8566639 ], [ 86.0136978, 19.8562519 ], [ 86.0128538, 19.8557594 ], [ 86.0106178, 19.8544547 ], [ 86.0102878, 19.8542996 ], [ 86.0101229, 19.8542289 ], [ 86.0099861, 19.8541835 ], [ 86.0098346, 19.8541545 ], [ 86.0096267, 19.8541305 ], [ 86.009215, 19.8540965 ], [ 86.0081918, 19.8540455 ], [ 86.0080914, 19.8540449 ], [ 86.0079151, 19.8540389 ], [ 86.0074379, 19.8540227 ], [ 86.0066124, 19.8539947 ], [ 86.0057713, 19.8539453 ], [ 86.0049301, 19.8538959 ], [ 86.0045291, 19.8538959 ], [ 86.0042046, 19.8538909 ], [ 86.0039337, 19.8538985 ], [ 86.00364, 19.8539312 ], [ 86.0033919, 19.8539666 ], [ 86.003125, 19.8540271 ], [ 86.0029922, 19.8540423 ], [ 86.0027052, 19.8540612 ], [ 86.0025376, 19.8540599 ], [ 86.0023297, 19.8540448 ], [ 86.0012126, 19.8539262 ], [ 86.0005997, 19.853824 ], [ 86.0002953, 19.85379 ], [ 85.998646, 19.8535864 ], [ 85.9910202, 19.8523785 ], [ 85.9901324, 19.8522385 ], [ 85.9887041, 19.8519988 ], [ 85.9871632, 19.8517352 ], [ 85.9836793, 19.8511405 ], [ 85.9735289, 19.8500175 ], [ 85.9708688, 19.8497421 ], [ 85.9698898, 19.8495933 ], [ 85.9662158, 19.8490986 ], [ 85.9658322, 19.8490816 ], [ 85.9653595, 19.8490496 ], [ 85.9644087, 19.8489979 ], [ 85.9640466, 19.8489865 ], [ 85.9637797, 19.8489903 ], [ 85.9636094, 19.8490054 ], [ 85.96338, 19.8490584 ], [ 85.9631507, 19.8491265 ], [ 85.9629013, 19.8492199 ], [ 85.9621395, 19.8495428 ], [ 85.9612694, 19.8499198 ], [ 85.959379, 19.8507227 ], [ 85.9562936, 19.8519849 ], [ 85.9550945, 19.8524465 ], [ 85.9543287, 19.8527569 ], [ 85.9532104, 19.8532299 ], [ 85.9527746, 19.853409 ], [ 85.9521081, 19.8536676 ], [ 85.9496002, 19.8546351 ], [ 85.9474271, 19.8554999 ], [ 85.9466416, 19.8558555 ], [ 85.9453769, 19.856428 ], [ 85.942955, 19.8575842 ], [ 85.9426814, 19.8577116 ], [ 85.9403499, 19.8588142 ], [ 85.9385374, 19.8596629 ], [ 85.9383061, 19.8597583 ], [ 85.9383026, 19.8597482 ], [ 85.9382971, 19.8597389 ], [ 85.9382899, 19.8597308 ], [ 85.9382811, 19.8597241 ], [ 85.9382712, 19.859719 ], [ 85.9382604, 19.8597159 ], [ 85.9382491, 19.8597147 ], [ 85.9382379, 19.8597156 ], [ 85.9381562, 19.8596191 ], [ 85.9380312, 19.8595734 ], [ 85.9377609, 19.8593854 ], [ 85.9375249, 19.8592492 ], [ 85.9364421, 19.8587365 ], [ 85.935366, 19.8581748 ], [ 85.9353113, 19.8581462 ], [ 85.9334583, 19.8571789 ], [ 85.9323006, 19.8565745 ], [ 85.9299863, 19.8553663 ], [ 85.928857, 19.8547767 ], [ 85.9273968, 19.8540205 ], [ 85.9254485, 19.8530114 ], [ 85.9242387, 19.8523487 ], [ 85.9192465, 19.849634 ], [ 85.9179188, 19.8489048 ], [ 85.9167016, 19.8482363 ], [ 85.9161568, 19.8479371 ], [ 85.9136179, 19.8465562 ], [ 85.9132778, 19.8463968 ], [ 85.9125218, 19.8460658 ], [ 85.9115006, 19.8456639 ], [ 85.9108242, 19.8453788 ], [ 85.9085709, 19.8444749 ], [ 85.9077691, 19.8441533 ], [ 85.9068641, 19.843776 ], [ 85.90389, 19.8425607 ], [ 85.9036781, 19.8424736 ], [ 85.9023839, 19.8419973 ], [ 85.902154, 19.8419078 ], [ 85.9019176, 19.8418196 ], [ 85.9004262, 19.8411943 ], [ 85.8996347, 19.8408548 ], [ 85.8993582, 19.8407535 ], [ 85.8990603, 19.8406587 ], [ 85.8985997, 19.8405232 ], [ 85.898052, 19.8403917 ], [ 85.8978735, 19.8403394 ], [ 85.8977688, 19.8403087 ], [ 85.8973107, 19.8401484 ], [ 85.8955854, 19.8393985 ], [ 85.8954615, 19.8393414 ], [ 85.8953469, 19.8392843 ], [ 85.8951607, 19.8391805 ], [ 85.8950529, 19.8391212 ], [ 85.8947166, 19.8389372 ], [ 85.894395, 19.8387711 ], [ 85.8940027, 19.8385849 ], [ 85.8921863, 19.837844 ], [ 85.8917487, 19.8376655 ], [ 85.890844, 19.8373206 ], [ 85.8903186, 19.8370989 ], [ 85.8894849, 19.8367575 ], [ 85.8879845, 19.836193 ], [ 85.8876785, 19.8360199 ], [ 85.8874964, 19.8359432 ], [ 85.8873761, 19.8358963 ], [ 85.8871648, 19.8358083 ], [ 85.8870701, 19.8357326 ], [ 85.8859975, 19.8353013 ], [ 85.8855254, 19.8351115 ], [ 85.8836971, 19.8343603 ], [ 85.8820369, 19.8336926 ], [ 85.880288, 19.8329853 ], [ 85.8794881, 19.8326579 ], [ 85.8789734, 19.8324472 ], [ 85.8770563, 19.8316872 ], [ 85.8759135, 19.8312315 ], [ 85.8741002, 19.8305076 ], [ 85.8728977, 19.8300288 ], [ 85.8709907, 19.8293448 ], [ 85.8707908, 19.8292553 ], [ 85.8702504, 19.8290449 ], [ 85.8698575, 19.8288273 ], [ 85.8687506, 19.8283801 ], [ 85.8684707, 19.8282669 ], [ 85.868174, 19.8281529 ], [ 85.8664699, 19.8275001 ], [ 85.8651657, 19.8269674 ], [ 85.8645729, 19.8267326 ], [ 85.8638474, 19.8264447 ], [ 85.8633926, 19.8262699 ], [ 85.8632009, 19.8262014 ], [ 85.8628775, 19.8260859 ], [ 85.8627449, 19.8260385 ], [ 85.8622972, 19.825907 ], [ 85.8615234, 19.8257163 ], [ 85.8610831, 19.8256078 ], [ 85.8602051, 19.8253756 ], [ 85.8599527, 19.8253088 ], [ 85.8593547, 19.8251318 ], [ 85.8590214, 19.8250425 ], [ 85.8582742, 19.8248404 ], [ 85.8577287, 19.8246907 ], [ 85.8576252, 19.8246666 ], [ 85.857449, 19.8246256 ], [ 85.8572386, 19.8245768 ], [ 85.8570087, 19.8245329 ], [ 85.8567086, 19.8244856 ], [ 85.8564745, 19.8244571 ], [ 85.856261, 19.824438 ], [ 85.8560188, 19.8244255 ], [ 85.8559564, 19.824443 ], [ 85.8559004, 19.824441 ], [ 85.8557772, 19.8244389 ], [ 85.8556428, 19.8244383 ], [ 85.8554008, 19.8244368 ], [ 85.8549881, 19.8244219 ], [ 85.8536348, 19.8243486 ], [ 85.853145, 19.8243221 ], [ 85.8529992, 19.8243155 ], [ 85.8526893, 19.8243014 ], [ 85.8523191, 19.8242846 ], [ 85.8518136, 19.8242744 ], [ 85.8516566, 19.8242732 ], [ 85.8513777, 19.8242732 ], [ 85.8511799, 19.8242561 ], [ 85.8509489, 19.824235 ], [ 85.8506665, 19.824219 ], [ 85.8505013, 19.8242169 ], [ 85.8503719, 19.8242153 ], [ 85.8501235, 19.8242278 ], [ 85.8499196, 19.8242369 ], [ 85.849814, 19.8242391 ], [ 85.8497013, 19.8242158 ], [ 85.8495925, 19.8241756 ], [ 85.8493661, 19.8240315 ], [ 85.8491589, 19.8239295 ], [ 85.8490036, 19.8238592 ], [ 85.8488565, 19.8238062 ], [ 85.8486905, 19.8237509 ], [ 85.8483559, 19.8236283 ], [ 85.8480816, 19.8235086 ], [ 85.8478277, 19.8233586 ], [ 85.8477125, 19.8232859 ], [ 85.8475838, 19.823207 ], [ 85.8474839, 19.8231339 ], [ 85.8473144, 19.8229968 ], [ 85.8472372, 19.822928 ], [ 85.8471612, 19.8228681 ], [ 85.8469764, 19.8227006 ], [ 85.846824, 19.8225699 ], [ 85.8467552, 19.8225083 ], [ 85.8467092, 19.822467 ], [ 85.8465601, 19.8223313 ], [ 85.8464039, 19.8221546 ], [ 85.8462877, 19.8219999 ], [ 85.8461206, 19.8217329 ], [ 85.84602, 19.821589 ], [ 85.8459362, 19.8214706 ], [ 85.8458516, 19.8213636 ], [ 85.845755, 19.8212564 ], [ 85.8456582, 19.8211566 ], [ 85.8455171, 19.8210427 ], [ 85.8453812, 19.820951 ], [ 85.8451989, 19.8208551 ], [ 85.8450594, 19.8207736 ], [ 85.8449413, 19.8206959 ], [ 85.8448333, 19.8206324 ], [ 85.844651, 19.8205042 ], [ 85.8440237, 19.8201118 ], [ 85.8439488, 19.820065 ], [ 85.8435732, 19.8198549 ], [ 85.8431273, 19.8196054 ], [ 85.8429427, 19.81953 ], [ 85.8426432, 19.8194055 ], [ 85.8425892, 19.819383 ], [ 85.8423219, 19.819281 ], [ 85.841856, 19.8190855 ], [ 85.8416467, 19.818986 ], [ 85.8413039, 19.818823 ], [ 85.8412253, 19.8187811 ], [ 85.8411028, 19.8187061 ], [ 85.8405595, 19.8183497 ], [ 85.8402248, 19.8180605 ], [ 85.8396227, 19.8174423 ], [ 85.8395728, 19.8174023 ], [ 85.8395004, 19.8173443 ], [ 85.8393842, 19.8172735 ], [ 85.8390556, 19.8171398 ], [ 85.8389296, 19.8170805 ], [ 85.8386399, 19.8168408 ], [ 85.837968, 19.8162314 ], [ 85.8377748, 19.8160772 ], [ 85.8376958, 19.8159822 ], [ 85.8375653, 19.8159012 ], [ 85.8371767, 19.8156599 ], [ 85.836619, 19.8153717 ], [ 85.8360152, 19.8150744 ], [ 85.8357017, 19.8149361 ], [ 85.834983, 19.8146152 ], [ 85.8345438, 19.8144531 ], [ 85.8341111, 19.81429 ], [ 85.833689, 19.8141399 ], [ 85.8335474, 19.8140865 ], [ 85.8319988, 19.8135017 ], [ 85.8313979, 19.8133058 ], [ 85.8313689, 19.8131749 ], [ 85.8313434, 19.813058 ], [ 85.8313138, 19.8129499 ], [ 85.8312761, 19.8128483 ], [ 85.831162, 19.8126532 ], [ 85.831182, 19.8123239 ], [ 85.8311443, 19.8122019 ], [ 85.8310668, 19.8120473 ], [ 85.8310157, 19.8119655 ], [ 85.8307652, 19.8115846 ], [ 85.8307409, 19.8115318 ], [ 85.8307269, 19.8114658 ], [ 85.830591, 19.8114028 ], [ 85.8304441, 19.8112846 ], [ 85.8301941, 19.8110154 ], [ 85.8299846, 19.8107809 ], [ 85.8293955, 19.8102394 ], [ 85.8286773, 19.8094302 ], [ 85.8286177, 19.809363 ], [ 85.8277825, 19.8085919 ], [ 85.8277508, 19.8085627 ], [ 85.8271343, 19.8080449 ], [ 85.8269813, 19.8078974 ], [ 85.8264601, 19.8075012 ], [ 85.8259996, 19.8071349 ], [ 85.8259106, 19.8070641 ], [ 85.8255733, 19.8066994 ], [ 85.825436, 19.8065433 ], [ 85.8253113, 19.8064458 ], [ 85.8250665, 19.8066338 ], [ 85.8250136, 19.8066568 ], [ 85.8249526, 19.8066759 ], [ 85.8251899, 19.8071154 ], [ 85.8253509, 19.8074182 ] ] } },
{ "type": "Feature", "properties": { "village": "Udayakani", "site": "Bhubaneswar" }, "geometry": { "type": "LineString", "coordinates": [ [ 86.287179, 19.9767935 ], [ 86.2869094, 19.9770393 ], [ 86.2865272, 19.9773595 ], [ 86.2864669, 19.9774086 ], [ 86.2861142, 19.9775964 ], [ 86.2860538, 19.9776254 ], [ 86.2855831, 19.9777653 ], [ 86.284533, 19.9779733 ], [ 86.2839282, 19.9780741 ], [ 86.2837981, 19.9780716 ], [ 86.2834816, 19.9779859 ], [ 86.2833884, 19.9779495 ], [ 86.2829019, 19.977684 ], [ 86.2818786, 19.9770683 ], [ 86.2817261, 19.976968 ], [ 86.2815588, 19.9769117 ], [ 86.2811934, 19.976867 ], [ 86.2803424, 19.976858 ], [ 86.279815, 19.9768432 ], [ 86.2794439, 19.9768395 ], [ 86.27909, 19.9768218 ], [ 86.2787623, 19.9768013 ], [ 86.2784398, 19.9767716 ], [ 86.2778834, 19.9766569 ], [ 86.2778203, 19.9766489 ], [ 86.2775449, 19.976614 ], [ 86.2773405, 19.9766036 ], [ 86.277104, 19.9766187 ], [ 86.2769496, 19.9766383 ], [ 86.2767686, 19.9766751 ], [ 86.2763475, 19.9767865 ], [ 86.2761293, 19.9768442 ], [ 86.275487, 19.9770577 ], [ 86.273673, 19.9776616 ], [ 86.2735905, 19.9776884 ], [ 86.273398, 19.9777409 ], [ 86.273212, 19.9777774 ], [ 86.2717436, 19.9780047 ], [ 86.2715129, 19.9780783 ], [ 86.2713982, 19.9781412 ], [ 86.2713045, 19.9782144 ], [ 86.2712354, 19.9782913 ], [ 86.2711801, 19.9784318 ], [ 86.2710825, 19.9786515 ], [ 86.270992, 19.9787611 ], [ 86.2708733, 19.9788706 ], [ 86.2706067, 19.9790641 ], [ 86.2705864, 19.9790748 ], [ 86.2704435, 19.9791503 ], [ 86.2702898, 19.979219 ], [ 86.2701263, 19.9792708 ], [ 86.2699129, 19.9793307 ], [ 86.2693004, 19.979454 ], [ 86.2686698, 19.9795917 ], [ 86.2685763, 19.9794913 ], [ 86.2684881, 19.9793965 ], [ 86.2683442, 19.979227 ], [ 86.2682723, 19.9791423 ], [ 86.2678896, 19.9786248 ], [ 86.2678081, 19.9785298 ], [ 86.2677701, 19.9784968 ], [ 86.2677308, 19.9784642 ], [ 86.2672038, 19.9780592 ], [ 86.2670988, 19.9779766 ], [ 86.2669559, 19.9778885 ], [ 86.2668244, 19.9778365 ], [ 86.2666705, 19.9778262 ], [ 86.2665664, 19.9778393 ], [ 86.2664481, 19.977879 ], [ 86.2663104, 19.9779434 ], [ 86.2660847, 19.9780494 ], [ 86.2658909, 19.9781307 ], [ 86.2657787, 19.9781733 ], [ 86.2656096, 19.9782372 ], [ 86.2654011, 19.9783115 ], [ 86.264481, 19.9785769 ], [ 86.2635343, 19.9788161 ], [ 86.2634504, 19.9788368 ], [ 86.2626492, 19.9790525 ], [ 86.2623647, 19.9791247 ], [ 86.2622366, 19.9791587 ], [ 86.2621606, 19.9791789 ], [ 86.2617606, 19.9792933 ], [ 86.2616094, 19.9793363 ], [ 86.2611255, 19.9794769 ], [ 86.2610062, 19.9795142 ], [ 86.2604505, 19.9796528 ], [ 86.2594291, 19.9799065 ], [ 86.2587398, 19.980075 ], [ 86.2580161, 19.9802782 ], [ 86.2572498, 19.9804696 ], [ 86.2551924, 19.9810155 ], [ 86.2544566, 19.9812579 ], [ 86.2543876, 19.98129 ], [ 86.2543323, 19.9813173 ], [ 86.2542796, 19.98134 ], [ 86.2541887, 19.981388 ], [ 86.2539067, 19.9815326 ], [ 86.2538868, 19.981544 ], [ 86.2538045, 19.9815918 ], [ 86.253791, 19.9815995 ], [ 86.2521292, 19.9825224 ], [ 86.2506806, 19.9833638 ], [ 86.2492025, 19.9841914 ], [ 86.2482236, 19.9847193 ], [ 86.245306, 19.9863813 ], [ 86.2395987, 19.9895845 ], [ 86.2385993, 19.9901511 ], [ 86.2380314, 19.9904668 ], [ 86.2375081, 19.9907565 ], [ 86.2374232, 19.9908007 ], [ 86.2371395, 19.9909386 ], [ 86.2365901, 19.9911645 ], [ 86.235938, 19.9914144 ], [ 86.2346524, 19.9918441 ], [ 86.2243645, 19.9951926 ], [ 86.2238409, 19.9953648 ], [ 86.2238358, 19.9953661 ], [ 86.2236438, 19.9954147 ], [ 86.2213799, 19.9959883 ], [ 86.2212212, 19.9960285 ], [ 86.220513, 19.9962079 ], [ 86.2196871, 19.9964405 ], [ 86.2192203, 19.9965834 ], [ 86.2183646, 19.9968108 ], [ 86.2176108, 19.9969863 ], [ 86.2172266, 19.997072 ], [ 86.2171317, 19.9970884 ], [ 86.2170368, 19.9971156 ], [ 86.2168477, 19.9971882 ], [ 86.2161558, 19.9974846 ], [ 86.215892, 19.9976002 ], [ 86.2158198, 19.9976283 ], [ 86.2157056, 19.9976726 ], [ 86.2155727, 19.9977419 ], [ 86.2154384, 19.9978417 ], [ 86.2150733, 19.9982051 ], [ 86.2149741, 19.9982744 ], [ 86.2148406, 19.9983438 ], [ 86.2145139, 19.9984889 ], [ 86.2143813, 19.9985194 ], [ 86.2142488, 19.9985371 ], [ 86.2141823, 19.9985413 ], [ 86.2125507, 19.9986628 ], [ 86.2121914, 19.9986672 ], [ 86.2118735, 19.9986533 ], [ 86.2117666, 19.9986394 ], [ 86.2116183, 19.9986141 ], [ 86.2103023, 19.9983363 ], [ 86.2100661, 19.9983066 ], [ 86.2098632, 19.99831 ], [ 86.2095305, 19.9983519 ], [ 86.2090556, 19.9984678 ], [ 86.2080845, 19.9987667 ], [ 86.2079481, 19.998816 ], [ 86.2075922, 19.9989359 ], [ 86.207494, 19.9989686 ], [ 86.2074171, 19.9989855 ], [ 86.2072379, 19.9990249 ], [ 86.2069498, 19.9990671 ], [ 86.206652, 19.9991203 ], [ 86.2055788, 19.9993552 ], [ 86.2050277, 19.9994503 ], [ 86.2042722, 19.9995831 ], [ 86.2035259, 19.9997144 ], [ 86.2034476, 19.9997276 ], [ 86.203184, 19.9997777 ], [ 86.2029076, 19.9998418 ], [ 86.202411, 19.9999721 ], [ 86.2019258, 20.0000928 ], [ 86.2014952, 20.000209 ], [ 86.2012958, 20.0002656 ], [ 86.2006816, 20.0004223 ], [ 86.2005923, 20.0004464 ], [ 86.2004909, 20.0004741 ], [ 86.1998633, 20.0006254 ], [ 86.1994087, 20.000755 ], [ 86.1993401, 20.0007762 ], [ 86.1987898, 20.000939 ], [ 86.1984966, 20.0010382 ], [ 86.1980296, 20.0012492 ], [ 86.1972726, 20.0016266 ], [ 86.1969677, 20.0017446 ], [ 86.1968521, 20.0017838 ], [ 86.1967705, 20.0018076 ], [ 86.1962488, 20.0019639 ], [ 86.196205, 20.001977 ], [ 86.1960607, 20.0020201 ], [ 86.1960183, 20.002034 ], [ 86.1955262, 20.0021217 ], [ 86.1950129, 20.002194 ], [ 86.1948603, 20.0022412 ], [ 86.1947493, 20.0022782 ], [ 86.1946086, 20.0023422 ], [ 86.1945467, 20.0024312 ], [ 86.1944783, 20.0025048 ], [ 86.194185, 20.0028307 ], [ 86.1940751, 20.0029139 ], [ 86.1939935, 20.002957 ], [ 86.1939165, 20.0029781 ], [ 86.1936477, 20.0030261 ], [ 86.1935809, 20.003038 ], [ 86.1935057, 20.0030514 ], [ 86.1929295, 20.0031543 ], [ 86.1928832, 20.0031618 ], [ 86.1926707, 20.0031962 ], [ 86.1925456, 20.0032302 ], [ 86.192479, 20.0032603 ], [ 86.1924201, 20.0032915 ], [ 86.1915278, 20.0039074 ], [ 86.1913959, 20.0039964 ], [ 86.1909364, 20.0043154 ], [ 86.1905473, 20.0045856 ], [ 86.1904482, 20.0046592 ], [ 86.1902, 20.004878 ], [ 86.1896884, 20.005392 ], [ 86.1893804, 20.005689 ], [ 86.1884208, 20.0066667 ], [ 86.1882574, 20.0067886 ], [ 86.1881064, 20.0068469 ], [ 86.1878504, 20.0069326 ], [ 86.1874236, 20.0070371 ], [ 86.1870799, 20.0071514 ], [ 86.187015, 20.0071789 ], [ 86.1869653, 20.0072 ], [ 86.1860213, 20.0075761 ], [ 86.1857471, 20.0077141 ], [ 86.1857144, 20.0077306 ], [ 86.18522, 20.0080125 ], [ 86.1849182, 20.0082009 ], [ 86.1848196, 20.0082624 ], [ 86.1846207, 20.0083721 ], [ 86.18409, 20.008658 ], [ 86.183756, 20.0087892 ], [ 86.1836726, 20.0088224 ], [ 86.1834528, 20.0088973 ], [ 86.1820919, 20.0094368 ], [ 86.1810737, 20.0098653 ], [ 86.1809651, 20.009911 ], [ 86.1801792, 20.0101885 ], [ 86.1800282, 20.0102504 ], [ 86.1790984, 20.0106387 ], [ 86.1784462, 20.0109268 ], [ 86.1764535, 20.0119079 ], [ 86.1761553, 20.0120434 ], [ 86.1759705, 20.0120953 ], [ 86.1758941, 20.0121168 ], [ 86.1756169, 20.0121895 ], [ 86.1740495, 20.0125075 ], [ 86.173727, 20.0125648 ], [ 86.173423, 20.0126395 ], [ 86.1730691, 20.0127741 ], [ 86.1727605, 20.0129268 ], [ 86.172034, 20.0133364 ], [ 86.1714198, 20.0136802 ], [ 86.171306, 20.0137356 ], [ 86.1709937, 20.0139298 ], [ 86.1704474, 20.0142821 ], [ 86.1698042, 20.0146706 ], [ 86.1690272, 20.0151447 ], [ 86.1687568, 20.0153026 ], [ 86.1683791, 20.0155455 ], [ 86.1680836, 20.0157254 ], [ 86.1677058, 20.0159549 ], [ 86.1674408, 20.016128 ], [ 86.1668677, 20.0164905 ], [ 86.1663381, 20.0168092 ], [ 86.1659229, 20.017059 ], [ 86.1652879, 20.0174228 ], [ 86.1647926, 20.0177412 ], [ 86.1643676, 20.0180038 ], [ 86.1641626, 20.0180926 ], [ 86.1639275, 20.0181787 ], [ 86.1636007, 20.0182842 ], [ 86.1628277, 20.0185156 ], [ 86.1623052, 20.0186857 ], [ 86.1621862, 20.0187296 ], [ 86.1616907, 20.0189162 ], [ 86.1607689, 20.0192885 ], [ 86.1602859, 20.0195048 ], [ 86.1598995, 20.0197191 ], [ 86.1593797, 20.0200938 ], [ 86.1586183, 20.0207008 ], [ 86.1578421, 20.021363 ], [ 86.1574571, 20.0216832 ], [ 86.1570147, 20.0220092 ], [ 86.1563074, 20.0224792 ], [ 86.155427, 20.0230503 ], [ 86.1546682, 20.0235786 ], [ 86.1543521, 20.0237767 ], [ 86.153735, 20.0241256 ], [ 86.1535257, 20.0242297 ], [ 86.1532543, 20.0243656 ], [ 86.1531244, 20.0244247 ], [ 86.152927, 20.0245134 ], [ 86.1524947, 20.02467 ], [ 86.1520017, 20.0248417 ], [ 86.1518469, 20.0248837 ], [ 86.1513544, 20.0250451 ], [ 86.1512676, 20.0250708 ], [ 86.1509275, 20.02518 ], [ 86.1503507, 20.0253942 ], [ 86.1500282, 20.0255502 ], [ 86.1497056, 20.0257309 ], [ 86.1494997, 20.0258607 ], [ 86.1486901, 20.0263472 ], [ 86.1477074, 20.0268831 ], [ 86.1474714, 20.0269956 ], [ 86.1469183, 20.0272714 ], [ 86.1465279, 20.0274647 ], [ 86.1451212, 20.0281392 ], [ 86.1440963, 20.0286708 ], [ 86.1431513, 20.0291374 ], [ 86.143108, 20.029155 ], [ 86.1429833, 20.0292092 ], [ 86.142489, 20.029374 ], [ 86.1423447, 20.0294166 ], [ 86.141604, 20.029645 ], [ 86.1410781, 20.0297829 ], [ 86.1404985, 20.0299674 ], [ 86.1404385, 20.0299896 ], [ 86.1398971, 20.0301901 ], [ 86.1397636, 20.0302395 ], [ 86.1392346, 20.0304867 ], [ 86.138902, 20.0306342 ], [ 86.1386448, 20.0307965 ], [ 86.1384357, 20.0309318 ], [ 86.1382425, 20.0310447 ], [ 86.1380163, 20.0312061 ], [ 86.1375834, 20.0314497 ], [ 86.1372451, 20.0315545 ], [ 86.1371263, 20.031576 ], [ 86.1369236, 20.0316184 ], [ 86.1366179, 20.0316287 ], [ 86.1362162, 20.0316603 ], [ 86.1358052, 20.031727 ], [ 86.1354028, 20.0318333 ], [ 86.1349374, 20.0319243 ], [ 86.1346802, 20.0319942 ], [ 86.1344907, 20.0320903 ], [ 86.1341904, 20.0323101 ], [ 86.1339853, 20.0324399 ], [ 86.1335242, 20.0327319 ], [ 86.1329819, 20.033056 ], [ 86.132483, 20.0332863 ], [ 86.1323094, 20.0333714 ], [ 86.1322044, 20.0334093 ], [ 86.1318886, 20.0335166 ], [ 86.1314864, 20.0336421 ], [ 86.1312003, 20.0337289 ], [ 86.1304031, 20.0339599 ], [ 86.1302559, 20.0339994 ], [ 86.129795, 20.0341121 ], [ 86.1293453, 20.0341907 ], [ 86.1291142, 20.0342429 ], [ 86.1288647, 20.034334 ], [ 86.1286463, 20.0344447 ], [ 86.1282454, 20.0346969 ], [ 86.1280902, 20.0348127 ], [ 86.1278579, 20.0350058 ], [ 86.1278149, 20.0350384 ], [ 86.1277092, 20.0351374 ], [ 86.1276191, 20.0351827 ], [ 86.1275103, 20.0352237 ], [ 86.1272559, 20.0352927 ], [ 86.1270882, 20.0353506 ], [ 86.126794, 20.0354315 ], [ 86.1263451, 20.035577 ], [ 86.1261949, 20.0356221 ], [ 86.1256527, 20.0357598 ], [ 86.1252925, 20.0358391 ], [ 86.1249822, 20.0359036 ], [ 86.1245942, 20.0360021 ], [ 86.1244197, 20.0360699 ], [ 86.1243375, 20.0361098 ], [ 86.1241125, 20.0362558 ], [ 86.1234166, 20.0368281 ], [ 86.1229607, 20.037231 ], [ 86.1223511, 20.0377335 ], [ 86.1220271, 20.0379896 ], [ 86.121853, 20.0381191 ], [ 86.1212819, 20.0385322 ], [ 86.1211241, 20.0386673 ], [ 86.1209979, 20.0387719 ], [ 86.1209236, 20.0388524 ], [ 86.1208313, 20.0389697 ], [ 86.1207433, 20.0389016 ], [ 86.1207118, 20.0388813 ], [ 86.120692, 20.0388684 ], [ 86.1206708, 20.0388555 ], [ 86.1206488, 20.038849 ], [ 86.120621, 20.0388516 ], [ 86.1204019, 20.0389854 ], [ 86.1203356, 20.039036 ], [ 86.1203072, 20.0390644 ], [ 86.120287, 20.0390948 ], [ 86.1202359, 20.0391849 ], [ 86.1202106, 20.0392162 ], [ 86.1201747, 20.0392474 ], [ 86.1192189, 20.0397968 ], [ 86.1189065, 20.0399924 ], [ 86.1181974, 20.0405082 ], [ 86.1179248, 20.0401371 ], [ 86.1176632, 20.0397631 ], [ 86.1175648, 20.0396277 ], [ 86.1174817, 20.0394908 ], [ 86.1174097, 20.0393639 ], [ 86.1171429, 20.0387971 ], [ 86.1170075, 20.0385032 ], [ 86.1168377, 20.0381828 ], [ 86.1167948, 20.0381393 ], [ 86.1167422, 20.0381187 ], [ 86.1166815, 20.0381249 ], [ 86.1166025, 20.0381632 ], [ 86.1163163, 20.0383471 ], [ 86.1161825, 20.0384114 ], [ 86.1159903, 20.0384888 ], [ 86.1157564, 20.0385542 ], [ 86.1154828, 20.0386046 ], [ 86.1151743, 20.0386298 ], [ 86.1122834, 20.0387727 ], [ 86.1121462, 20.0387676 ], [ 86.1114159, 20.038796 ], [ 86.1110008, 20.0388062 ], [ 86.1097966, 20.0388329 ], [ 86.1096001, 20.038827 ], [ 86.1080909, 20.0388597 ], [ 86.1079967, 20.0388617 ], [ 86.1071921, 20.038897 ], [ 86.1066664, 20.038897 ], [ 86.1064527, 20.0389074 ], [ 86.1060441, 20.0389272 ], [ 86.1045474, 20.0391087 ], [ 86.1041714, 20.039156 ], [ 86.1040259, 20.0391664 ], [ 86.1039251, 20.0391823 ], [ 86.1035377, 20.0392435 ], [ 86.1033443, 20.0392834 ], [ 86.1032025, 20.0393203 ], [ 86.1030445, 20.0393649 ], [ 86.1029312, 20.0394171 ], [ 86.1028132, 20.0394933 ], [ 86.1027032, 20.0395934 ], [ 86.1026405, 20.0396564 ], [ 86.102455, 20.0399172 ], [ 86.1024061, 20.039964 ], [ 86.1018618, 20.0404853 ], [ 86.101751, 20.0405888 ], [ 86.1016076, 20.0406836 ], [ 86.1011812, 20.0409242 ], [ 86.1010722, 20.0409697 ], [ 86.1009539, 20.041002 ], [ 86.1004437, 20.0411207 ], [ 86.1002441, 20.0411815 ], [ 86.0998867, 20.041316 ], [ 86.0968485, 20.042416 ], [ 86.0960855, 20.0427703 ], [ 86.095639, 20.0430052 ], [ 86.0949935, 20.0433732 ], [ 86.0947615, 20.0434863 ], [ 86.0945471, 20.0435762 ], [ 86.091014, 20.0449501 ], [ 86.0904804, 20.045119 ], [ 86.0899713, 20.0452516 ], [ 86.0888672, 20.0455255 ], [ 86.0869849, 20.0460176 ], [ 86.086837, 20.0460601 ], [ 86.0866914, 20.0461146 ], [ 86.0865337, 20.0461844 ], [ 86.0862172, 20.0463608 ], [ 86.0858872, 20.0466052 ], [ 86.0852346, 20.0470996 ], [ 86.084959, 20.0473337 ], [ 86.0848693, 20.0474248 ], [ 86.0846671, 20.0477267 ], [ 86.0846159, 20.0478122 ], [ 86.0845725, 20.0479065 ], [ 86.0844529, 20.0483044 ], [ 86.0844276, 20.0484026 ], [ 86.0830119, 20.0530068 ], [ 86.0829742, 20.053185 ], [ 86.0829795, 20.0533834 ], [ 86.0832148, 20.0550417 ], [ 86.0832876, 20.0556132 ], [ 86.0836021, 20.0577497 ], [ 86.0836872, 20.0581738 ], [ 86.083998, 20.0597315 ], [ 86.0839697, 20.0597357 ], [ 86.0838227, 20.059755 ], [ 86.083796, 20.059759 ], [ 86.0837388, 20.0597685 ], [ 86.0823267, 20.0600055 ], [ 86.0819246, 20.0600783 ], [ 86.0817894, 20.0601209 ], [ 86.0817409, 20.0601382 ], [ 86.0811722, 20.060479 ], [ 86.0811394, 20.0604933 ], [ 86.0801651, 20.0610629 ], [ 86.0800102, 20.0611847 ], [ 86.0797083, 20.0614339 ], [ 86.0794089, 20.0616932 ], [ 86.0792655, 20.0618034 ], [ 86.0790927, 20.0619239 ], [ 86.0787565, 20.0621039 ], [ 86.0782674, 20.0623144 ], [ 86.0777131, 20.0625613 ], [ 86.076939, 20.0629449 ], [ 86.0766732, 20.0630888 ], [ 86.0763206, 20.0632605 ], [ 86.0760486, 20.0633977 ], [ 86.0755013, 20.0636373 ], [ 86.0754359, 20.0636646 ], [ 86.0753494, 20.0636911 ], [ 86.075211, 20.0637077 ], [ 86.075029, 20.0637069 ], [ 86.0743156, 20.0636946 ], [ 86.0741259, 20.0636946 ], [ 86.0735692, 20.0637425 ], [ 86.0733567, 20.0637788 ], [ 86.0732089, 20.0638167 ], [ 86.0730951, 20.0638658 ], [ 86.0729724, 20.063934 ], [ 86.0727198, 20.064121 ], [ 86.0725481, 20.0642576 ], [ 86.0722668, 20.0644333 ], [ 86.0720837, 20.0645331 ], [ 86.0718841, 20.0646179 ], [ 86.0713957, 20.0647583 ], [ 86.0707001, 20.0649198 ], [ 86.0701378, 20.0650439 ], [ 86.0691035, 20.0652703 ], [ 86.0682209, 20.0654733 ], [ 86.0680817, 20.0655075 ], [ 86.0679939, 20.0655157 ], [ 86.0678743, 20.0655148 ], [ 86.0675926, 20.0654726 ], [ 86.067049, 20.0653507 ], [ 86.0663068, 20.0651764 ], [ 86.0653924, 20.0648938 ], [ 86.0645966, 20.0645912 ], [ 86.0644371, 20.0645355 ], [ 86.0639035, 20.064308 ], [ 86.0632936, 20.0640476 ], [ 86.0625695, 20.0637409 ], [ 86.0623843, 20.0636996 ], [ 86.0622348, 20.0637058 ], [ 86.0620667, 20.0637382 ], [ 86.0614733, 20.0638669 ], [ 86.0612843, 20.0639134 ], [ 86.0601468, 20.0642051 ], [ 86.0600045, 20.0642454 ], [ 86.0597595, 20.0642999 ], [ 86.0595636, 20.0643259 ], [ 86.0595108, 20.064328 ], [ 86.0593905, 20.0643365 ], [ 86.0591671, 20.0643381 ], [ 86.0574042, 20.0641849 ], [ 86.0558328, 20.0640641 ], [ 86.0552324, 20.0640093 ], [ 86.0547314, 20.0639613 ], [ 86.0540918, 20.0639136 ], [ 86.0535498, 20.063861 ], [ 86.0533485, 20.0638527 ], [ 86.0531411, 20.0638695 ], [ 86.0529852, 20.0638786 ], [ 86.0528254, 20.0638932 ], [ 86.0527106, 20.0639071 ], [ 86.0526458, 20.0639108 ], [ 86.052241, 20.0639515 ], [ 86.0517769, 20.0640056 ], [ 86.0516712, 20.0640202 ], [ 86.0515795, 20.0640276 ], [ 86.0514301, 20.0640407 ], [ 86.0512483, 20.0640731 ], [ 86.0512067, 20.0640818 ], [ 86.0511562, 20.064103 ], [ 86.0508113, 20.064228 ], [ 86.0505656, 20.0643192 ], [ 86.0503312, 20.0643945 ], [ 86.0501124, 20.0644528 ], [ 86.0498509, 20.0645192 ], [ 86.0495538, 20.0645759 ], [ 86.0490126, 20.0646785 ], [ 86.0480227, 20.0648578 ], [ 86.0475635, 20.0649318 ], [ 86.0471191, 20.0649928 ], [ 86.0468732, 20.0650305 ], [ 86.0466921, 20.0650498 ], [ 86.0462928, 20.0650942 ], [ 86.0458793, 20.0651266 ], [ 86.0454361, 20.065148 ], [ 86.0450845, 20.065171 ], [ 86.0448192, 20.065199 ], [ 86.0445095, 20.0652312 ], [ 86.0441661, 20.0652679 ], [ 86.0439015, 20.0653059 ], [ 86.0435389, 20.0653646 ], [ 86.0431154, 20.0654468 ], [ 86.0428167, 20.0655034 ], [ 86.0426355, 20.065538 ], [ 86.0423007, 20.0656156 ], [ 86.0416998, 20.0657446 ], [ 86.0411762, 20.0658927 ], [ 86.0407721, 20.0659948 ], [ 86.039901, 20.066187 ], [ 86.0397093, 20.066221 ], [ 86.0395476, 20.0662589 ], [ 86.0390976, 20.0663782 ], [ 86.0389166, 20.0664044 ], [ 86.038791, 20.066413 ], [ 86.0386874, 20.0664067 ], [ 86.0385768, 20.0663915 ], [ 86.0384879, 20.0663707 ], [ 86.0383286, 20.0663352 ], [ 86.0380133, 20.0662553 ], [ 86.0376349, 20.066154 ], [ 86.0372056, 20.066039 ], [ 86.0369732, 20.0659752 ], [ 86.0364825, 20.0658573 ], [ 86.0361628, 20.0657662 ], [ 86.0359792, 20.0657044 ], [ 86.0358536, 20.065651 ], [ 86.0356535, 20.0655633 ], [ 86.0354414, 20.0654476 ], [ 86.0353253, 20.0653858 ], [ 86.0351917, 20.0653174 ], [ 86.0346852, 20.0650311 ], [ 86.0340525, 20.0646989 ], [ 86.0335099, 20.0643879 ], [ 86.0330087, 20.0641251 ], [ 86.0324448, 20.0637945 ], [ 86.0323713, 20.0637644 ], [ 86.0322898, 20.063749 ], [ 86.0321712, 20.0637363 ], [ 86.032056, 20.0637424 ], [ 86.0319147, 20.0637687 ], [ 86.031659, 20.0638531 ], [ 86.031359, 20.0639402 ], [ 86.0311132, 20.0640146 ], [ 86.0308839, 20.0640757 ], [ 86.0306634, 20.0641345 ], [ 86.0303943, 20.064207 ], [ 86.0302186, 20.0642599 ], [ 86.0296915, 20.064408 ], [ 86.0294526, 20.0644701 ], [ 86.0292888, 20.0645036 ], [ 86.0291377, 20.0645289 ], [ 86.0289935, 20.0645474 ], [ 86.028849, 20.0645624 ], [ 86.0288157, 20.0645655 ], [ 86.0287274, 20.0645731 ], [ 86.0286944, 20.0645752 ], [ 86.0286185, 20.0645807 ], [ 86.0285191, 20.0645897 ], [ 86.028392, 20.0646 ], [ 86.0281658, 20.0646085 ], [ 86.0279531, 20.0646125 ], [ 86.0274682, 20.0646318 ], [ 86.0273185, 20.0646339 ], [ 86.027018, 20.0646387 ], [ 86.0264329, 20.0646234 ], [ 86.0262828, 20.064616 ], [ 86.0261561, 20.0646079 ], [ 86.0260272, 20.0645998 ], [ 86.0258607, 20.0645844 ], [ 86.0256682, 20.0645577 ], [ 86.025518, 20.0645197 ], [ 86.0253274, 20.0644477 ], [ 86.0250318, 20.0643203 ], [ 86.0246548, 20.0641306 ], [ 86.024322, 20.0639771 ], [ 86.024012, 20.0638133 ], [ 86.0233718, 20.0634843 ], [ 86.0229553, 20.0632871 ], [ 86.0227611, 20.0632076 ], [ 86.0225331, 20.0631284 ], [ 86.0222779, 20.063055 ], [ 86.0221278, 20.0630115 ], [ 86.0217753, 20.0629248 ], [ 86.0211501, 20.0627526 ], [ 86.0205597, 20.0625945 ], [ 86.0200985, 20.0624658 ], [ 86.0196791, 20.0623523 ], [ 86.0193802, 20.0622716 ], [ 86.019161, 20.0622175 ], [ 86.0183746, 20.0620227 ], [ 86.0180571, 20.061942 ], [ 86.0177755, 20.0618744 ], [ 86.0176195, 20.0618438 ], [ 86.0174741, 20.0618256 ], [ 86.0173117, 20.0618107 ], [ 86.0171174, 20.0618074 ], [ 86.0168258, 20.0618384 ], [ 86.0165304, 20.0618875 ], [ 86.0162118, 20.0619502 ], [ 86.0161352, 20.0619652 ], [ 86.0159507, 20.0620022 ], [ 86.0150872, 20.0621763 ], [ 86.014979, 20.0621979 ], [ 86.0145122, 20.0622892 ], [ 86.0142336, 20.0623503 ], [ 86.0140633, 20.0623805 ], [ 86.013901, 20.062403 ], [ 86.0137227, 20.0624125 ], [ 86.0135113, 20.0624122 ], [ 86.0133538, 20.0624071 ], [ 86.0132632, 20.0624042 ], [ 86.0130771, 20.0623961 ], [ 86.0129027, 20.0623825 ], [ 86.0127639, 20.0623666 ], [ 86.012659, 20.0623463 ], [ 86.0125482, 20.0623222 ], [ 86.0115857, 20.0621277 ], [ 86.0114534, 20.0621027 ], [ 86.0110662, 20.0620294 ], [ 86.0107244, 20.0619688 ], [ 86.0102028, 20.06191 ], [ 86.0100543, 20.0618906 ], [ 86.0098468, 20.0618528 ], [ 86.0097366, 20.0618306 ], [ 86.0096773, 20.0618187 ], [ 86.0094377, 20.0617468 ], [ 86.0089618, 20.0615626 ], [ 86.0082572, 20.0612961 ], [ 86.0080266, 20.0612051 ], [ 86.0079856, 20.0611938 ], [ 86.0078422, 20.0611318 ], [ 86.007629, 20.0610608 ], [ 86.0075488, 20.0610502 ], [ 86.0074795, 20.0610487 ], [ 86.0073081, 20.0610402 ], [ 86.0070617, 20.0610059 ], [ 86.0069668, 20.0609958 ], [ 86.0064238, 20.060912 ], [ 86.0056003, 20.0607363 ], [ 86.0055136, 20.0607183 ], [ 86.0054163, 20.060697 ], [ 86.0050009, 20.0606162 ], [ 86.0047661, 20.060556 ], [ 86.0045578, 20.0605212 ], [ 86.0044261, 20.0605176 ], [ 86.0043867, 20.0604917 ], [ 86.0043063, 20.060501 ], [ 86.0041165, 20.0605232 ], [ 86.0040185, 20.0605406 ], [ 86.0038691, 20.0605628 ], [ 86.0038104, 20.0605735 ], [ 86.0036815, 20.0605994 ], [ 86.0032953, 20.0607004 ], [ 86.0029345, 20.0608013 ], [ 86.0027058, 20.0608545 ], [ 86.0023183, 20.0609417 ], [ 86.0022132, 20.0609689 ], [ 86.0021328, 20.0609927 ], [ 86.0020599, 20.0610267 ], [ 86.0020084, 20.061058 ], [ 86.0019318, 20.0611243 ], [ 86.0018219, 20.0612386 ], [ 86.0016744, 20.0614037 ], [ 86.0014309, 20.0616747 ], [ 86.001076, 20.0620524 ], [ 86.0009986, 20.0621408 ], [ 86.0009639, 20.0621826 ], [ 86.0008119, 20.0623553 ], [ 86.0007696, 20.0624041 ], [ 86.0007029, 20.0624742 ], [ 86.0005315, 20.062667 ], [ 85.999898, 20.0633796 ], [ 85.9989569, 20.0644852 ], [ 85.9987989, 20.0646448 ], [ 85.9987427, 20.0646945 ], [ 85.9986911, 20.0647486 ], [ 85.9985856, 20.0648298 ], [ 85.9985666, 20.0648358 ], [ 85.9985339, 20.0648515 ], [ 85.9985131, 20.0648754 ], [ 85.9983908, 20.0649367 ], [ 85.9982344, 20.0649952 ], [ 85.9980188, 20.0650644 ], [ 85.9978712, 20.0651007 ], [ 85.997649, 20.0651356 ], [ 85.9975385, 20.0651489 ], [ 85.9973794, 20.0651691 ], [ 85.9970888, 20.0651921 ], [ 85.99698, 20.065207 ], [ 85.9965257, 20.0652503 ], [ 85.9963748, 20.0652631 ], [ 85.9963084, 20.0652644 ], [ 85.9960983, 20.0652886 ], [ 85.9959009, 20.0653024 ], [ 85.9953049, 20.065352 ], [ 85.9951063, 20.0653714 ], [ 85.9948183, 20.0653999 ], [ 85.9947491, 20.065407 ], [ 85.9946762, 20.0654137 ], [ 85.9941579, 20.0654703 ], [ 85.9939932, 20.0654838 ], [ 85.9938525, 20.0655039 ], [ 85.9936114, 20.0655486 ], [ 85.99349, 20.0655688 ], [ 85.993271, 20.0656339 ], [ 85.9931246, 20.0656718 ], [ 85.9927536, 20.0657829 ], [ 85.9923825, 20.0658963 ], [ 85.9916281, 20.0661617 ], [ 85.9908649, 20.0664152 ], [ 85.9904661, 20.066541 ], [ 85.9902282, 20.066624 ], [ 85.9894626, 20.0668914 ], [ 85.9891515, 20.0670096 ], [ 85.9889239, 20.0670946 ], [ 85.9881221, 20.0673802 ], [ 85.9879732, 20.0674333 ], [ 85.9878983, 20.067454 ], [ 85.9873842, 20.0676486 ], [ 85.9869159, 20.067825 ], [ 85.9866049, 20.067939 ], [ 85.9860171, 20.068157 ], [ 85.9856829, 20.0682789 ], [ 85.9855382, 20.0683284 ], [ 85.9851153, 20.0684865 ], [ 85.9843061, 20.0688012 ], [ 85.983797, 20.0689864 ], [ 85.9837363, 20.0690047 ], [ 85.9831851, 20.0691984 ], [ 85.9826518, 20.0693646 ], [ 85.9825519, 20.0694023 ], [ 85.9825061, 20.0694193 ], [ 85.9823892, 20.0694595 ], [ 85.9823492, 20.0694714 ], [ 85.9821026, 20.0695417 ], [ 85.9819589, 20.0695878 ], [ 85.9818411, 20.069624 ], [ 85.981544, 20.0697154 ], [ 85.9812379, 20.0697914 ], [ 85.9809514, 20.0698572 ], [ 85.9809028, 20.0698696 ], [ 85.9803492, 20.0700186 ], [ 85.9797784, 20.0701818 ], [ 85.9790253, 20.0704246 ], [ 85.9785981, 20.0705856 ], [ 85.9785454, 20.0706313 ], [ 85.9784907, 20.0706513 ], [ 85.9780926, 20.0707974 ], [ 85.9777437, 20.0709267 ], [ 85.9770886, 20.0711797 ], [ 85.9765235, 20.071415 ], [ 85.9760542, 20.0716238 ], [ 85.975224, 20.0720265 ], [ 85.9741894, 20.0725169 ], [ 85.9741639, 20.072529 ], [ 85.9737058, 20.0727493 ], [ 85.9721706, 20.0734877 ], [ 85.9708964, 20.0740745 ], [ 85.9691274, 20.0748281 ], [ 85.968627, 20.0750493 ], [ 85.9680421, 20.0752958 ], [ 85.9676127, 20.0754811 ], [ 85.9670574, 20.07573 ], [ 85.9665643, 20.0759422 ], [ 85.9663609, 20.0760271 ], [ 85.9640772, 20.0770277 ], [ 85.9634753, 20.0772926 ], [ 85.9633242, 20.0773637 ], [ 85.9629259, 20.0775461 ], [ 85.9627182, 20.0776518 ], [ 85.9607642, 20.0787504 ], [ 85.9604255, 20.0789369 ], [ 85.9598412, 20.0792737 ], [ 85.9592917, 20.0795904 ], [ 85.9591505, 20.0796742 ], [ 85.9585845, 20.0799845 ], [ 85.957819, 20.0803229 ], [ 85.9575977, 20.0804065 ], [ 85.9571109, 20.0805827 ], [ 85.9567463, 20.0807147 ], [ 85.9565176, 20.0807814 ], [ 85.9560722, 20.0809112 ], [ 85.955256, 20.0811014 ], [ 85.9545786, 20.0812677 ], [ 85.9542382, 20.0813574 ], [ 85.954003, 20.0814312 ], [ 85.9537831, 20.0815066 ], [ 85.9533764, 20.0816749 ], [ 85.9530422, 20.0818369 ], [ 85.9529397, 20.0818946 ], [ 85.952504, 20.08214 ], [ 85.9520935, 20.0824325 ], [ 85.9517753, 20.0826673 ], [ 85.9517343, 20.0826976 ], [ 85.9517093, 20.0827161 ], [ 85.9516391, 20.0827679 ], [ 85.95144, 20.0829149 ], [ 85.9513808, 20.0829586 ], [ 85.9513349, 20.0829922 ], [ 85.9512238, 20.0830776 ], [ 85.9510504, 20.0831813 ], [ 85.9508291, 20.0832717 ], [ 85.9498561, 20.0834896 ], [ 85.9478929, 20.0839158 ], [ 85.9476922, 20.0839622 ], [ 85.9462397, 20.0842625 ], [ 85.9446571, 20.084594 ], [ 85.9443603, 20.0846562 ], [ 85.94407, 20.084717 ], [ 85.943959, 20.0847392 ], [ 85.943472, 20.0848364 ], [ 85.9433691, 20.084854 ], [ 85.9429879, 20.0849192 ], [ 85.9426151, 20.0849609 ], [ 85.9417317, 20.0850126 ], [ 85.941119, 20.0850373 ], [ 85.9407065, 20.0850462 ], [ 85.9406373, 20.0850477 ], [ 85.9404575, 20.0850472 ], [ 85.9383109, 20.0850252 ], [ 85.9377369, 20.0850421 ], [ 85.9376565, 20.0850517 ], [ 85.9375632, 20.085063 ], [ 85.9374784, 20.085066 ], [ 85.937437, 20.0850664 ], [ 85.9372646, 20.0850852 ], [ 85.9371311, 20.0851014 ], [ 85.9368822, 20.0851379 ], [ 85.9359082, 20.0853935 ], [ 85.9356531, 20.0854522 ], [ 85.9354424, 20.085472 ], [ 85.9352153, 20.085468 ], [ 85.9349682, 20.0854005 ], [ 85.9347206, 20.0853409 ], [ 85.9345106, 20.0853121 ], [ 85.9342844, 20.0853067 ], [ 85.933671, 20.0852919 ], [ 85.9330215, 20.0852392 ], [ 85.932602, 20.0851592 ], [ 85.9322038, 20.0850361 ], [ 85.9315637, 20.0847615 ], [ 85.9313455, 20.084657 ], [ 85.9311232, 20.0845887 ], [ 85.9309455, 20.0845378 ], [ 85.9307691, 20.0845133 ], [ 85.9305744, 20.0845223 ], [ 85.9304565, 20.0845599 ], [ 85.930314, 20.0846495 ], [ 85.9300181, 20.0849741 ], [ 85.9296297, 20.0854179 ], [ 85.929185, 20.085867 ], [ 85.9284245, 20.0866765 ], [ 85.9281226, 20.0870453 ], [ 85.9277723, 20.0875354 ], [ 85.927684, 20.0876414 ], [ 85.9273365, 20.0880402 ], [ 85.9269223, 20.0885651 ], [ 85.9264877, 20.0891197 ], [ 85.9260947, 20.0896117 ], [ 85.9259068, 20.0897821 ], [ 85.9257279, 20.0898977 ], [ 85.9256312, 20.0899476 ], [ 85.9251749, 20.0901149 ], [ 85.9246615, 20.0902878 ], [ 85.9239716, 20.0905276 ], [ 85.9237383, 20.090599 ], [ 85.9235176, 20.0906619 ], [ 85.9230755, 20.0908116 ], [ 85.9224891, 20.0910124 ], [ 85.9219798, 20.0911691 ], [ 85.9217988, 20.091214 ], [ 85.9211046, 20.0914215 ], [ 85.9202639, 20.0916843 ], [ 85.9200366, 20.091755 ], [ 85.9197791, 20.09183 ], [ 85.9187328, 20.092218 ], [ 85.9183632, 20.0923639 ], [ 85.9159929, 20.093265 ], [ 85.9158633, 20.0933009 ], [ 85.9155, 20.0934081 ], [ 85.9147937, 20.093553 ], [ 85.9142916, 20.0936063 ], [ 85.913479, 20.0936639 ], [ 85.9127025, 20.0937049 ], [ 85.9110808, 20.0938597 ], [ 85.9101747, 20.093879 ], [ 85.909919, 20.09391 ], [ 85.9097741, 20.0939229 ], [ 85.9093461, 20.0940106 ], [ 85.9078635, 20.094435 ], [ 85.9073547, 20.0945675 ], [ 85.9071167, 20.0946265 ], [ 85.9068347, 20.0947416 ], [ 85.9057994, 20.095175 ], [ 85.9052884, 20.0954035 ], [ 85.9050592, 20.0955008 ], [ 85.9049065, 20.0955436 ], [ 85.9047914, 20.0955742 ], [ 85.9035578, 20.0958446 ], [ 85.9022492, 20.0961236 ], [ 85.9020086, 20.0961778 ], [ 85.901849, 20.0962137 ], [ 85.9014679, 20.096322 ], [ 85.901194, 20.0964108 ], [ 85.9006412, 20.0966669 ], [ 85.9000763, 20.096976 ], [ 85.8993939, 20.0973397 ], [ 85.8990327, 20.0975303 ], [ 85.8987793, 20.0976607 ], [ 85.8986208, 20.0977152 ], [ 85.8983094, 20.097785 ], [ 85.8979709, 20.0978256 ], [ 85.8970608, 20.0979521 ], [ 85.8957388, 20.0981407 ], [ 85.8950842, 20.0982917 ], [ 85.8948504, 20.0983562 ], [ 85.8947091, 20.0983959 ], [ 85.894572, 20.0984368 ], [ 85.8923162, 20.099348 ], [ 85.8914483, 20.0996843 ], [ 85.8910597, 20.0998398 ], [ 85.8906014, 20.100011 ], [ 85.8902934, 20.1001092 ], [ 85.8900395, 20.1001712 ], [ 85.8897792, 20.1002243 ], [ 85.8895058, 20.1002602 ], [ 85.8889147, 20.1003196 ], [ 85.8888369, 20.1003272 ], [ 85.8886932, 20.100343 ], [ 85.888376, 20.1003816 ], [ 85.8857075, 20.1008919 ], [ 85.8855501, 20.1009207 ], [ 85.8848224, 20.1010305 ], [ 85.8845131, 20.1011123 ], [ 85.8843575, 20.1011664 ], [ 85.8842683, 20.1012046 ], [ 85.8841901, 20.1012481 ], [ 85.8839521, 20.1014341 ], [ 85.8838887, 20.1015 ], [ 85.883434, 20.1019809 ], [ 85.8831473, 20.1022558 ], [ 85.8831121, 20.1022908 ], [ 85.8830258, 20.1023817 ], [ 85.8829159, 20.102488 ], [ 85.8825946, 20.1027693 ], [ 85.8824299, 20.1028954 ], [ 85.8822251, 20.1030421 ], [ 85.8803079, 20.1039576 ], [ 85.8799101, 20.1041454 ], [ 85.8797017, 20.104268 ], [ 85.879582, 20.1043637 ], [ 85.8795108, 20.10443 ], [ 85.8793498, 20.1046161 ], [ 85.8791358, 20.1048992 ], [ 85.8788787, 20.1052659 ], [ 85.8787794, 20.1054099 ], [ 85.8785304, 20.1058344 ], [ 85.8775557, 20.1076649 ], [ 85.8772018, 20.1082155 ], [ 85.877038, 20.1084479 ], [ 85.8768618, 20.1086391 ], [ 85.8767274, 20.1087718 ], [ 85.8757248, 20.1096652 ], [ 85.8755395, 20.1098218 ], [ 85.8753295, 20.1099351 ], [ 85.8751373, 20.1100102 ], [ 85.8741208, 20.1103949 ], [ 85.8732715, 20.1106739 ], [ 85.8729419, 20.1107994 ], [ 85.8723819, 20.1110984 ], [ 85.8715035, 20.1116462 ], [ 85.8712587, 20.1117902 ], [ 85.8711123, 20.1118772 ], [ 85.8701187, 20.1124915 ], [ 85.869883, 20.1126571 ], [ 85.8690947, 20.1131806 ], [ 85.8689371, 20.113302 ], [ 85.8688201, 20.1134053 ], [ 85.8687594, 20.1134784 ], [ 85.8685689, 20.1137413 ], [ 85.8685351, 20.1138059 ], [ 85.8682054, 20.1143564 ], [ 85.8680757, 20.1145281 ], [ 85.8679624, 20.114646 ], [ 85.8677742, 20.1147816 ], [ 85.8663509, 20.1154038 ], [ 85.8660089, 20.1155563 ], [ 85.8657058, 20.1157201 ], [ 85.8651515, 20.116114 ], [ 85.8648471, 20.1163781 ], [ 85.8647623, 20.1164658 ], [ 85.8647021, 20.1165924 ], [ 85.8646952, 20.1166081 ], [ 85.8646787, 20.1166396 ], [ 85.8645895, 20.1168322 ], [ 85.8645631, 20.1169739 ], [ 85.8645535, 20.1170352 ], [ 85.8645047, 20.1173655 ], [ 85.8642412, 20.1193087 ], [ 85.8642174, 20.1194585 ], [ 85.8641318, 20.1199048 ], [ 85.8640359, 20.1200655 ], [ 85.8639513, 20.120162 ], [ 85.8638473, 20.120238 ], [ 85.8636133, 20.1203416 ], [ 85.8631204, 20.1205315 ], [ 85.8630437, 20.120558 ], [ 85.8631385, 20.1206115 ], [ 85.8633611, 20.120635 ], [ 85.8638699, 20.1207576 ], [ 85.8641622, 20.1208324 ], [ 85.8642159, 20.1208631 ], [ 85.8642602, 20.120931 ], [ 85.8644609, 20.1216965 ], [ 85.8644779, 20.1217364 ], [ 85.8645004, 20.121777 ], [ 85.8648089, 20.122271 ], [ 85.8649141, 20.1224517 ], [ 85.8654163, 20.1234347 ], [ 85.8656889, 20.1239684 ], [ 85.8659624, 20.1247542 ], [ 85.8661336, 20.1252089 ], [ 85.8661664, 20.125296 ], [ 85.8663951, 20.1258825 ], [ 85.8666605, 20.1267794 ], [ 85.8666783, 20.1268619 ], [ 85.8668912, 20.1277225 ], [ 85.8670786, 20.128499 ], [ 85.8674429, 20.1298418 ], [ 85.867577, 20.1309158 ], [ 85.8675867, 20.1309763 ], [ 85.8676451, 20.1314403 ], [ 85.8678577, 20.1322491 ], [ 85.8678648, 20.13228 ], [ 85.8680492, 20.1330844 ], [ 85.8681486, 20.1334623 ], [ 85.8681624, 20.1340731 ], [ 85.8681487, 20.134191 ], [ 85.8681334, 20.1344234 ], [ 85.8680407, 20.1348571 ], [ 85.8675821, 20.1367078 ], [ 85.8675527, 20.136804 ], [ 85.8675092, 20.1369056 ], [ 85.8674079, 20.137098 ], [ 85.8673433, 20.1372328 ], [ 85.8673046, 20.1373136 ], [ 85.8670894, 20.1377595 ], [ 85.8667435, 20.1384686 ], [ 85.8665849, 20.1388906 ], [ 85.8665469, 20.1391908 ], [ 85.8665379, 20.1398245 ], [ 85.8665168, 20.1404141 ], [ 85.8665146, 20.1404761 ], [ 85.8665146, 20.1404818 ], [ 85.8665167, 20.1404881 ], [ 85.8665195, 20.1404912 ], [ 85.866523, 20.1404938 ], [ 85.8665276, 20.1404955 ], [ 85.8665321, 20.1404963 ], [ 85.8665814, 20.1404994 ], [ 85.8665931, 20.1405025 ], [ 85.8666037, 20.1405078 ], [ 85.8666111, 20.1405129 ], [ 85.866616, 20.1405187 ], [ 85.8666234, 20.1405314 ], [ 85.8666094, 20.1423119 ], [ 85.8666057, 20.1427799 ], [ 85.8665042, 20.1443316 ], [ 85.8664025, 20.1454105 ], [ 85.8663423, 20.145701 ], [ 85.866305, 20.145771 ], [ 85.8662762, 20.1458251 ], [ 85.8662001, 20.1459209 ], [ 85.8648453, 20.1470829 ], [ 85.8647216, 20.1471806 ], [ 85.8647111, 20.1471963 ], [ 85.8646658, 20.1472734 ], [ 85.864491, 20.1480632 ], [ 85.8644675, 20.1481672 ], [ 85.8644119, 20.1482873 ], [ 85.8642387, 20.1486108 ], [ 85.8637936, 20.1493842 ], [ 85.8634061, 20.1500258 ], [ 85.8626094, 20.1509217 ], [ 85.8626952, 20.150964 ], [ 85.8632881, 20.1511797 ], [ 85.8633017, 20.1511846 ], [ 85.8633238, 20.1511864 ], [ 85.8633431, 20.151184 ], [ 85.8633567, 20.1512071 ], [ 85.8633638, 20.1512349 ], [ 85.863364, 20.1512454 ], [ 85.8633641, 20.1512534 ], [ 85.8633618, 20.1512718 ], [ 85.8630767, 20.1518864 ], [ 85.8630372, 20.1520085 ], [ 85.8629272, 20.1527566 ], [ 85.8628642, 20.153107 ], [ 85.8628577, 20.1532164 ], [ 85.8628559, 20.1532414 ], [ 85.8628427, 20.1534339 ], [ 85.8628215, 20.1536733 ], [ 85.8628232, 20.1538171 ], [ 85.8628327, 20.1538328 ], [ 85.8628494, 20.1538463 ], [ 85.8628718, 20.1538579 ], [ 85.8628955, 20.153865 ], [ 85.8632245, 20.1538756 ], [ 85.8632455, 20.1538836 ], [ 85.8632618, 20.1538943 ], [ 85.86328, 20.1539162 ], [ 85.8632905, 20.1539399 ], [ 85.8633015, 20.1540721 ], [ 85.8633369, 20.1552902 ], [ 85.8633162, 20.1554259 ], [ 85.8632853, 20.1554937 ], [ 85.8632285, 20.1555421 ], [ 85.8631769, 20.155576 ], [ 85.8631459, 20.1556051 ], [ 85.8631098, 20.1556535 ], [ 85.8630892, 20.1557117 ], [ 85.8630892, 20.1557747 ], [ 85.8631046, 20.1558425 ], [ 85.8631897, 20.1560929 ], [ 85.8634504, 20.1568599 ], [ 85.8634783, 20.156948 ], [ 85.8635072, 20.1570391 ], [ 85.8635433, 20.1571796 ], [ 85.8635846, 20.1574606 ], [ 85.8635846, 20.1577367 ], [ 85.8635278, 20.1582357 ], [ 85.8635123, 20.1585603 ], [ 85.8634943, 20.1588559 ], [ 85.8634851, 20.159008 ], [ 85.8634601, 20.1591353 ], [ 85.8634238, 20.1592186 ], [ 85.8625902, 20.1593417 ], [ 85.8625499, 20.1590604 ], [ 85.8625129, 20.1590699 ], [ 85.8624009, 20.1590857 ], [ 85.8623597, 20.1590889 ], [ 85.8621173, 20.159136 ], [ 85.8618531, 20.1591587 ], [ 85.8614349, 20.1591477 ], [ 85.8611195, 20.1591642 ], [ 85.8608478, 20.1591688 ], [ 85.860727, 20.1591839 ], [ 85.8606707, 20.1591952 ], [ 85.8606063, 20.1592254 ], [ 85.8603648, 20.1593766 ], [ 85.8602923, 20.1594106 ], [ 85.8602561, 20.1594181 ], [ 85.8602118, 20.1594106 ], [ 85.8600815, 20.1593554 ], [ 85.8598813, 20.1593016 ], [ 85.8597218, 20.1592639 ], [ 85.8595674, 20.1592406 ], [ 85.8594212, 20.1592365 ], [ 85.8591841, 20.1592431 ], [ 85.8591048, 20.1592454 ], [ 85.8590443, 20.159223 ], [ 85.8589931, 20.159181 ], [ 85.858966, 20.1591244 ], [ 85.858953, 20.1589689 ], [ 85.8587381, 20.1590199 ], [ 85.85857, 20.1590429 ], [ 85.8584574, 20.1590353 ], [ 85.8582696, 20.1590076 ], [ 85.857988, 20.1589296 ], [ 85.8572772, 20.1587697 ], [ 85.8571579, 20.1587458 ], [ 85.857072, 20.1587357 ], [ 85.8569902, 20.1587609 ], [ 85.8569312, 20.1588414 ], [ 85.8568427, 20.1590429 ], [ 85.8563331, 20.1598436 ], [ 85.855824, 20.1606741 ], [ 85.8556997, 20.1608079 ], [ 85.8555794, 20.1609208 ], [ 85.8553651, 20.1611111 ], [ 85.855185, 20.161297 ], [ 85.8550727, 20.1614283 ], [ 85.8549454, 20.1615595 ], [ 85.8548646, 20.1616307 ], [ 85.854848, 20.1616438 ], [ 85.8546208, 20.1618126 ], [ 85.8543163, 20.162 ], [ 85.8540916, 20.1621664 ], [ 85.8540466, 20.1621989 ], [ 85.8539942, 20.1622367 ], [ 85.8538744, 20.1623422 ], [ 85.8537546, 20.1624875 ], [ 85.8536772, 20.162614 ], [ 85.8536273, 20.162696 ], [ 85.8535749, 20.1628226 ], [ 85.8534565, 20.1631035 ], [ 85.8534019, 20.1632297 ], [ 85.8536742, 20.163456 ], [ 85.8543822, 20.1640962 ], [ 85.8549198, 20.16459 ], [ 85.8552743, 20.1649392 ], [ 85.8554779, 20.1651755 ], [ 85.8556025, 20.1653372 ], [ 85.8557353, 20.1655094 ], [ 85.8558864, 20.1657234 ], [ 85.8560838, 20.1660549 ], [ 85.8563489, 20.1665975 ], [ 85.8563783, 20.1666569 ], [ 85.8564924, 20.1670045 ], [ 85.8565803, 20.1673197 ], [ 85.8566294, 20.1674901 ], [ 85.8568251, 20.1681535 ], [ 85.8570018, 20.1688826 ], [ 85.8570826, 20.1692491 ], [ 85.8572808, 20.1700562 ], [ 85.8575691, 20.1712327 ], [ 85.8578847, 20.172507 ], [ 85.8579874, 20.1729111 ], [ 85.8580903, 20.1733158 ], [ 85.8583353, 20.1742475 ], [ 85.8585568, 20.1750865 ], [ 85.8586641, 20.1756291 ], [ 85.8586977, 20.1759934 ], [ 85.858712, 20.1762748 ], [ 85.8587101, 20.1765819 ], [ 85.8586812, 20.1768791 ], [ 85.8586486, 20.1771295 ], [ 85.8586274, 20.1772539 ], [ 85.8585503, 20.1776378 ], [ 85.858369, 20.1782387 ], [ 85.8583094, 20.1784689 ], [ 85.858222, 20.1788066 ], [ 85.8581406, 20.1791212 ], [ 85.8578507, 20.1801889 ], [ 85.857786, 20.1804685 ], [ 85.8577422, 20.1807114 ], [ 85.8577212, 20.1808087 ], [ 85.8576802, 20.1810381 ], [ 85.857647, 20.1812816 ], [ 85.8576219, 20.1815423 ], [ 85.8575965, 20.1818982 ], [ 85.8575801, 20.1822555 ], [ 85.8575949, 20.1828118 ], [ 85.857616, 20.1832426 ], [ 85.857681, 20.1843806 ], [ 85.8577372, 20.185187 ], [ 85.8577729, 20.1857673 ], [ 85.8578182, 20.1862808 ], [ 85.8578408, 20.1868841 ], [ 85.8578792, 20.1875573 ], [ 85.8578884, 20.1877285 ], [ 85.8579177, 20.1879843 ], [ 85.8579539, 20.1881618 ], [ 85.8580318, 20.1884766 ], [ 85.8581215, 20.1887856 ], [ 85.8584976, 20.1899228 ], [ 85.8586558, 20.1904273 ], [ 85.8588335, 20.19097 ], [ 85.8589128, 20.1912286 ], [ 85.8590093, 20.1915913 ], [ 85.8590874, 20.1919333 ], [ 85.8591618, 20.1923331 ], [ 85.8592247, 20.1927687 ], [ 85.8595216, 20.1944451 ], [ 85.8567301, 20.1950489 ], [ 85.8545083, 20.1955124 ], [ 85.8539578, 20.1956237 ], [ 85.8529522, 20.1958496 ], [ 85.8529528, 20.195881 ], [ 85.8529709, 20.196032 ], [ 85.8529733, 20.1960584 ], [ 85.8529811, 20.1961833 ], [ 85.8529796, 20.1963135 ], [ 85.8529759, 20.1964413 ], [ 85.8528205, 20.196435 ], [ 85.852702, 20.1964444 ], [ 85.8522988, 20.1965323 ], [ 85.8518795, 20.1966213 ], [ 85.8512878, 20.1967245 ], [ 85.8509798, 20.1967729 ], [ 85.8506309, 20.1968101 ], [ 85.8504231, 20.1968329 ], [ 85.8502372, 20.1968715 ], [ 85.8501568, 20.1968889 ], [ 85.8501872, 20.1974059 ], [ 85.8501943, 20.1978943 ], [ 85.850196, 20.1979416 ], [ 85.8502205, 20.1986335 ], [ 85.8502249, 20.1990325 ], [ 85.8501724, 20.2001336 ], [ 85.8488375, 20.200129 ], [ 85.8487862, 20.2001288 ], [ 85.8484366, 20.2001063 ], [ 85.8481932, 20.2001031 ], [ 85.8479778, 20.200078 ], [ 85.8478988, 20.2000582 ], [ 85.8478113, 20.2000465 ], [ 85.847586, 20.2000289 ], [ 85.8474465, 20.2000289 ], [ 85.8473236, 20.2000555 ], [ 85.8472176, 20.2000792 ], [ 85.8471139, 20.2001095 ], [ 85.8470415, 20.2001346 ], [ 85.8471185, 20.2003455 ], [ 85.8471617, 20.2005335 ], [ 85.8471771, 20.2007156 ], [ 85.8471832, 20.2008747 ], [ 85.8471894, 20.2012043 ] ] } },
{ "type": "Feature", "properties": { "village": "Udayakani", "site": "Nimapada" }, "geometry": { "type": "LineString", "coordinates": [ [ 86.287179, 19.9767935 ], [ 86.2869094, 19.9770393 ], [ 86.2865272, 19.9773595 ], [ 86.2864669, 19.9774086 ], [ 86.2861142, 19.9775964 ], [ 86.2860538, 19.9776254 ], [ 86.2855831, 19.9777653 ], [ 86.284533, 19.9779733 ], [ 86.2839282, 19.9780741 ], [ 86.2837981, 19.9780716 ], [ 86.2834816, 19.9779859 ], [ 86.2833884, 19.9779495 ], [ 86.2829019, 19.977684 ], [ 86.2818786, 19.9770683 ], [ 86.2817261, 19.976968 ], [ 86.2815588, 19.9769117 ], [ 86.2811934, 19.976867 ], [ 86.2803424, 19.976858 ], [ 86.279815, 19.9768432 ], [ 86.2794439, 19.9768395 ], [ 86.27909, 19.9768218 ], [ 86.2787623, 19.9768013 ], [ 86.2784398, 19.9767716 ], [ 86.2778834, 19.9766569 ], [ 86.2778203, 19.9766489 ], [ 86.2775449, 19.976614 ], [ 86.2773405, 19.9766036 ], [ 86.277104, 19.9766187 ], [ 86.2769496, 19.9766383 ], [ 86.2767686, 19.9766751 ], [ 86.2763475, 19.9767865 ], [ 86.2761293, 19.9768442 ], [ 86.275487, 19.9770577 ], [ 86.273673, 19.9776616 ], [ 86.2735905, 19.9776884 ], [ 86.273398, 19.9777409 ], [ 86.273212, 19.9777774 ], [ 86.2717436, 19.9780047 ], [ 86.2715129, 19.9780783 ], [ 86.2713982, 19.9781412 ], [ 86.2713045, 19.9782144 ], [ 86.2712354, 19.9782913 ], [ 86.2711801, 19.9784318 ], [ 86.2710825, 19.9786515 ], [ 86.270992, 19.9787611 ], [ 86.2708733, 19.9788706 ], [ 86.2706067, 19.9790641 ], [ 86.2705864, 19.9790748 ], [ 86.2704435, 19.9791503 ], [ 86.2702898, 19.979219 ], [ 86.2701263, 19.9792708 ], [ 86.2699129, 19.9793307 ], [ 86.2693004, 19.979454 ], [ 86.2686698, 19.9795917 ], [ 86.2685763, 19.9794913 ], [ 86.2684881, 19.9793965 ], [ 86.2683442, 19.979227 ], [ 86.2682723, 19.9791423 ], [ 86.2678896, 19.9786248 ], [ 86.2678081, 19.9785298 ], [ 86.2677701, 19.9784968 ], [ 86.2677308, 19.9784642 ], [ 86.2672038, 19.9780592 ], [ 86.2670988, 19.9779766 ], [ 86.2669559, 19.9778885 ], [ 86.2668244, 19.9778365 ], [ 86.2666705, 19.9778262 ], [ 86.2665664, 19.9778393 ], [ 86.2664481, 19.977879 ], [ 86.2663104, 19.9779434 ], [ 86.2660847, 19.9780494 ], [ 86.2658909, 19.9781307 ], [ 86.2657787, 19.9781733 ], [ 86.2656096, 19.9782372 ], [ 86.2654011, 19.9783115 ], [ 86.264481, 19.9785769 ], [ 86.2635343, 19.9788161 ], [ 86.2634504, 19.9788368 ], [ 86.2626492, 19.9790525 ], [ 86.2623647, 19.9791247 ], [ 86.2622366, 19.9791587 ], [ 86.2621606, 19.9791789 ], [ 86.2617606, 19.9792933 ], [ 86.2616094, 19.9793363 ], [ 86.2611255, 19.9794769 ], [ 86.2610062, 19.9795142 ], [ 86.2604505, 19.9796528 ], [ 86.2594291, 19.9799065 ], [ 86.2587398, 19.980075 ], [ 86.2580161, 19.9802782 ], [ 86.2572498, 19.9804696 ], [ 86.2551924, 19.9810155 ], [ 86.2544566, 19.9812579 ], [ 86.2543876, 19.98129 ], [ 86.2543323, 19.9813173 ], [ 86.2542796, 19.98134 ], [ 86.2541887, 19.981388 ], [ 86.2539067, 19.9815326 ], [ 86.2538868, 19.981544 ], [ 86.2538045, 19.9815918 ], [ 86.253791, 19.9815995 ], [ 86.2521292, 19.9825224 ], [ 86.2506806, 19.9833638 ], [ 86.2492025, 19.9841914 ], [ 86.2482236, 19.9847193 ], [ 86.245306, 19.9863813 ], [ 86.2395987, 19.9895845 ], [ 86.2385993, 19.9901511 ], [ 86.2380314, 19.9904668 ], [ 86.2375081, 19.9907565 ], [ 86.2374232, 19.9908007 ], [ 86.2371395, 19.9909386 ], [ 86.2365901, 19.9911645 ], [ 86.235938, 19.9914144 ], [ 86.2346524, 19.9918441 ], [ 86.2243645, 19.9951926 ], [ 86.2238409, 19.9953648 ], [ 86.2238358, 19.9953661 ], [ 86.2236438, 19.9954147 ], [ 86.2213799, 19.9959883 ], [ 86.2212212, 19.9960285 ], [ 86.220513, 19.9962079 ], [ 86.2196871, 19.9964405 ], [ 86.2192203, 19.9965834 ], [ 86.2183646, 19.9968108 ], [ 86.2176108, 19.9969863 ], [ 86.2172266, 19.997072 ], [ 86.2171317, 19.9970884 ], [ 86.2170368, 19.9971156 ], [ 86.2168477, 19.9971882 ], [ 86.2161558, 19.9974846 ], [ 86.215892, 19.9976002 ], [ 86.2158198, 19.9976283 ], [ 86.2157056, 19.9976726 ], [ 86.2155727, 19.9977419 ], [ 86.2154384, 19.9978417 ], [ 86.2150733, 19.9982051 ], [ 86.2149741, 19.9982744 ], [ 86.2148406, 19.9983438 ], [ 86.2145139, 19.9984889 ], [ 86.2143813, 19.9985194 ], [ 86.2142488, 19.9985371 ], [ 86.2141823, 19.9985413 ], [ 86.2125507, 19.9986628 ], [ 86.2121914, 19.9986672 ], [ 86.2118735, 19.9986533 ], [ 86.2117666, 19.9986394 ], [ 86.2116183, 19.9986141 ], [ 86.2103023, 19.9983363 ], [ 86.2100661, 19.9983066 ], [ 86.2098632, 19.99831 ], [ 86.2095305, 19.9983519 ], [ 86.2090556, 19.9984678 ], [ 86.2080845, 19.9987667 ], [ 86.2079481, 19.998816 ], [ 86.2075922, 19.9989359 ], [ 86.207494, 19.9989686 ], [ 86.2074171, 19.9989855 ], [ 86.2072379, 19.9990249 ], [ 86.2069498, 19.9990671 ], [ 86.206652, 19.9991203 ], [ 86.2055788, 19.9993552 ], [ 86.2050277, 19.9994503 ], [ 86.2042722, 19.9995831 ], [ 86.2035259, 19.9997144 ], [ 86.2034476, 19.9997276 ], [ 86.203184, 19.9997777 ], [ 86.2029076, 19.9998418 ], [ 86.202411, 19.9999721 ], [ 86.2019258, 20.0000928 ], [ 86.2014952, 20.000209 ], [ 86.2012958, 20.0002656 ], [ 86.2006816, 20.0004223 ], [ 86.2005923, 20.0004464 ], [ 86.2004909, 20.0004741 ], [ 86.1998633, 20.0006254 ], [ 86.1994087, 20.000755 ], [ 86.1993401, 20.0007762 ], [ 86.1987898, 20.000939 ], [ 86.1984966, 20.0010382 ], [ 86.1980296, 20.0012492 ], [ 86.1972726, 20.0016266 ], [ 86.1969677, 20.0017446 ], [ 86.1968521, 20.0017838 ], [ 86.1967705, 20.0018076 ], [ 86.1962488, 20.0019639 ], [ 86.196205, 20.001977 ], [ 86.1960607, 20.0020201 ], [ 86.1960183, 20.002034 ], [ 86.1955262, 20.0021217 ], [ 86.1950129, 20.002194 ], [ 86.1948603, 20.0022412 ], [ 86.1947493, 20.0022782 ], [ 86.1946086, 20.0023422 ], [ 86.1945467, 20.0024312 ], [ 86.1944783, 20.0025048 ], [ 86.194185, 20.0028307 ], [ 86.1940751, 20.0029139 ], [ 86.1939935, 20.002957 ], [ 86.1939165, 20.0029781 ], [ 86.1936477, 20.0030261 ], [ 86.1935809, 20.003038 ], [ 86.1935057, 20.0030514 ], [ 86.1929295, 20.0031543 ], [ 86.1928832, 20.0031618 ], [ 86.1926707, 20.0031962 ], [ 86.1925456, 20.0032302 ], [ 86.192479, 20.0032603 ], [ 86.1924201, 20.0032915 ], [ 86.1915278, 20.0039074 ], [ 86.1913959, 20.0039964 ], [ 86.1909364, 20.0043154 ], [ 86.1905473, 20.0045856 ], [ 86.1904482, 20.0046592 ], [ 86.1902, 20.004878 ], [ 86.1896884, 20.005392 ], [ 86.1893804, 20.005689 ], [ 86.1884208, 20.0066667 ], [ 86.1882574, 20.0067886 ], [ 86.1881064, 20.0068469 ], [ 86.1878504, 20.0069326 ], [ 86.1874236, 20.0070371 ], [ 86.1870799, 20.0071514 ], [ 86.187015, 20.0071789 ], [ 86.1869653, 20.0072 ], [ 86.1860213, 20.0075761 ], [ 86.1857471, 20.0077141 ], [ 86.1857144, 20.0077306 ], [ 86.18522, 20.0080125 ], [ 86.1849182, 20.0082009 ], [ 86.1848196, 20.0082624 ], [ 86.1846207, 20.0083721 ], [ 86.18409, 20.008658 ], [ 86.183756, 20.0087892 ], [ 86.1836726, 20.0088224 ], [ 86.1834528, 20.0088973 ], [ 86.1820919, 20.0094368 ], [ 86.1810737, 20.0098653 ], [ 86.1809651, 20.009911 ], [ 86.1801792, 20.0101885 ], [ 86.1800282, 20.0102504 ], [ 86.1790984, 20.0106387 ], [ 86.1784462, 20.0109268 ], [ 86.1764535, 20.0119079 ], [ 86.1761553, 20.0120434 ], [ 86.1759705, 20.0120953 ], [ 86.1758941, 20.0121168 ], [ 86.1756169, 20.0121895 ], [ 86.1740495, 20.0125075 ], [ 86.173727, 20.0125648 ], [ 86.173423, 20.0126395 ], [ 86.1730691, 20.0127741 ], [ 86.1727605, 20.0129268 ], [ 86.172034, 20.0133364 ], [ 86.1714198, 20.0136802 ], [ 86.171306, 20.0137356 ], [ 86.1709937, 20.0139298 ], [ 86.1704474, 20.0142821 ], [ 86.1698042, 20.0146706 ], [ 86.1690272, 20.0151447 ], [ 86.1687568, 20.0153026 ], [ 86.1683791, 20.0155455 ], [ 86.1680836, 20.0157254 ], [ 86.1677058, 20.0159549 ], [ 86.1674408, 20.016128 ], [ 86.1668677, 20.0164905 ], [ 86.1663381, 20.0168092 ], [ 86.1659229, 20.017059 ], [ 86.1652879, 20.0174228 ], [ 86.1647926, 20.0177412 ], [ 86.1643676, 20.0180038 ], [ 86.1641626, 20.0180926 ], [ 86.1639275, 20.0181787 ], [ 86.1636007, 20.0182842 ], [ 86.1628277, 20.0185156 ], [ 86.1623052, 20.0186857 ], [ 86.1621862, 20.0187296 ], [ 86.1616907, 20.0189162 ], [ 86.1607689, 20.0192885 ], [ 86.1602859, 20.0195048 ], [ 86.1598995, 20.0197191 ], [ 86.1593797, 20.0200938 ], [ 86.1586183, 20.0207008 ], [ 86.1578421, 20.021363 ], [ 86.1574571, 20.0216832 ], [ 86.1570147, 20.0220092 ], [ 86.1563074, 20.0224792 ], [ 86.155427, 20.0230503 ], [ 86.1546682, 20.0235786 ], [ 86.1543521, 20.0237767 ], [ 86.153735, 20.0241256 ], [ 86.1535257, 20.0242297 ], [ 86.1532543, 20.0243656 ], [ 86.1531244, 20.0244247 ], [ 86.152927, 20.0245134 ], [ 86.1524947, 20.02467 ], [ 86.1520017, 20.0248417 ], [ 86.1518469, 20.0248837 ], [ 86.1513544, 20.0250451 ], [ 86.1512676, 20.0250708 ], [ 86.1509275, 20.02518 ], [ 86.1503507, 20.0253942 ], [ 86.1500282, 20.0255502 ], [ 86.1497056, 20.0257309 ], [ 86.1494997, 20.0258607 ], [ 86.1486901, 20.0263472 ], [ 86.1477074, 20.0268831 ], [ 86.1474714, 20.0269956 ], [ 86.1469183, 20.0272714 ], [ 86.1465279, 20.0274647 ], [ 86.1451212, 20.0281392 ], [ 86.1440963, 20.0286708 ], [ 86.1431513, 20.0291374 ], [ 86.143108, 20.029155 ], [ 86.1429833, 20.0292092 ], [ 86.142489, 20.029374 ], [ 86.1423447, 20.0294166 ], [ 86.141604, 20.029645 ], [ 86.1410781, 20.0297829 ], [ 86.1404985, 20.0299674 ], [ 86.1404385, 20.0299896 ], [ 86.1398971, 20.0301901 ], [ 86.1397636, 20.0302395 ], [ 86.1392346, 20.0304867 ], [ 86.138902, 20.0306342 ], [ 86.1386448, 20.0307965 ], [ 86.1384357, 20.0309318 ], [ 86.1382425, 20.0310447 ], [ 86.1380163, 20.0312061 ], [ 86.1375834, 20.0314497 ], [ 86.1372451, 20.0315545 ], [ 86.1371263, 20.031576 ], [ 86.1369236, 20.0316184 ], [ 86.1366179, 20.0316287 ], [ 86.1362162, 20.0316603 ], [ 86.1358052, 20.031727 ], [ 86.1354028, 20.0318333 ], [ 86.1349374, 20.0319243 ], [ 86.1346802, 20.0319942 ], [ 86.1344907, 20.0320903 ], [ 86.1341904, 20.0323101 ], [ 86.1339853, 20.0324399 ], [ 86.1335242, 20.0327319 ], [ 86.1329819, 20.033056 ], [ 86.132483, 20.0332863 ], [ 86.1323094, 20.0333714 ], [ 86.1322044, 20.0334093 ], [ 86.1318886, 20.0335166 ], [ 86.1314864, 20.0336421 ], [ 86.1312003, 20.0337289 ], [ 86.1304031, 20.0339599 ], [ 86.1302559, 20.0339994 ], [ 86.129795, 20.0341121 ], [ 86.1293453, 20.0341907 ], [ 86.1291142, 20.0342429 ], [ 86.1288647, 20.034334 ], [ 86.1286463, 20.0344447 ], [ 86.1282454, 20.0346969 ], [ 86.1280902, 20.0348127 ], [ 86.1278579, 20.0350058 ], [ 86.1278149, 20.0350384 ], [ 86.1277092, 20.0351374 ], [ 86.1276191, 20.0351827 ], [ 86.1275103, 20.0352237 ], [ 86.1272559, 20.0352927 ], [ 86.1270882, 20.0353506 ], [ 86.126794, 20.0354315 ], [ 86.1263451, 20.035577 ], [ 86.1261949, 20.0356221 ], [ 86.1256527, 20.0357598 ], [ 86.1252925, 20.0358391 ], [ 86.1249822, 20.0359036 ], [ 86.1245942, 20.0360021 ], [ 86.1244197, 20.0360699 ], [ 86.1243375, 20.0361098 ], [ 86.1241125, 20.0362558 ], [ 86.1234166, 20.0368281 ], [ 86.1229607, 20.037231 ], [ 86.1223511, 20.0377335 ], [ 86.1220271, 20.0379896 ], [ 86.121853, 20.0381191 ], [ 86.1212819, 20.0385322 ], [ 86.1211241, 20.0386673 ], [ 86.1209979, 20.0387719 ], [ 86.1209236, 20.0388524 ], [ 86.1208313, 20.0389697 ], [ 86.1207433, 20.0389016 ], [ 86.1207118, 20.0388813 ], [ 86.120692, 20.0388684 ], [ 86.1206708, 20.0388555 ], [ 86.1206488, 20.038849 ], [ 86.120621, 20.0388516 ], [ 86.1204019, 20.0389854 ], [ 86.1203356, 20.039036 ], [ 86.1203072, 20.0390644 ], [ 86.120287, 20.0390948 ], [ 86.1202359, 20.0391849 ], [ 86.1202106, 20.0392162 ], [ 86.1201747, 20.0392474 ], [ 86.1192189, 20.0397968 ], [ 86.1189065, 20.0399924 ], [ 86.1181974, 20.0405082 ], [ 86.1179248, 20.0401371 ], [ 86.1176632, 20.0397631 ], [ 86.1175648, 20.0396277 ], [ 86.1174817, 20.0394908 ], [ 86.1174097, 20.0393639 ], [ 86.1171429, 20.0387971 ], [ 86.1170075, 20.0385032 ], [ 86.1168377, 20.0381828 ], [ 86.1167948, 20.0381393 ], [ 86.1167422, 20.0381187 ], [ 86.1166815, 20.0381249 ], [ 86.1166025, 20.0381632 ], [ 86.1163163, 20.0383471 ], [ 86.1161825, 20.0384114 ], [ 86.1159903, 20.0384888 ], [ 86.1157564, 20.0385542 ], [ 86.1154828, 20.0386046 ], [ 86.1151743, 20.0386298 ], [ 86.1122834, 20.0387727 ], [ 86.1121462, 20.0387676 ], [ 86.1114159, 20.038796 ], [ 86.1110008, 20.0388062 ], [ 86.1097966, 20.0388329 ], [ 86.1096001, 20.038827 ], [ 86.1080909, 20.0388597 ], [ 86.1079967, 20.0388617 ], [ 86.1071921, 20.038897 ], [ 86.1066664, 20.038897 ], [ 86.1064527, 20.0389074 ], [ 86.1060441, 20.0389272 ], [ 86.1045474, 20.0391087 ], [ 86.1041714, 20.039156 ], [ 86.1040259, 20.0391664 ], [ 86.1039251, 20.0391823 ], [ 86.1035377, 20.0392435 ], [ 86.1033443, 20.0392834 ], [ 86.1032025, 20.0393203 ], [ 86.1030445, 20.0393649 ], [ 86.1029312, 20.0394171 ], [ 86.1028132, 20.0394933 ], [ 86.1027032, 20.0395934 ], [ 86.1026405, 20.0396564 ], [ 86.102455, 20.0399172 ], [ 86.1024061, 20.039964 ], [ 86.1018618, 20.0404853 ], [ 86.101751, 20.0405888 ], [ 86.1016076, 20.0406836 ], [ 86.1011812, 20.0409242 ], [ 86.1010722, 20.0409697 ], [ 86.1009539, 20.041002 ], [ 86.1004437, 20.0411207 ], [ 86.1002441, 20.0411815 ], [ 86.0998867, 20.041316 ], [ 86.0968485, 20.042416 ], [ 86.0960855, 20.0427703 ], [ 86.095639, 20.0430052 ], [ 86.0949935, 20.0433732 ], [ 86.0947615, 20.0434863 ], [ 86.0945471, 20.0435762 ], [ 86.091014, 20.0449501 ], [ 86.0904804, 20.045119 ], [ 86.0899713, 20.0452516 ], [ 86.0888672, 20.0455255 ], [ 86.0869849, 20.0460176 ], [ 86.086837, 20.0460601 ], [ 86.0866914, 20.0461146 ], [ 86.0865337, 20.0461844 ], [ 86.0862172, 20.0463608 ], [ 86.0858872, 20.0466052 ], [ 86.0852346, 20.0470996 ], [ 86.084959, 20.0473337 ], [ 86.0848693, 20.0474248 ], [ 86.0846671, 20.0477267 ], [ 86.0846159, 20.0478122 ], [ 86.0845725, 20.0479065 ], [ 86.0844529, 20.0483044 ], [ 86.0844276, 20.0484026 ], [ 86.0830119, 20.0530068 ], [ 86.0829742, 20.053185 ], [ 86.0829795, 20.0533834 ], [ 86.0832148, 20.0550417 ], [ 86.0832876, 20.0556132 ], [ 86.0836021, 20.0577497 ], [ 86.0836872, 20.0581738 ], [ 86.083998, 20.0597315 ], [ 86.0839697, 20.0597357 ], [ 86.0838227, 20.059755 ], [ 86.083796, 20.059759 ], [ 86.0837388, 20.0597685 ], [ 86.0823267, 20.0600055 ], [ 86.0819246, 20.0600783 ], [ 86.0817894, 20.0601209 ], [ 86.0817409, 20.0601382 ], [ 86.0811722, 20.060479 ], [ 86.0811394, 20.0604933 ], [ 86.0801651, 20.0610629 ], [ 86.0800102, 20.0611847 ], [ 86.0797083, 20.0614339 ], [ 86.0794089, 20.0616932 ], [ 86.0792655, 20.0618034 ], [ 86.0790927, 20.0619239 ], [ 86.0787565, 20.0621039 ], [ 86.0782674, 20.0623144 ], [ 86.0777131, 20.0625613 ], [ 86.076939, 20.0629449 ], [ 86.0766732, 20.0630888 ], [ 86.0763206, 20.0632605 ], [ 86.0760486, 20.0633977 ], [ 86.0755013, 20.0636373 ], [ 86.0754359, 20.0636646 ], [ 86.0753494, 20.0636911 ], [ 86.075211, 20.0637077 ], [ 86.075029, 20.0637069 ], [ 86.0743156, 20.0636946 ], [ 86.0741259, 20.0636946 ], [ 86.0735692, 20.0637425 ], [ 86.0733567, 20.0637788 ], [ 86.0732089, 20.0638167 ], [ 86.0730951, 20.0638658 ], [ 86.0729724, 20.063934 ], [ 86.0727198, 20.064121 ], [ 86.0725481, 20.0642576 ], [ 86.0722668, 20.0644333 ], [ 86.0720837, 20.0645331 ], [ 86.0718841, 20.0646179 ], [ 86.0713957, 20.0647583 ], [ 86.0707001, 20.0649198 ], [ 86.0701378, 20.0650439 ], [ 86.0691035, 20.0652703 ], [ 86.0682209, 20.0654733 ], [ 86.0680817, 20.0655075 ], [ 86.0679939, 20.0655157 ], [ 86.0678743, 20.0655148 ], [ 86.0675926, 20.0654726 ], [ 86.067049, 20.0653507 ], [ 86.0663068, 20.0651764 ], [ 86.0653924, 20.0648938 ], [ 86.0645966, 20.0645912 ], [ 86.0644371, 20.0645355 ], [ 86.0639035, 20.064308 ], [ 86.0632936, 20.0640476 ], [ 86.0625695, 20.0637409 ], [ 86.0623843, 20.0636996 ], [ 86.0622348, 20.0637058 ], [ 86.0620667, 20.0637382 ], [ 86.0614733, 20.0638669 ], [ 86.0612843, 20.0639134 ], [ 86.0601468, 20.0642051 ], [ 86.0600045, 20.0642454 ], [ 86.0597595, 20.0642999 ], [ 86.0595636, 20.0643259 ], [ 86.0595108, 20.064328 ], [ 86.0593905, 20.0643365 ], [ 86.0591671, 20.0643381 ], [ 86.0574042, 20.0641849 ], [ 86.0558328, 20.0640641 ], [ 86.0552324, 20.0640093 ], [ 86.0547314, 20.0639613 ], [ 86.0540918, 20.0639136 ], [ 86.0535498, 20.063861 ], [ 86.0533485, 20.0638527 ], [ 86.0531411, 20.0638695 ], [ 86.0529852, 20.0638786 ], [ 86.0528254, 20.0638932 ], [ 86.0527106, 20.0639071 ], [ 86.0526458, 20.0639108 ], [ 86.052241, 20.0639515 ], [ 86.0517769, 20.0640056 ], [ 86.0516712, 20.0640202 ], [ 86.0515795, 20.0640276 ], [ 86.0514301, 20.0640407 ], [ 86.0512483, 20.0640731 ], [ 86.0512067, 20.0640818 ], [ 86.0511562, 20.064103 ], [ 86.0508113, 20.064228 ], [ 86.0505656, 20.0643192 ], [ 86.0503312, 20.0643945 ], [ 86.0501124, 20.0644528 ], [ 86.0498509, 20.0645192 ], [ 86.0495538, 20.0645759 ], [ 86.0490126, 20.0646785 ], [ 86.0480227, 20.0648578 ], [ 86.0475635, 20.0649318 ], [ 86.0471191, 20.0649928 ], [ 86.0468732, 20.0650305 ], [ 86.0466921, 20.0650498 ], [ 86.0462928, 20.0650942 ], [ 86.0458793, 20.0651266 ], [ 86.0454361, 20.065148 ], [ 86.0450845, 20.065171 ], [ 86.0448192, 20.065199 ], [ 86.0445095, 20.0652312 ], [ 86.0441661, 20.0652679 ], [ 86.0439015, 20.0653059 ], [ 86.0435389, 20.0653646 ], [ 86.0431154, 20.0654468 ], [ 86.0428167, 20.0655034 ], [ 86.0426355, 20.065538 ], [ 86.0423007, 20.0656156 ], [ 86.0416998, 20.0657446 ], [ 86.0411762, 20.0658927 ], [ 86.0407721, 20.0659948 ], [ 86.039901, 20.066187 ], [ 86.0397093, 20.066221 ], [ 86.0395476, 20.0662589 ], [ 86.0390976, 20.0663782 ], [ 86.0389166, 20.0664044 ], [ 86.038791, 20.066413 ], [ 86.0386874, 20.0664067 ], [ 86.0385768, 20.0663915 ], [ 86.0384879, 20.0663707 ], [ 86.0383286, 20.0663352 ], [ 86.0380133, 20.0662553 ], [ 86.0376349, 20.066154 ], [ 86.0372056, 20.066039 ], [ 86.0369732, 20.0659752 ], [ 86.0364825, 20.0658573 ], [ 86.0361628, 20.0657662 ], [ 86.0359792, 20.0657044 ], [ 86.0358536, 20.065651 ], [ 86.0356535, 20.0655633 ], [ 86.0354414, 20.0654476 ], [ 86.0353253, 20.0653858 ], [ 86.0351917, 20.0653174 ], [ 86.0346852, 20.0650311 ], [ 86.0340525, 20.0646989 ], [ 86.0335099, 20.0643879 ], [ 86.0330087, 20.0641251 ], [ 86.0324448, 20.0637945 ], [ 86.0323713, 20.0637644 ], [ 86.0322898, 20.063749 ], [ 86.0321712, 20.0637363 ], [ 86.032056, 20.0637424 ], [ 86.0319147, 20.0637687 ], [ 86.031659, 20.0638531 ], [ 86.031359, 20.0639402 ], [ 86.0311132, 20.0640146 ], [ 86.0308839, 20.0640757 ], [ 86.0306634, 20.0641345 ], [ 86.0303943, 20.064207 ], [ 86.0302186, 20.0642599 ], [ 86.0296915, 20.064408 ], [ 86.0294526, 20.0644701 ], [ 86.0292888, 20.0645036 ], [ 86.0291377, 20.0645289 ], [ 86.0289935, 20.0645474 ], [ 86.028849, 20.0645624 ], [ 86.0288157, 20.0645655 ], [ 86.0287274, 20.0645731 ], [ 86.0286944, 20.0645752 ], [ 86.0286185, 20.0645807 ], [ 86.0285191, 20.0645897 ], [ 86.028392, 20.0646 ], [ 86.0281658, 20.0646085 ], [ 86.0279531, 20.0646125 ], [ 86.0274682, 20.0646318 ], [ 86.0273185, 20.0646339 ], [ 86.027018, 20.0646387 ], [ 86.0264329, 20.0646234 ], [ 86.0262828, 20.064616 ], [ 86.0261561, 20.0646079 ], [ 86.0260272, 20.0645998 ], [ 86.0258607, 20.0645844 ], [ 86.0256682, 20.0645577 ], [ 86.025518, 20.0645197 ], [ 86.0253274, 20.0644477 ], [ 86.0250318, 20.0643203 ], [ 86.0246548, 20.0641306 ], [ 86.024322, 20.0639771 ], [ 86.024012, 20.0638133 ], [ 86.0233718, 20.0634843 ], [ 86.0229553, 20.0632871 ], [ 86.0227611, 20.0632076 ], [ 86.0225331, 20.0631284 ], [ 86.0222779, 20.063055 ], [ 86.0221278, 20.0630115 ], [ 86.0217753, 20.0629248 ], [ 86.0211501, 20.0627526 ], [ 86.0205597, 20.0625945 ], [ 86.0200985, 20.0624658 ], [ 86.0196791, 20.0623523 ], [ 86.0193802, 20.0622716 ], [ 86.019161, 20.0622175 ], [ 86.0183746, 20.0620227 ], [ 86.0180571, 20.061942 ], [ 86.0177755, 20.0618744 ], [ 86.0176195, 20.0618438 ], [ 86.0174741, 20.0618256 ], [ 86.0173117, 20.0618107 ], [ 86.0171174, 20.0618074 ], [ 86.0168258, 20.0618384 ], [ 86.0165304, 20.0618875 ], [ 86.0162118, 20.0619502 ], [ 86.0161352, 20.0619652 ], [ 86.0159507, 20.0620022 ], [ 86.0150872, 20.0621763 ], [ 86.014979, 20.0621979 ], [ 86.0145122, 20.0622892 ], [ 86.0142336, 20.0623503 ], [ 86.0140633, 20.0623805 ], [ 86.013901, 20.062403 ], [ 86.0137227, 20.0624125 ], [ 86.0135113, 20.0624122 ], [ 86.0133538, 20.0624071 ], [ 86.0132632, 20.0624042 ], [ 86.0130771, 20.0623961 ], [ 86.0129027, 20.0623825 ], [ 86.0127639, 20.0623666 ], [ 86.012659, 20.0623463 ], [ 86.0125482, 20.0623222 ], [ 86.0115857, 20.0621277 ], [ 86.0114534, 20.0621027 ], [ 86.0110662, 20.0620294 ], [ 86.0107244, 20.0619688 ], [ 86.0102028, 20.06191 ], [ 86.0100543, 20.0618906 ], [ 86.0098468, 20.0618528 ], [ 86.0097366, 20.0618306 ], [ 86.0096773, 20.0618187 ], [ 86.0094377, 20.0617468 ], [ 86.0089618, 20.0615626 ], [ 86.0082572, 20.0612961 ], [ 86.0080266, 20.0612051 ], [ 86.0077778, 20.0617337 ], [ 86.0075277, 20.0622755 ], [ 86.0074646, 20.0624171 ], [ 86.0074064, 20.0625667 ], [ 86.0073532, 20.0627208 ], [ 86.0072859, 20.0629096 ], [ 86.0072233, 20.0631002 ], [ 86.0071919, 20.0632149 ], [ 86.0071636, 20.0633335 ], [ 86.0071421, 20.0634557 ], [ 86.0071123, 20.0636091 ], [ 86.0070902, 20.0637226 ], [ 86.0070409, 20.0639585 ], [ 86.007027, 20.0640589 ], [ 86.0070211, 20.0641581 ], [ 86.0070278, 20.0644728 ], [ 86.0070189, 20.0645656 ], [ 86.0070063, 20.0646447 ], [ 86.0069692, 20.06481 ], [ 86.0069267, 20.0650147 ], [ 86.006918, 20.0651727 ], [ 86.006924, 20.0652768 ], [ 86.0069661, 20.0655862 ], [ 86.0069654, 20.0656435 ], [ 86.0069512, 20.0657039 ], [ 86.0069297, 20.0657689 ], [ 86.0068907, 20.0658694 ], [ 86.0068734, 20.0659603 ], [ 86.0068718, 20.0661014 ], [ 86.0068789, 20.066139 ], [ 86.0068984, 20.0662412 ], [ 86.0069249, 20.0663414 ], [ 86.0070738, 20.0667992 ], [ 86.0072105, 20.0673052 ], [ 86.0072998, 20.06756 ], [ 86.0073566, 20.0677282 ], [ 86.0073685, 20.0678039 ], [ 86.0073783, 20.0680453 ], [ 86.0073632, 20.0682246 ], [ 86.0072928, 20.068839 ], [ 86.0072807, 20.0690327 ], [ 86.0072828, 20.0691734 ], [ 86.0073025, 20.0694191 ], [ 86.0073222, 20.0695579 ], [ 86.0073465, 20.0697293 ], [ 86.0074228, 20.0700251 ], [ 86.007507, 20.0703468 ], [ 86.0075492, 20.0704647 ], [ 86.0076029, 20.0705934 ], [ 86.0076604, 20.0707221 ], [ 86.0077024, 20.0708471 ], [ 86.0077444, 20.0710363 ], [ 86.007789, 20.0712985 ], [ 86.007812, 20.0714337 ], [ 86.007826, 20.0716525 ], [ 86.0078289, 20.0723913 ], [ 86.0078622, 20.072625 ], [ 86.0079097, 20.0729578 ], [ 86.0079512, 20.0732687 ], [ 86.0079926, 20.0735211 ], [ 86.0080747, 20.0737376 ], [ 86.0080886, 20.0737668 ], [ 86.0081016, 20.0737897 ], [ 86.0082023, 20.073773 ], [ 86.0082788, 20.0737632 ], [ 86.0099097, 20.0735508 ], [ 86.0099874, 20.0735332 ], [ 86.0101725, 20.0734891 ], [ 86.0102691, 20.0734727 ], [ 86.0105883, 20.0734387 ], [ 86.010662, 20.0734324 ], [ 86.0108969, 20.0734268 ], [ 86.0112118, 20.0733827 ], [ 86.0113877, 20.0733518 ], [ 86.0115568, 20.0733191 ], [ 86.0116423, 20.0733059 ], [ 86.0118029, 20.0732892 ], [ 86.011955, 20.0732864 ], [ 86.0120582, 20.0732869 ], [ 86.0121944, 20.0732732 ], [ 86.0122842, 20.0732617 ], [ 86.0123373, 20.0732594 ], [ 86.0123849, 20.0732657 ], [ 86.0124264, 20.0732829 ], [ 86.0124692, 20.0733162 ], [ 86.0125339, 20.0733982 ], [ 86.012609, 20.0735106 ], [ 86.0126414, 20.0735382 ], [ 86.0126927, 20.0735703 ], [ 86.0127238, 20.0735755 ], [ 86.0127703, 20.0735686 ], [ 86.0131519, 20.0734148 ], [ 86.0136178, 20.0732311 ], [ 86.0138299, 20.073149 ], [ 86.013902, 20.0731277 ], [ 86.0139536, 20.0731204 ], [ 86.0139777, 20.0731211 ], [ 86.014001, 20.0731291 ], [ 86.0140208, 20.073151 ], [ 86.0141178, 20.07345 ], [ 86.0142827, 20.0739445 ], [ 86.0143056, 20.0739938 ], [ 86.0143335, 20.0740238 ], [ 86.0143654, 20.0740353 ], [ 86.0144154, 20.074043 ], [ 86.0144728, 20.0740319 ], [ 86.0147048, 20.0739448 ] ] } },
{ "type": "Feature", "properties": { "village": "Udayakani", "site": "Pipili" }, "geometry": { "type": "LineString", "coordinates": [ [ 86.287179, 19.9767935 ], [ 86.2869094, 19.9770393 ], [ 86.2865272, 19.9773595 ], [ 86.2864669, 19.9774086 ], [ 86.2861142, 19.9775964 ], [ 86.2860538, 19.9776254 ], [ 86.2855831, 19.9777653 ], [ 86.284533, 19.9779733 ], [ 86.2839282, 19.9780741 ], [ 86.2837981, 19.9780716 ], [ 86.2834816, 19.9779859 ], [ 86.2833884, 19.9779495 ], [ 86.2829019, 19.977684 ], [ 86.2818786, 19.9770683 ], [ 86.2817261, 19.976968 ], [ 86.2815588, 19.9769117 ], [ 86.2811934, 19.976867 ], [ 86.2803424, 19.976858 ], [ 86.279815, 19.9768432 ], [ 86.2794439, 19.9768395 ], [ 86.27909, 19.9768218 ], [ 86.2787623, 19.9768013 ], [ 86.2784398, 19.9767716 ], [ 86.2778834, 19.9766569 ], [ 86.2778203, 19.9766489 ], [ 86.2775449, 19.976614 ], [ 86.2773405, 19.9766036 ], [ 86.277104, 19.9766187 ], [ 86.2769496, 19.9766383 ], [ 86.2767686, 19.9766751 ], [ 86.2763475, 19.9767865 ], [ 86.2761293, 19.9768442 ], [ 86.275487, 19.9770577 ], [ 86.273673, 19.9776616 ], [ 86.2735905, 19.9776884 ], [ 86.273398, 19.9777409 ], [ 86.273212, 19.9777774 ], [ 86.2717436, 19.9780047 ], [ 86.2715129, 19.9780783 ], [ 86.2713982, 19.9781412 ], [ 86.2713045, 19.9782144 ], [ 86.2712354, 19.9782913 ], [ 86.2711801, 19.9784318 ], [ 86.2710825, 19.9786515 ], [ 86.270992, 19.9787611 ], [ 86.2708733, 19.9788706 ], [ 86.2706067, 19.9790641 ], [ 86.2705864, 19.9790748 ], [ 86.2704435, 19.9791503 ], [ 86.2702898, 19.979219 ], [ 86.2701263, 19.9792708 ], [ 86.2699129, 19.9793307 ], [ 86.2693004, 19.979454 ], [ 86.2686698, 19.9795917 ], [ 86.2685763, 19.9794913 ], [ 86.2684881, 19.9793965 ], [ 86.2683442, 19.979227 ], [ 86.2682723, 19.9791423 ], [ 86.2678896, 19.9786248 ], [ 86.2678081, 19.9785298 ], [ 86.2677701, 19.9784968 ], [ 86.2677308, 19.9784642 ], [ 86.2672038, 19.9780592 ], [ 86.2670988, 19.9779766 ], [ 86.2669559, 19.9778885 ], [ 86.2668244, 19.9778365 ], [ 86.2666705, 19.9778262 ], [ 86.2665664, 19.9778393 ], [ 86.2664481, 19.977879 ], [ 86.2663104, 19.9779434 ], [ 86.2660847, 19.9780494 ], [ 86.2658909, 19.9781307 ], [ 86.2657787, 19.9781733 ], [ 86.2656096, 19.9782372 ], [ 86.2654011, 19.9783115 ], [ 86.264481, 19.9785769 ], [ 86.2635343, 19.9788161 ], [ 86.2634504, 19.9788368 ], [ 86.2626492, 19.9790525 ], [ 86.2623647, 19.9791247 ], [ 86.2622366, 19.9791587 ], [ 86.2621606, 19.9791789 ], [ 86.2617606, 19.9792933 ], [ 86.2616094, 19.9793363 ], [ 86.2611255, 19.9794769 ], [ 86.2610062, 19.9795142 ], [ 86.2604505, 19.9796528 ], [ 86.2594291, 19.9799065 ], [ 86.2587398, 19.980075 ], [ 86.2580161, 19.9802782 ], [ 86.2572498, 19.9804696 ], [ 86.2551924, 19.9810155 ], [ 86.2544566, 19.9812579 ], [ 86.2543876, 19.98129 ], [ 86.2543323, 19.9813173 ], [ 86.2542796, 19.98134 ], [ 86.2541887, 19.981388 ], [ 86.2539067, 19.9815326 ], [ 86.2538868, 19.981544 ], [ 86.2538045, 19.9815918 ], [ 86.253791, 19.9815995 ], [ 86.2521292, 19.9825224 ], [ 86.2506806, 19.9833638 ], [ 86.2492025, 19.9841914 ], [ 86.2482236, 19.9847193 ], [ 86.245306, 19.9863813 ], [ 86.2395987, 19.9895845 ], [ 86.2385993, 19.9901511 ], [ 86.2380314, 19.9904668 ], [ 86.2375081, 19.9907565 ], [ 86.2374232, 19.9908007 ], [ 86.2371395, 19.9909386 ], [ 86.2365901, 19.9911645 ], [ 86.235938, 19.9914144 ], [ 86.2346524, 19.9918441 ], [ 86.2243645, 19.9951926 ], [ 86.2238409, 19.9953648 ], [ 86.2238358, 19.9953661 ], [ 86.2236438, 19.9954147 ], [ 86.2213799, 19.9959883 ], [ 86.2212212, 19.9960285 ], [ 86.220513, 19.9962079 ], [ 86.2196871, 19.9964405 ], [ 86.2192203, 19.9965834 ], [ 86.2183646, 19.9968108 ], [ 86.2176108, 19.9969863 ], [ 86.2172266, 19.997072 ], [ 86.2171317, 19.9970884 ], [ 86.2170368, 19.9971156 ], [ 86.2168477, 19.9971882 ], [ 86.2161558, 19.9974846 ], [ 86.215892, 19.9976002 ], [ 86.2158198, 19.9976283 ], [ 86.2157056, 19.9976726 ], [ 86.2155727, 19.9977419 ], [ 86.2154384, 19.9978417 ], [ 86.2150733, 19.9982051 ], [ 86.2149741, 19.9982744 ], [ 86.2148406, 19.9983438 ], [ 86.2145139, 19.9984889 ], [ 86.2143813, 19.9985194 ], [ 86.2142488, 19.9985371 ], [ 86.2141823, 19.9985413 ], [ 86.2125507, 19.9986628 ], [ 86.2121914, 19.9986672 ], [ 86.2118735, 19.9986533 ], [ 86.2117666, 19.9986394 ], [ 86.2116183, 19.9986141 ], [ 86.2103023, 19.9983363 ], [ 86.2100661, 19.9983066 ], [ 86.2098632, 19.99831 ], [ 86.2095305, 19.9983519 ], [ 86.2090556, 19.9984678 ], [ 86.2080845, 19.9987667 ], [ 86.2079481, 19.998816 ], [ 86.2075922, 19.9989359 ], [ 86.207494, 19.9989686 ], [ 86.2074171, 19.9989855 ], [ 86.2072379, 19.9990249 ], [ 86.2069498, 19.9990671 ], [ 86.206652, 19.9991203 ], [ 86.2055788, 19.9993552 ], [ 86.2050277, 19.9994503 ], [ 86.2042722, 19.9995831 ], [ 86.2035259, 19.9997144 ], [ 86.2034476, 19.9997276 ], [ 86.203184, 19.9997777 ], [ 86.2029076, 19.9998418 ], [ 86.202411, 19.9999721 ], [ 86.2019258, 20.0000928 ], [ 86.2014952, 20.000209 ], [ 86.2012958, 20.0002656 ], [ 86.2006816, 20.0004223 ], [ 86.2005923, 20.0004464 ], [ 86.2004909, 20.0004741 ], [ 86.1998633, 20.0006254 ], [ 86.1994087, 20.000755 ], [ 86.1993401, 20.0007762 ], [ 86.1987898, 20.000939 ], [ 86.1984966, 20.0010382 ], [ 86.1980296, 20.0012492 ], [ 86.1972726, 20.0016266 ], [ 86.1969677, 20.0017446 ], [ 86.1968521, 20.0017838 ], [ 86.1967705, 20.0018076 ], [ 86.1962488, 20.0019639 ], [ 86.196205, 20.001977 ], [ 86.1960607, 20.0020201 ], [ 86.1960183, 20.002034 ], [ 86.1955262, 20.0021217 ], [ 86.1950129, 20.002194 ], [ 86.1948603, 20.0022412 ], [ 86.1947493, 20.0022782 ], [ 86.1946086, 20.0023422 ], [ 86.1945467, 20.0024312 ], [ 86.1944783, 20.0025048 ], [ 86.194185, 20.0028307 ], [ 86.1940751, 20.0029139 ], [ 86.1939935, 20.002957 ], [ 86.1939165, 20.0029781 ], [ 86.1936477, 20.0030261 ], [ 86.1935809, 20.003038 ], [ 86.1935057, 20.0030514 ], [ 86.1929295, 20.0031543 ], [ 86.1928832, 20.0031618 ], [ 86.1926707, 20.0031962 ], [ 86.1925456, 20.0032302 ], [ 86.192479, 20.0032603 ], [ 86.1924201, 20.0032915 ], [ 86.1915278, 20.0039074 ], [ 86.1913959, 20.0039964 ], [ 86.1909364, 20.0043154 ], [ 86.1905473, 20.0045856 ], [ 86.1904482, 20.0046592 ], [ 86.1902, 20.004878 ], [ 86.1896884, 20.005392 ], [ 86.1893804, 20.005689 ], [ 86.1884208, 20.0066667 ], [ 86.1882574, 20.0067886 ], [ 86.1881064, 20.0068469 ], [ 86.1878504, 20.0069326 ], [ 86.1874236, 20.0070371 ], [ 86.1870799, 20.0071514 ], [ 86.187015, 20.0071789 ], [ 86.1869653, 20.0072 ], [ 86.1860213, 20.0075761 ], [ 86.1857471, 20.0077141 ], [ 86.1857144, 20.0077306 ], [ 86.18522, 20.0080125 ], [ 86.1849182, 20.0082009 ], [ 86.1848196, 20.0082624 ], [ 86.1846207, 20.0083721 ], [ 86.18409, 20.008658 ], [ 86.183756, 20.0087892 ], [ 86.1836726, 20.0088224 ], [ 86.1834528, 20.0088973 ], [ 86.1820919, 20.0094368 ], [ 86.1810737, 20.0098653 ], [ 86.1809651, 20.009911 ], [ 86.1801792, 20.0101885 ], [ 86.1800282, 20.0102504 ], [ 86.1790984, 20.0106387 ], [ 86.1784462, 20.0109268 ], [ 86.1764535, 20.0119079 ], [ 86.1761553, 20.0120434 ], [ 86.1759705, 20.0120953 ], [ 86.1758941, 20.0121168 ], [ 86.1756169, 20.0121895 ], [ 86.1740495, 20.0125075 ], [ 86.173727, 20.0125648 ], [ 86.173423, 20.0126395 ], [ 86.1730691, 20.0127741 ], [ 86.1727605, 20.0129268 ], [ 86.172034, 20.0133364 ], [ 86.1714198, 20.0136802 ], [ 86.171306, 20.0137356 ], [ 86.1709937, 20.0139298 ], [ 86.1704474, 20.0142821 ], [ 86.1698042, 20.0146706 ], [ 86.1690272, 20.0151447 ], [ 86.1687568, 20.0153026 ], [ 86.1683791, 20.0155455 ], [ 86.1680836, 20.0157254 ], [ 86.1677058, 20.0159549 ], [ 86.1674408, 20.016128 ], [ 86.1668677, 20.0164905 ], [ 86.1663381, 20.0168092 ], [ 86.1659229, 20.017059 ], [ 86.1652879, 20.0174228 ], [ 86.1647926, 20.0177412 ], [ 86.1643676, 20.0180038 ], [ 86.1641626, 20.0180926 ], [ 86.1639275, 20.0181787 ], [ 86.1636007, 20.0182842 ], [ 86.1628277, 20.0185156 ], [ 86.1623052, 20.0186857 ], [ 86.1621862, 20.0187296 ], [ 86.1616907, 20.0189162 ], [ 86.1607689, 20.0192885 ], [ 86.1602859, 20.0195048 ], [ 86.1598995, 20.0197191 ], [ 86.1593797, 20.0200938 ], [ 86.1586183, 20.0207008 ], [ 86.1578421, 20.021363 ], [ 86.1574571, 20.0216832 ], [ 86.1570147, 20.0220092 ], [ 86.1563074, 20.0224792 ], [ 86.155427, 20.0230503 ], [ 86.1546682, 20.0235786 ], [ 86.1543521, 20.0237767 ], [ 86.153735, 20.0241256 ], [ 86.1535257, 20.0242297 ], [ 86.1532543, 20.0243656 ], [ 86.1531244, 20.0244247 ], [ 86.152927, 20.0245134 ], [ 86.1524947, 20.02467 ], [ 86.1520017, 20.0248417 ], [ 86.1518469, 20.0248837 ], [ 86.1513544, 20.0250451 ], [ 86.1512676, 20.0250708 ], [ 86.1509275, 20.02518 ], [ 86.1503507, 20.0253942 ], [ 86.1500282, 20.0255502 ], [ 86.1497056, 20.0257309 ], [ 86.1494997, 20.0258607 ], [ 86.1486901, 20.0263472 ], [ 86.1477074, 20.0268831 ], [ 86.1474714, 20.0269956 ], [ 86.1469183, 20.0272714 ], [ 86.1465279, 20.0274647 ], [ 86.1451212, 20.0281392 ], [ 86.1440963, 20.0286708 ], [ 86.1431513, 20.0291374 ], [ 86.143108, 20.029155 ], [ 86.1429833, 20.0292092 ], [ 86.142489, 20.029374 ], [ 86.1423447, 20.0294166 ], [ 86.141604, 20.029645 ], [ 86.1410781, 20.0297829 ], [ 86.1404985, 20.0299674 ], [ 86.1404385, 20.0299896 ], [ 86.1398971, 20.0301901 ], [ 86.1397636, 20.0302395 ], [ 86.1392346, 20.0304867 ], [ 86.138902, 20.0306342 ], [ 86.1386448, 20.0307965 ], [ 86.1384357, 20.0309318 ], [ 86.1382425, 20.0310447 ], [ 86.1380163, 20.0312061 ], [ 86.1375834, 20.0314497 ], [ 86.1372451, 20.0315545 ], [ 86.1371263, 20.031576 ], [ 86.1369236, 20.0316184 ], [ 86.1366179, 20.0316287 ], [ 86.1362162, 20.0316603 ], [ 86.1358052, 20.031727 ], [ 86.1354028, 20.0318333 ], [ 86.1349374, 20.0319243 ], [ 86.1346802, 20.0319942 ], [ 86.1344907, 20.0320903 ], [ 86.1341904, 20.0323101 ], [ 86.1339853, 20.0324399 ], [ 86.1335242, 20.0327319 ], [ 86.1329819, 20.033056 ], [ 86.132483, 20.0332863 ], [ 86.1323094, 20.0333714 ], [ 86.1322044, 20.0334093 ], [ 86.1318886, 20.0335166 ], [ 86.1314864, 20.0336421 ], [ 86.1312003, 20.0337289 ], [ 86.1304031, 20.0339599 ], [ 86.1302559, 20.0339994 ], [ 86.129795, 20.0341121 ], [ 86.1293453, 20.0341907 ], [ 86.1291142, 20.0342429 ], [ 86.1288647, 20.034334 ], [ 86.1286463, 20.0344447 ], [ 86.1282454, 20.0346969 ], [ 86.1280902, 20.0348127 ], [ 86.1278579, 20.0350058 ], [ 86.1278149, 20.0350384 ], [ 86.1277092, 20.0351374 ], [ 86.1276191, 20.0351827 ], [ 86.1275103, 20.0352237 ], [ 86.1272559, 20.0352927 ], [ 86.1270882, 20.0353506 ], [ 86.126794, 20.0354315 ], [ 86.1263451, 20.035577 ], [ 86.1261949, 20.0356221 ], [ 86.1256527, 20.0357598 ], [ 86.1252925, 20.0358391 ], [ 86.1249822, 20.0359036 ], [ 86.1245942, 20.0360021 ], [ 86.1244197, 20.0360699 ], [ 86.1243375, 20.0361098 ], [ 86.1241125, 20.0362558 ], [ 86.1234166, 20.0368281 ], [ 86.1229607, 20.037231 ], [ 86.1223511, 20.0377335 ], [ 86.1220271, 20.0379896 ], [ 86.121853, 20.0381191 ], [ 86.1212819, 20.0385322 ], [ 86.1211241, 20.0386673 ], [ 86.1209979, 20.0387719 ], [ 86.1209236, 20.0388524 ], [ 86.1208313, 20.0389697 ], [ 86.1207433, 20.0389016 ], [ 86.1207118, 20.0388813 ], [ 86.120692, 20.0388684 ], [ 86.1206708, 20.0388555 ], [ 86.1206488, 20.038849 ], [ 86.120621, 20.0388516 ], [ 86.1204019, 20.0389854 ], [ 86.1203356, 20.039036 ], [ 86.1203072, 20.0390644 ], [ 86.120287, 20.0390948 ], [ 86.1202359, 20.0391849 ], [ 86.1202106, 20.0392162 ], [ 86.1201747, 20.0392474 ], [ 86.1192189, 20.0397968 ], [ 86.1189065, 20.0399924 ], [ 86.1181974, 20.0405082 ], [ 86.1179248, 20.0401371 ], [ 86.1176632, 20.0397631 ], [ 86.1175648, 20.0396277 ], [ 86.1174817, 20.0394908 ], [ 86.1174097, 20.0393639 ], [ 86.1171429, 20.0387971 ], [ 86.1170075, 20.0385032 ], [ 86.1168377, 20.0381828 ], [ 86.1167948, 20.0381393 ], [ 86.1167422, 20.0381187 ], [ 86.1166815, 20.0381249 ], [ 86.1166025, 20.0381632 ], [ 86.1163163, 20.0383471 ], [ 86.1161825, 20.0384114 ], [ 86.1159903, 20.0384888 ], [ 86.1157564, 20.0385542 ], [ 86.1154828, 20.0386046 ], [ 86.1151743, 20.0386298 ], [ 86.1122834, 20.0387727 ], [ 86.1121462, 20.0387676 ], [ 86.1114159, 20.038796 ], [ 86.1110008, 20.0388062 ], [ 86.1097966, 20.0388329 ], [ 86.1096001, 20.038827 ], [ 86.1080909, 20.0388597 ], [ 86.1079967, 20.0388617 ], [ 86.1071921, 20.038897 ], [ 86.1066664, 20.038897 ], [ 86.1064527, 20.0389074 ], [ 86.1060441, 20.0389272 ], [ 86.1045474, 20.0391087 ], [ 86.1041714, 20.039156 ], [ 86.1040259, 20.0391664 ], [ 86.1039251, 20.0391823 ], [ 86.1035377, 20.0392435 ], [ 86.1033443, 20.0392834 ], [ 86.1032025, 20.0393203 ], [ 86.1030445, 20.0393649 ], [ 86.1029312, 20.0394171 ], [ 86.1028132, 20.0394933 ], [ 86.1027032, 20.0395934 ], [ 86.1026405, 20.0396564 ], [ 86.102455, 20.0399172 ], [ 86.1024061, 20.039964 ], [ 86.1018618, 20.0404853 ], [ 86.101751, 20.0405888 ], [ 86.1016076, 20.0406836 ], [ 86.1011812, 20.0409242 ], [ 86.1010722, 20.0409697 ], [ 86.1009539, 20.041002 ], [ 86.1004437, 20.0411207 ], [ 86.1002441, 20.0411815 ], [ 86.0998867, 20.041316 ], [ 86.0968485, 20.042416 ], [ 86.0960855, 20.0427703 ], [ 86.095639, 20.0430052 ], [ 86.0949935, 20.0433732 ], [ 86.0947615, 20.0434863 ], [ 86.0945471, 20.0435762 ], [ 86.091014, 20.0449501 ], [ 86.0904804, 20.045119 ], [ 86.0899713, 20.0452516 ], [ 86.0888672, 20.0455255 ], [ 86.0869849, 20.0460176 ], [ 86.086837, 20.0460601 ], [ 86.0866914, 20.0461146 ], [ 86.0865337, 20.0461844 ], [ 86.0862172, 20.0463608 ], [ 86.0858872, 20.0466052 ], [ 86.0852346, 20.0470996 ], [ 86.084959, 20.0473337 ], [ 86.0848693, 20.0474248 ], [ 86.0846671, 20.0477267 ], [ 86.0846159, 20.0478122 ], [ 86.0845725, 20.0479065 ], [ 86.0844529, 20.0483044 ], [ 86.0844276, 20.0484026 ], [ 86.0830119, 20.0530068 ], [ 86.0829742, 20.053185 ], [ 86.0829795, 20.0533834 ], [ 86.0832148, 20.0550417 ], [ 86.0832876, 20.0556132 ], [ 86.0836021, 20.0577497 ], [ 86.0836872, 20.0581738 ], [ 86.083998, 20.0597315 ], [ 86.0839697, 20.0597357 ], [ 86.0838227, 20.059755 ], [ 86.083796, 20.059759 ], [ 86.0837388, 20.0597685 ], [ 86.0823267, 20.0600055 ], [ 86.0819246, 20.0600783 ], [ 86.0817894, 20.0601209 ], [ 86.0817409, 20.0601382 ], [ 86.0811722, 20.060479 ], [ 86.0811394, 20.0604933 ], [ 86.0801651, 20.0610629 ], [ 86.0800102, 20.0611847 ], [ 86.0797083, 20.0614339 ], [ 86.0794089, 20.0616932 ], [ 86.0792655, 20.0618034 ], [ 86.0790927, 20.0619239 ], [ 86.0787565, 20.0621039 ], [ 86.0782674, 20.0623144 ], [ 86.0777131, 20.0625613 ], [ 86.076939, 20.0629449 ], [ 86.0766732, 20.0630888 ], [ 86.0763206, 20.0632605 ], [ 86.0760486, 20.0633977 ], [ 86.0755013, 20.0636373 ], [ 86.0754359, 20.0636646 ], [ 86.0753494, 20.0636911 ], [ 86.075211, 20.0637077 ], [ 86.075029, 20.0637069 ], [ 86.0743156, 20.0636946 ], [ 86.0741259, 20.0636946 ], [ 86.0735692, 20.0637425 ], [ 86.0733567, 20.0637788 ], [ 86.0732089, 20.0638167 ], [ 86.0730951, 20.0638658 ], [ 86.0729724, 20.063934 ], [ 86.0727198, 20.064121 ], [ 86.0725481, 20.0642576 ], [ 86.0722668, 20.0644333 ], [ 86.0720837, 20.0645331 ], [ 86.0718841, 20.0646179 ], [ 86.0713957, 20.0647583 ], [ 86.0707001, 20.0649198 ], [ 86.0701378, 20.0650439 ], [ 86.0691035, 20.0652703 ], [ 86.0682209, 20.0654733 ], [ 86.0680817, 20.0655075 ], [ 86.0679939, 20.0655157 ], [ 86.0678743, 20.0655148 ], [ 86.0675926, 20.0654726 ], [ 86.067049, 20.0653507 ], [ 86.0663068, 20.0651764 ], [ 86.0653924, 20.0648938 ], [ 86.0645966, 20.0645912 ], [ 86.0644371, 20.0645355 ], [ 86.0639035, 20.064308 ], [ 86.0632936, 20.0640476 ], [ 86.0625695, 20.0637409 ], [ 86.0623843, 20.0636996 ], [ 86.0622348, 20.0637058 ], [ 86.0620667, 20.0637382 ], [ 86.0614733, 20.0638669 ], [ 86.0612843, 20.0639134 ], [ 86.0601468, 20.0642051 ], [ 86.0600045, 20.0642454 ], [ 86.0597595, 20.0642999 ], [ 86.0595636, 20.0643259 ], [ 86.0595108, 20.064328 ], [ 86.0593905, 20.0643365 ], [ 86.0591671, 20.0643381 ], [ 86.0574042, 20.0641849 ], [ 86.0558328, 20.0640641 ], [ 86.0552324, 20.0640093 ], [ 86.0547314, 20.0639613 ], [ 86.0540918, 20.0639136 ], [ 86.0535498, 20.063861 ], [ 86.0533485, 20.0638527 ], [ 86.0531411, 20.0638695 ], [ 86.0529852, 20.0638786 ], [ 86.0528254, 20.0638932 ], [ 86.0527106, 20.0639071 ], [ 86.0526458, 20.0639108 ], [ 86.052241, 20.0639515 ], [ 86.0517769, 20.0640056 ], [ 86.0516712, 20.0640202 ], [ 86.0515795, 20.0640276 ], [ 86.0514301, 20.0640407 ], [ 86.0512483, 20.0640731 ], [ 86.0512067, 20.0640818 ], [ 86.0511562, 20.064103 ], [ 86.0508113, 20.064228 ], [ 86.0505656, 20.0643192 ], [ 86.0503312, 20.0643945 ], [ 86.0501124, 20.0644528 ], [ 86.0498509, 20.0645192 ], [ 86.0495538, 20.0645759 ], [ 86.0490126, 20.0646785 ], [ 86.0480227, 20.0648578 ], [ 86.0475635, 20.0649318 ], [ 86.0471191, 20.0649928 ], [ 86.0468732, 20.0650305 ], [ 86.0466921, 20.0650498 ], [ 86.0462928, 20.0650942 ], [ 86.0458793, 20.0651266 ], [ 86.0454361, 20.065148 ], [ 86.0450845, 20.065171 ], [ 86.0448192, 20.065199 ], [ 86.0445095, 20.0652312 ], [ 86.0441661, 20.0652679 ], [ 86.0439015, 20.0653059 ], [ 86.0435389, 20.0653646 ], [ 86.0431154, 20.0654468 ], [ 86.0428167, 20.0655034 ], [ 86.0426355, 20.065538 ], [ 86.0423007, 20.0656156 ], [ 86.0416998, 20.0657446 ], [ 86.0411762, 20.0658927 ], [ 86.0407721, 20.0659948 ], [ 86.039901, 20.066187 ], [ 86.0397093, 20.066221 ], [ 86.0395476, 20.0662589 ], [ 86.0390976, 20.0663782 ], [ 86.0389166, 20.0664044 ], [ 86.038791, 20.066413 ], [ 86.0386874, 20.0664067 ], [ 86.0385768, 20.0663915 ], [ 86.0384879, 20.0663707 ], [ 86.0383286, 20.0663352 ], [ 86.0380133, 20.0662553 ], [ 86.0376349, 20.066154 ], [ 86.0372056, 20.066039 ], [ 86.0369732, 20.0659752 ], [ 86.0364825, 20.0658573 ], [ 86.0361628, 20.0657662 ], [ 86.0359792, 20.0657044 ], [ 86.0358536, 20.065651 ], [ 86.0356535, 20.0655633 ], [ 86.0354414, 20.0654476 ], [ 86.0353253, 20.0653858 ], [ 86.0351917, 20.0653174 ], [ 86.0346852, 20.0650311 ], [ 86.0340525, 20.0646989 ], [ 86.0335099, 20.0643879 ], [ 86.0330087, 20.0641251 ], [ 86.0324448, 20.0637945 ], [ 86.0323713, 20.0637644 ], [ 86.0322898, 20.063749 ], [ 86.0321712, 20.0637363 ], [ 86.032056, 20.0637424 ], [ 86.0319147, 20.0637687 ], [ 86.031659, 20.0638531 ], [ 86.031359, 20.0639402 ], [ 86.0311132, 20.0640146 ], [ 86.0308839, 20.0640757 ], [ 86.0306634, 20.0641345 ], [ 86.0303943, 20.064207 ], [ 86.0302186, 20.0642599 ], [ 86.0296915, 20.064408 ], [ 86.0294526, 20.0644701 ], [ 86.0292888, 20.0645036 ], [ 86.0291377, 20.0645289 ], [ 86.0289935, 20.0645474 ], [ 86.028849, 20.0645624 ], [ 86.0288157, 20.0645655 ], [ 86.0287274, 20.0645731 ], [ 86.0286944, 20.0645752 ], [ 86.0286185, 20.0645807 ], [ 86.0285191, 20.0645897 ], [ 86.028392, 20.0646 ], [ 86.0281658, 20.0646085 ], [ 86.0279531, 20.0646125 ], [ 86.0274682, 20.0646318 ], [ 86.0273185, 20.0646339 ], [ 86.027018, 20.0646387 ], [ 86.0264329, 20.0646234 ], [ 86.0262828, 20.064616 ], [ 86.0261561, 20.0646079 ], [ 86.0260272, 20.0645998 ], [ 86.0258607, 20.0645844 ], [ 86.0256682, 20.0645577 ], [ 86.025518, 20.0645197 ], [ 86.0253274, 20.0644477 ], [ 86.0250318, 20.0643203 ], [ 86.0246548, 20.0641306 ], [ 86.024322, 20.0639771 ], [ 86.024012, 20.0638133 ], [ 86.0233718, 20.0634843 ], [ 86.0229553, 20.0632871 ], [ 86.0227611, 20.0632076 ], [ 86.0225331, 20.0631284 ], [ 86.0222779, 20.063055 ], [ 86.0221278, 20.0630115 ], [ 86.0217753, 20.0629248 ], [ 86.0211501, 20.0627526 ], [ 86.0205597, 20.0625945 ], [ 86.0200985, 20.0624658 ], [ 86.0196791, 20.0623523 ], [ 86.0193802, 20.0622716 ], [ 86.019161, 20.0622175 ], [ 86.0183746, 20.0620227 ], [ 86.0180571, 20.061942 ], [ 86.0177755, 20.0618744 ], [ 86.0176195, 20.0618438 ], [ 86.0174741, 20.0618256 ], [ 86.0173117, 20.0618107 ], [ 86.0171174, 20.0618074 ], [ 86.0168258, 20.0618384 ], [ 86.0165304, 20.0618875 ], [ 86.0162118, 20.0619502 ], [ 86.0161352, 20.0619652 ], [ 86.0159507, 20.0620022 ], [ 86.0150872, 20.0621763 ], [ 86.014979, 20.0621979 ], [ 86.0145122, 20.0622892 ], [ 86.0142336, 20.0623503 ], [ 86.0140633, 20.0623805 ], [ 86.013901, 20.062403 ], [ 86.0137227, 20.0624125 ], [ 86.0135113, 20.0624122 ], [ 86.0133538, 20.0624071 ], [ 86.0132632, 20.0624042 ], [ 86.0130771, 20.0623961 ], [ 86.0129027, 20.0623825 ], [ 86.0127639, 20.0623666 ], [ 86.012659, 20.0623463 ], [ 86.0125482, 20.0623222 ], [ 86.0115857, 20.0621277 ], [ 86.0114534, 20.0621027 ], [ 86.0110662, 20.0620294 ], [ 86.0107244, 20.0619688 ], [ 86.0102028, 20.06191 ], [ 86.0100543, 20.0618906 ], [ 86.0098468, 20.0618528 ], [ 86.0097366, 20.0618306 ], [ 86.0096773, 20.0618187 ], [ 86.0094377, 20.0617468 ], [ 86.0089618, 20.0615626 ], [ 86.0082572, 20.0612961 ], [ 86.0080266, 20.0612051 ], [ 86.0079856, 20.0611938 ], [ 86.0078422, 20.0611318 ], [ 86.007629, 20.0610608 ], [ 86.0075488, 20.0610502 ], [ 86.0074795, 20.0610487 ], [ 86.0073081, 20.0610402 ], [ 86.0070617, 20.0610059 ], [ 86.0069668, 20.0609958 ], [ 86.0064238, 20.060912 ], [ 86.0056003, 20.0607363 ], [ 86.0055136, 20.0607183 ], [ 86.0054163, 20.060697 ], [ 86.0050009, 20.0606162 ], [ 86.0047661, 20.060556 ], [ 86.0045578, 20.0605212 ], [ 86.0044261, 20.0605176 ], [ 86.0043867, 20.0604917 ], [ 86.0043063, 20.060501 ], [ 86.0041165, 20.0605232 ], [ 86.0040185, 20.0605406 ], [ 86.0038691, 20.0605628 ], [ 86.0038104, 20.0605735 ], [ 86.0036815, 20.0605994 ], [ 86.0032953, 20.0607004 ], [ 86.0029345, 20.0608013 ], [ 86.0027058, 20.0608545 ], [ 86.0023183, 20.0609417 ], [ 86.0022132, 20.0609689 ], [ 86.0021328, 20.0609927 ], [ 86.0020599, 20.0610267 ], [ 86.0020084, 20.061058 ], [ 86.0019318, 20.0611243 ], [ 86.0018219, 20.0612386 ], [ 86.0016744, 20.0614037 ], [ 86.0014309, 20.0616747 ], [ 86.001076, 20.0620524 ], [ 86.0009986, 20.0621408 ], [ 86.0009639, 20.0621826 ], [ 86.0008119, 20.0623553 ], [ 86.0007696, 20.0624041 ], [ 86.0007029, 20.0624742 ], [ 86.0005315, 20.062667 ], [ 85.999898, 20.0633796 ], [ 85.9989569, 20.0644852 ], [ 85.9987989, 20.0646448 ], [ 85.9987427, 20.0646945 ], [ 85.9986911, 20.0647486 ], [ 85.9985856, 20.0648298 ], [ 85.9985666, 20.0648358 ], [ 85.9985339, 20.0648515 ], [ 85.9985131, 20.0648754 ], [ 85.9983908, 20.0649367 ], [ 85.9982344, 20.0649952 ], [ 85.9980188, 20.0650644 ], [ 85.9978712, 20.0651007 ], [ 85.997649, 20.0651356 ], [ 85.9975385, 20.0651489 ], [ 85.9973794, 20.0651691 ], [ 85.9970888, 20.0651921 ], [ 85.99698, 20.065207 ], [ 85.9965257, 20.0652503 ], [ 85.9963748, 20.0652631 ], [ 85.9963084, 20.0652644 ], [ 85.9960983, 20.0652886 ], [ 85.9959009, 20.0653024 ], [ 85.9953049, 20.065352 ], [ 85.9951063, 20.0653714 ], [ 85.9948183, 20.0653999 ], [ 85.9947491, 20.065407 ], [ 85.9946762, 20.0654137 ], [ 85.9941579, 20.0654703 ], [ 85.9939932, 20.0654838 ], [ 85.9938525, 20.0655039 ], [ 85.9936114, 20.0655486 ], [ 85.99349, 20.0655688 ], [ 85.993271, 20.0656339 ], [ 85.9931246, 20.0656718 ], [ 85.9927536, 20.0657829 ], [ 85.9923825, 20.0658963 ], [ 85.9916281, 20.0661617 ], [ 85.9908649, 20.0664152 ], [ 85.9904661, 20.066541 ], [ 85.9902282, 20.066624 ], [ 85.9894626, 20.0668914 ], [ 85.9891515, 20.0670096 ], [ 85.9889239, 20.0670946 ], [ 85.9881221, 20.0673802 ], [ 85.9879732, 20.0674333 ], [ 85.9878983, 20.067454 ], [ 85.9873842, 20.0676486 ], [ 85.9869159, 20.067825 ], [ 85.9866049, 20.067939 ], [ 85.9860171, 20.068157 ], [ 85.9856829, 20.0682789 ], [ 85.9855382, 20.0683284 ], [ 85.9851153, 20.0684865 ], [ 85.9843061, 20.0688012 ], [ 85.983797, 20.0689864 ], [ 85.9837363, 20.0690047 ], [ 85.9831851, 20.0691984 ], [ 85.9826518, 20.0693646 ], [ 85.9825519, 20.0694023 ], [ 85.9825061, 20.0694193 ], [ 85.9823892, 20.0694595 ], [ 85.9823492, 20.0694714 ], [ 85.9821026, 20.0695417 ], [ 85.9819589, 20.0695878 ], [ 85.9818411, 20.069624 ], [ 85.981544, 20.0697154 ], [ 85.9812379, 20.0697914 ], [ 85.9809514, 20.0698572 ], [ 85.9809028, 20.0698696 ], [ 85.9803492, 20.0700186 ], [ 85.9797784, 20.0701818 ], [ 85.9790253, 20.0704246 ], [ 85.9785981, 20.0705856 ], [ 85.9785454, 20.0706313 ], [ 85.9784907, 20.0706513 ], [ 85.9780926, 20.0707974 ], [ 85.9777437, 20.0709267 ], [ 85.9770886, 20.0711797 ], [ 85.9765235, 20.071415 ], [ 85.9760542, 20.0716238 ], [ 85.975224, 20.0720265 ], [ 85.9741894, 20.0725169 ], [ 85.9741639, 20.072529 ], [ 85.9737058, 20.0727493 ], [ 85.9721706, 20.0734877 ], [ 85.9708964, 20.0740745 ], [ 85.9691274, 20.0748281 ], [ 85.968627, 20.0750493 ], [ 85.9680421, 20.0752958 ], [ 85.9676127, 20.0754811 ], [ 85.9670574, 20.07573 ], [ 85.9665643, 20.0759422 ], [ 85.9663609, 20.0760271 ], [ 85.9640772, 20.0770277 ], [ 85.9634753, 20.0772926 ], [ 85.9633242, 20.0773637 ], [ 85.9629259, 20.0775461 ], [ 85.9627182, 20.0776518 ], [ 85.9607642, 20.0787504 ], [ 85.9604255, 20.0789369 ], [ 85.9598412, 20.0792737 ], [ 85.9592917, 20.0795904 ], [ 85.9591505, 20.0796742 ], [ 85.9585845, 20.0799845 ], [ 85.957819, 20.0803229 ], [ 85.9575977, 20.0804065 ], [ 85.9571109, 20.0805827 ], [ 85.9567463, 20.0807147 ], [ 85.9565176, 20.0807814 ], [ 85.9560722, 20.0809112 ], [ 85.955256, 20.0811014 ], [ 85.9545786, 20.0812677 ], [ 85.9542382, 20.0813574 ], [ 85.954003, 20.0814312 ], [ 85.9537831, 20.0815066 ], [ 85.9533764, 20.0816749 ], [ 85.9530422, 20.0818369 ], [ 85.9529397, 20.0818946 ], [ 85.952504, 20.08214 ], [ 85.9520935, 20.0824325 ], [ 85.9517753, 20.0826673 ], [ 85.9517343, 20.0826976 ], [ 85.9517093, 20.0827161 ], [ 85.9516391, 20.0827679 ], [ 85.95144, 20.0829149 ], [ 85.9513808, 20.0829586 ], [ 85.9513349, 20.0829922 ], [ 85.9512238, 20.0830776 ], [ 85.9510504, 20.0831813 ], [ 85.9508291, 20.0832717 ], [ 85.9498561, 20.0834896 ], [ 85.9478929, 20.0839158 ], [ 85.9476922, 20.0839622 ], [ 85.9462397, 20.0842625 ], [ 85.9446571, 20.084594 ], [ 85.9443603, 20.0846562 ], [ 85.94407, 20.084717 ], [ 85.943959, 20.0847392 ], [ 85.943472, 20.0848364 ], [ 85.9433691, 20.084854 ], [ 85.9429879, 20.0849192 ], [ 85.9426151, 20.0849609 ], [ 85.9417317, 20.0850126 ], [ 85.941119, 20.0850373 ], [ 85.9407065, 20.0850462 ], [ 85.9406373, 20.0850477 ], [ 85.9404575, 20.0850472 ], [ 85.9383109, 20.0850252 ], [ 85.9377369, 20.0850421 ], [ 85.9376565, 20.0850517 ], [ 85.9375632, 20.085063 ], [ 85.9374784, 20.085066 ], [ 85.937437, 20.0850664 ], [ 85.9372646, 20.0850852 ], [ 85.9371311, 20.0851014 ], [ 85.9368822, 20.0851379 ], [ 85.9359082, 20.0853935 ], [ 85.9356531, 20.0854522 ], [ 85.9354424, 20.085472 ], [ 85.9352153, 20.085468 ], [ 85.9349682, 20.0854005 ], [ 85.9347206, 20.0853409 ], [ 85.9345106, 20.0853121 ], [ 85.9342844, 20.0853067 ], [ 85.933671, 20.0852919 ], [ 85.9330215, 20.0852392 ], [ 85.932602, 20.0851592 ], [ 85.9322038, 20.0850361 ], [ 85.9315637, 20.0847615 ], [ 85.9313455, 20.084657 ], [ 85.9311232, 20.0845887 ], [ 85.9309455, 20.0845378 ], [ 85.9307691, 20.0845133 ], [ 85.9305744, 20.0845223 ], [ 85.9304565, 20.0845599 ], [ 85.930314, 20.0846495 ], [ 85.9300181, 20.0849741 ], [ 85.9296297, 20.0854179 ], [ 85.929185, 20.085867 ], [ 85.9284245, 20.0866765 ], [ 85.9281226, 20.0870453 ], [ 85.9277723, 20.0875354 ], [ 85.927684, 20.0876414 ], [ 85.9273365, 20.0880402 ], [ 85.9269223, 20.0885651 ], [ 85.9264877, 20.0891197 ], [ 85.9260947, 20.0896117 ], [ 85.9259068, 20.0897821 ], [ 85.9257279, 20.0898977 ], [ 85.9256312, 20.0899476 ], [ 85.9251749, 20.0901149 ], [ 85.9246615, 20.0902878 ], [ 85.9239716, 20.0905276 ], [ 85.9237383, 20.090599 ], [ 85.9235176, 20.0906619 ], [ 85.9230755, 20.0908116 ], [ 85.9224891, 20.0910124 ], [ 85.9219798, 20.0911691 ], [ 85.9217988, 20.091214 ], [ 85.9211046, 20.0914215 ], [ 85.9202639, 20.0916843 ], [ 85.9200366, 20.091755 ], [ 85.9197791, 20.09183 ], [ 85.9187328, 20.092218 ], [ 85.9183632, 20.0923639 ], [ 85.9159929, 20.093265 ], [ 85.9158633, 20.0933009 ], [ 85.9155, 20.0934081 ], [ 85.9147937, 20.093553 ], [ 85.9142916, 20.0936063 ], [ 85.913479, 20.0936639 ], [ 85.9127025, 20.0937049 ], [ 85.9110808, 20.0938597 ], [ 85.9101747, 20.093879 ], [ 85.909919, 20.09391 ], [ 85.9097741, 20.0939229 ], [ 85.9093461, 20.0940106 ], [ 85.9078635, 20.094435 ], [ 85.9073547, 20.0945675 ], [ 85.9071167, 20.0946265 ], [ 85.9068347, 20.0947416 ], [ 85.9057994, 20.095175 ], [ 85.9052884, 20.0954035 ], [ 85.9050592, 20.0955008 ], [ 85.9049065, 20.0955436 ], [ 85.9047914, 20.0955742 ], [ 85.9035578, 20.0958446 ], [ 85.9022492, 20.0961236 ], [ 85.9020086, 20.0961778 ], [ 85.901849, 20.0962137 ], [ 85.9014679, 20.096322 ], [ 85.901194, 20.0964108 ], [ 85.9006412, 20.0966669 ], [ 85.9000763, 20.096976 ], [ 85.8993939, 20.0973397 ], [ 85.8990327, 20.0975303 ], [ 85.8987793, 20.0976607 ], [ 85.8986208, 20.0977152 ], [ 85.8983094, 20.097785 ], [ 85.8979709, 20.0978256 ], [ 85.8970608, 20.0979521 ], [ 85.8957388, 20.0981407 ], [ 85.8950842, 20.0982917 ], [ 85.8948504, 20.0983562 ], [ 85.8947091, 20.0983959 ], [ 85.894572, 20.0984368 ], [ 85.8923162, 20.099348 ], [ 85.8914483, 20.0996843 ], [ 85.8910597, 20.0998398 ], [ 85.8906014, 20.100011 ], [ 85.8902934, 20.1001092 ], [ 85.8900395, 20.1001712 ], [ 85.8897792, 20.1002243 ], [ 85.8895058, 20.1002602 ], [ 85.8889147, 20.1003196 ], [ 85.8888369, 20.1003272 ], [ 85.8886932, 20.100343 ], [ 85.888376, 20.1003816 ], [ 85.8857075, 20.1008919 ], [ 85.8855501, 20.1009207 ], [ 85.8848224, 20.1010305 ], [ 85.8845131, 20.1011123 ], [ 85.8843575, 20.1011664 ], [ 85.8842683, 20.1012046 ], [ 85.8841901, 20.1012481 ], [ 85.8839521, 20.1014341 ], [ 85.8838887, 20.1015 ], [ 85.883434, 20.1019809 ], [ 85.8831473, 20.1022558 ], [ 85.8831121, 20.1022908 ], [ 85.8830258, 20.1023817 ], [ 85.8829159, 20.102488 ], [ 85.8825946, 20.1027693 ], [ 85.8824299, 20.1028954 ], [ 85.8822251, 20.1030421 ], [ 85.8803079, 20.1039576 ], [ 85.8799101, 20.1041454 ], [ 85.8797017, 20.104268 ], [ 85.879582, 20.1043637 ], [ 85.8795108, 20.10443 ], [ 85.8793498, 20.1046161 ], [ 85.8791358, 20.1048992 ], [ 85.8788787, 20.1052659 ], [ 85.8787794, 20.1054099 ], [ 85.8785304, 20.1058344 ], [ 85.8775557, 20.1076649 ], [ 85.8772018, 20.1082155 ], [ 85.877038, 20.1084479 ], [ 85.8768618, 20.1086391 ], [ 85.8767274, 20.1087718 ], [ 85.8757248, 20.1096652 ], [ 85.8755395, 20.1098218 ], [ 85.8753295, 20.1099351 ], [ 85.8751373, 20.1100102 ], [ 85.8741208, 20.1103949 ], [ 85.8732715, 20.1106739 ], [ 85.8729419, 20.1107994 ], [ 85.8723819, 20.1110984 ], [ 85.8715035, 20.1116462 ], [ 85.8712587, 20.1117902 ], [ 85.8711123, 20.1118772 ], [ 85.8701187, 20.1124915 ], [ 85.869883, 20.1126571 ], [ 85.8690947, 20.1131806 ], [ 85.8689371, 20.113302 ], [ 85.8688201, 20.1134053 ], [ 85.8687594, 20.1134784 ], [ 85.8685689, 20.1137413 ], [ 85.8685351, 20.1138059 ], [ 85.8682054, 20.1143564 ], [ 85.8680757, 20.1145281 ], [ 85.8679624, 20.114646 ], [ 85.8677742, 20.1147816 ], [ 85.8663509, 20.1154038 ], [ 85.8660089, 20.1155563 ], [ 85.8657058, 20.1157201 ], [ 85.8651515, 20.116114 ], [ 85.8648471, 20.1163781 ], [ 85.8647623, 20.1164658 ], [ 85.8647021, 20.1165924 ], [ 85.8646952, 20.1166081 ], [ 85.8646787, 20.1166396 ], [ 85.8645895, 20.1168322 ], [ 85.8645631, 20.1169739 ], [ 85.8645535, 20.1170352 ], [ 85.8645047, 20.1173655 ], [ 85.8642412, 20.1193087 ], [ 85.8642174, 20.1194585 ], [ 85.8641318, 20.1199048 ], [ 85.8640359, 20.1200655 ], [ 85.8639513, 20.120162 ], [ 85.8638473, 20.120238 ], [ 85.8636133, 20.1203416 ], [ 85.8631204, 20.1205315 ], [ 85.8630437, 20.120558 ], [ 85.8629023, 20.120599 ], [ 85.8627792, 20.120608 ], [ 85.8626547, 20.1205988 ], [ 85.8625577, 20.1205769 ], [ 85.8621576, 20.1204575 ], [ 85.8605773, 20.1199571 ], [ 85.8591188, 20.1195097 ], [ 85.8588211, 20.1194178 ], [ 85.8587632, 20.1194039 ], [ 85.8586229, 20.1193776 ], [ 85.8584863, 20.1193699 ], [ 85.8579288, 20.1194257 ], [ 85.8563797, 20.1195645 ], [ 85.8552904, 20.1197042 ], [ 85.8550102, 20.1197455 ], [ 85.8547174, 20.1197474 ], [ 85.8541134, 20.1197379 ], [ 85.8538301, 20.1197471 ], [ 85.8533814, 20.1198066 ], [ 85.8530569, 20.1198723 ], [ 85.8523441, 20.1199769 ], [ 85.8518183, 20.1200092 ], [ 85.851294, 20.120007 ], [ 85.8502995, 20.119982 ], [ 85.8496889, 20.11997 ], [ 85.84918, 20.1199554 ], [ 85.8490998, 20.1199528 ], [ 85.8486225, 20.1199372 ], [ 85.8483225, 20.119904 ], [ 85.8480766, 20.1198426 ], [ 85.8477955, 20.1197332 ], [ 85.8472542, 20.1194374 ], [ 85.8463445, 20.1189503 ], [ 85.8457814, 20.118662 ], [ 85.8456618, 20.1186146 ], [ 85.8455758, 20.1185774 ], [ 85.8454449, 20.1185275 ], [ 85.8450948, 20.118394 ], [ 85.8447874, 20.1183049 ], [ 85.8446527, 20.1182653 ], [ 85.8445546, 20.1182322 ], [ 85.8436812, 20.1179889 ], [ 85.8434216, 20.1179161 ], [ 85.8433377, 20.1178973 ], [ 85.8432034, 20.1178812 ], [ 85.8429506, 20.1178631 ], [ 85.8428928, 20.1178624 ], [ 85.8428203, 20.1178606 ], [ 85.8423662, 20.1178637 ], [ 85.8422013, 20.1178846 ], [ 85.8421102, 20.1179021 ], [ 85.8419873, 20.1179256 ], [ 85.8418917, 20.1179608 ], [ 85.8412047, 20.1182234 ], [ 85.8410435, 20.118285 ], [ 85.8407751, 20.1183876 ], [ 85.8402921, 20.1185722 ], [ 85.8393092, 20.1189697 ], [ 85.8390691, 20.1190668 ], [ 85.8388476, 20.1191609 ], [ 85.8384537, 20.1193284 ], [ 85.8382813, 20.1194017 ], [ 85.8381876, 20.1194415 ], [ 85.8376415, 20.1197017 ], [ 85.8375717, 20.1197354 ], [ 85.8369435, 20.1200615 ], [ 85.8367917, 20.1197844 ], [ 85.8363951, 20.1200233 ], [ 85.8362923, 20.1200671 ], [ 85.8362386, 20.1200825 ], [ 85.8361714, 20.1200918 ], [ 85.8359549, 20.1201016 ], [ 85.8358392, 20.1198675 ], [ 85.8357226, 20.1196861 ], [ 85.8356888, 20.1196565 ], [ 85.8356572, 20.1196423 ], [ 85.8356187, 20.1196346 ], [ 85.8355743, 20.1196193 ], [ 85.8355302, 20.1195934 ], [ 85.8352619, 20.1193037 ], [ 85.8351815, 20.1192383 ], [ 85.834983, 20.1191048 ], [ 85.834473, 20.1188376 ], [ 85.8341248, 20.1191304 ], [ 85.8340497, 20.1191816 ], [ 85.833986, 20.119218 ], [ 85.8339314, 20.1192393 ], [ 85.833804, 20.1192714 ], [ 85.8334444, 20.1193419 ], [ 85.8333125, 20.1193632 ], [ 85.8331782, 20.1193868 ], [ 85.8327868, 20.1194829 ], [ 85.8325303, 20.119551 ], [ 85.8325094, 20.119686 ], [ 85.8324937, 20.1197252 ], [ 85.8324702, 20.1197547 ], [ 85.8324232, 20.1197866 ], [ 85.8321538, 20.1199161 ], [ 85.8318664, 20.1200468 ], [ 85.8314735, 20.1202294 ], [ 85.8313946, 20.120175 ], [ 85.8313193, 20.1201365 ], [ 85.8311103, 20.120063 ], [ 85.8310029, 20.1200312 ], [ 85.8308986, 20.1200106 ], [ 85.8308022, 20.1199979 ], [ 85.830647, 20.119985 ], [ 85.8306057, 20.1198895 ] ] } },
{ "type": "Feature", "properties": { "village": "Udayakani", "site": "Berhampur" }, "geometry": { "type": "LineString", "coordinates": [ [ 86.287179, 19.9767935 ], [ 86.2869094, 19.9770393 ], [ 86.2865272, 19.9773595 ], [ 86.2864669, 19.9774086 ], [ 86.2861142, 19.9775964 ], [ 86.2860538, 19.9776254 ], [ 86.2855831, 19.9777653 ], [ 86.284533, 19.9779733 ], [ 86.2839282, 19.9780741 ], [ 86.2837981, 19.9780716 ], [ 86.2834816, 19.9779859 ], [ 86.2833884, 19.9779495 ], [ 86.2829019, 19.977684 ], [ 86.2818786, 19.9770683 ], [ 86.2817261, 19.976968 ], [ 86.2815588, 19.9769117 ], [ 86.2811934, 19.976867 ], [ 86.2803424, 19.976858 ], [ 86.279815, 19.9768432 ], [ 86.2794439, 19.9768395 ], [ 86.27909, 19.9768218 ], [ 86.2787623, 19.9768013 ], [ 86.2784398, 19.9767716 ], [ 86.2778834, 19.9766569 ], [ 86.2778203, 19.9766489 ], [ 86.2775449, 19.976614 ], [ 86.2773405, 19.9766036 ], [ 86.277104, 19.9766187 ], [ 86.2769496, 19.9766383 ], [ 86.2767686, 19.9766751 ], [ 86.2763475, 19.9767865 ], [ 86.2761293, 19.9768442 ], [ 86.275487, 19.9770577 ], [ 86.273673, 19.9776616 ], [ 86.2735905, 19.9776884 ], [ 86.273398, 19.9777409 ], [ 86.273212, 19.9777774 ], [ 86.2717436, 19.9780047 ], [ 86.2715129, 19.9780783 ], [ 86.2713982, 19.9781412 ], [ 86.2713045, 19.9782144 ], [ 86.2712354, 19.9782913 ], [ 86.2711801, 19.9784318 ], [ 86.2710825, 19.9786515 ], [ 86.270992, 19.9787611 ], [ 86.2708733, 19.9788706 ], [ 86.2706067, 19.9790641 ], [ 86.2705864, 19.9790748 ], [ 86.2704435, 19.9791503 ], [ 86.2702898, 19.979219 ], [ 86.2701263, 19.9792708 ], [ 86.2699129, 19.9793307 ], [ 86.2693004, 19.979454 ], [ 86.2686698, 19.9795917 ], [ 86.2685763, 19.9794913 ], [ 86.2684881, 19.9793965 ], [ 86.2683442, 19.979227 ], [ 86.2682723, 19.9791423 ], [ 86.2678896, 19.9786248 ], [ 86.2678081, 19.9785298 ], [ 86.2677701, 19.9784968 ], [ 86.2677308, 19.9784642 ], [ 86.2672038, 19.9780592 ], [ 86.2670988, 19.9779766 ], [ 86.2669559, 19.9778885 ], [ 86.2668244, 19.9778365 ], [ 86.2666705, 19.9778262 ], [ 86.2665664, 19.9778393 ], [ 86.2664481, 19.977879 ], [ 86.2663104, 19.9779434 ], [ 86.2660847, 19.9780494 ], [ 86.2658909, 19.9781307 ], [ 86.2657787, 19.9781733 ], [ 86.2656096, 19.9782372 ], [ 86.2654011, 19.9783115 ], [ 86.264481, 19.9785769 ], [ 86.2635343, 19.9788161 ], [ 86.2634504, 19.9788368 ], [ 86.2626492, 19.9790525 ], [ 86.2623647, 19.9791247 ], [ 86.2622366, 19.9791587 ], [ 86.2621606, 19.9791789 ], [ 86.2617606, 19.9792933 ], [ 86.2616094, 19.9793363 ], [ 86.2611255, 19.9794769 ], [ 86.2610062, 19.9795142 ], [ 86.2604505, 19.9796528 ], [ 86.2594291, 19.9799065 ], [ 86.2587398, 19.980075 ], [ 86.2580161, 19.9802782 ], [ 86.2572498, 19.9804696 ], [ 86.2551924, 19.9810155 ], [ 86.2544566, 19.9812579 ], [ 86.2543876, 19.98129 ], [ 86.2543323, 19.9813173 ], [ 86.2542796, 19.98134 ], [ 86.2541887, 19.981388 ], [ 86.2539067, 19.9815326 ], [ 86.2538868, 19.981544 ], [ 86.2538045, 19.9815918 ], [ 86.253791, 19.9815995 ], [ 86.2521292, 19.9825224 ], [ 86.2506806, 19.9833638 ], [ 86.2492025, 19.9841914 ], [ 86.2482236, 19.9847193 ], [ 86.245306, 19.9863813 ], [ 86.2395987, 19.9895845 ], [ 86.2393101, 19.98927 ], [ 86.2384862, 19.9883359 ], [ 86.2376788, 19.9875205 ], [ 86.2375876, 19.9873913 ], [ 86.2375206, 19.987298 ], [ 86.2374755, 19.987206 ], [ 86.2372892, 19.9868263 ], [ 86.2372514, 19.9867495 ], [ 86.2371978, 19.9866727 ], [ 86.2370888, 19.986514 ], [ 86.2366257, 19.9861457 ], [ 86.236552, 19.9860908 ], [ 86.2364442, 19.9860296 ], [ 86.236344, 19.9859901 ], [ 86.2362212, 19.9859719 ], [ 86.2354455, 19.9859095 ], [ 86.2352631, 19.9859018 ], [ 86.2350625, 19.9859153 ], [ 86.23474, 19.9859481 ], [ 86.2346573, 19.9859507 ], [ 86.2346156, 19.9859452 ], [ 86.2345759, 19.985932 ], [ 86.2337522, 19.9855447 ], [ 86.2336634, 19.9854955 ], [ 86.2335747, 19.9854348 ], [ 86.2335037, 19.985375 ], [ 86.2334693, 19.9853426 ], [ 86.2334428, 19.9853128 ], [ 86.2331972, 19.9850132 ], [ 86.233145, 19.9849396 ], [ 86.2330981, 19.9848508 ], [ 86.232938, 19.9844928 ], [ 86.2329179, 19.9844579 ], [ 86.2328875, 19.9844337 ], [ 86.2328198, 19.9844083 ], [ 86.2327825, 19.9843961 ], [ 86.2327261, 19.9843747 ], [ 86.2326973, 19.9843583 ], [ 86.2326832, 19.9843413 ], [ 86.2314284, 19.9843022 ], [ 86.2310303, 19.9842014 ], [ 86.2307766, 19.9841284 ], [ 86.2302265, 19.9840785 ], [ 86.2298325, 19.9840427 ], [ 86.2287838, 19.9840322 ], [ 86.2286321, 19.9840205 ], [ 86.2284967, 19.9839973 ], [ 86.227853, 19.9837755 ], [ 86.2273185, 19.9835109 ], [ 86.2271324, 19.983432 ], [ 86.2269996, 19.9833992 ], [ 86.2268875, 19.983386 ], [ 86.2265731, 19.9833513 ], [ 86.2263773, 19.9833085 ], [ 86.2254517, 19.9831245 ], [ 86.2252972, 19.9830694 ], [ 86.2251818, 19.9829518 ], [ 86.2251434, 19.982888 ], [ 86.2251131, 19.9828166 ], [ 86.2250934, 19.9826932 ], [ 86.2250736, 19.9825011 ], [ 86.2250565, 19.9823643 ], [ 86.2250224, 19.9822205 ], [ 86.2249543, 19.9821173 ], [ 86.2247849, 19.9819914 ], [ 86.2247357, 19.9819176 ], [ 86.2247048, 19.9817728 ], [ 86.2245949, 19.981141 ], [ 86.2243172, 19.9798342 ], [ 86.2243029, 19.9797357 ], [ 86.2243286, 19.9796655 ], [ 86.2244691, 19.9793692 ], [ 86.2244906, 19.979279 ], [ 86.2244876, 19.9791946 ], [ 86.2244613, 19.9790614 ], [ 86.2242858, 19.9784867 ], [ 86.2240773, 19.9781479 ], [ 86.2237984, 19.9776816 ], [ 86.2235923, 19.9773219 ], [ 86.2235665, 19.9772801 ], [ 86.2235248, 19.9772607 ], [ 86.2234891, 19.9772647 ], [ 86.2234533, 19.9772785 ], [ 86.2225038, 19.9779358 ], [ 86.2224365, 19.9779821 ], [ 86.2223323, 19.9780168 ], [ 86.2222266, 19.9780168 ], [ 86.221933, 19.9779527 ], [ 86.2218806, 19.9779412 ], [ 86.2217518, 19.9779337 ], [ 86.2216118, 19.9779426 ], [ 86.2214618, 19.9779795 ], [ 86.2206908, 19.9782468 ], [ 86.22059, 19.9782836 ], [ 86.2205542, 19.9782929 ], [ 86.2204256, 19.9783269 ], [ 86.2202355, 19.9783537 ], [ 86.2197425, 19.9783879 ], [ 86.2193781, 19.9784101 ], [ 86.2191989, 19.9783789 ], [ 86.2191527, 19.9783563 ], [ 86.2191203, 19.9783109 ], [ 86.2191103, 19.9782535 ], [ 86.2190923, 19.9781937 ], [ 86.2190736, 19.9781651 ], [ 86.2190326, 19.9781404 ], [ 86.2189945, 19.9781281 ], [ 86.2189483, 19.9781253 ], [ 86.2186474, 19.9782203 ], [ 86.2178864, 19.9785363 ], [ 86.2176922, 19.9786378 ], [ 86.2175832, 19.9786948 ], [ 86.2172883, 19.978849 ], [ 86.2172104, 19.9788756 ], [ 86.2171397, 19.9788822 ], [ 86.2170724, 19.9788723 ], [ 86.2169733, 19.9788457 ], [ 86.2169202, 19.9788323 ], [ 86.2168636, 19.9788357 ], [ 86.2164672, 19.9789388 ], [ 86.2163823, 19.9789454 ], [ 86.2163256, 19.9789355 ], [ 86.2162832, 19.9789089 ], [ 86.2162584, 19.9788789 ], [ 86.2162478, 19.9788423 ], [ 86.216223, 19.9784897 ], [ 86.2145095, 19.9787971 ], [ 86.2135239, 19.9789567 ], [ 86.2132585, 19.9790166 ], [ 86.2131204, 19.9790598 ], [ 86.2128479, 19.9791596 ], [ 86.21277, 19.9791929 ], [ 86.2127063, 19.9792062 ], [ 86.2126249, 19.9792128 ], [ 86.2114676, 19.9792428 ], [ 86.2103528, 19.9792727 ], [ 86.2102431, 19.9792627 ], [ 86.2101617, 19.9792494 ], [ 86.2095671, 19.9790698 ], [ 86.209429, 19.9790465 ], [ 86.2093123, 19.9790499 ], [ 86.2091707, 19.9790698 ], [ 86.209061, 19.9790997 ], [ 86.2089902, 19.9791363 ], [ 86.2088026, 19.9792694 ], [ 86.208661, 19.9793791 ], [ 86.2086009, 19.9794191 ], [ 86.208523, 19.9794556 ], [ 86.2083991, 19.9794989 ], [ 86.2082363, 19.9795521 ], [ 86.208162, 19.9795887 ], [ 86.2078755, 19.9797525 ], [ 86.2073692, 19.9799512 ], [ 86.2072135, 19.9799812 ], [ 86.207125, 19.9799779 ], [ 86.2070684, 19.9799612 ], [ 86.2070118, 19.9799246 ], [ 86.2067923, 19.9796951 ], [ 86.2062225, 19.9791064 ], [ 86.2061517, 19.9790532 ], [ 86.2060987, 19.9790332 ], [ 86.2060314, 19.9790365 ], [ 86.2059606, 19.9790499 ], [ 86.2057447, 19.979133 ], [ 86.2056492, 19.9791563 ], [ 86.2055713, 19.9791596 ], [ 86.2052174, 19.9791363 ], [ 86.2050971, 19.9791363 ], [ 86.205044, 19.979153 ], [ 86.2050121, 19.9791829 ], [ 86.2049838, 19.9792295 ], [ 86.2047892, 19.979592 ], [ 86.2045143, 19.9799814 ], [ 86.2041882, 19.9797922 ], [ 86.2039606, 19.9796621 ], [ 86.2039403, 19.9796874 ], [ 86.2039141, 19.9797091 ], [ 86.2020934, 19.9804772 ], [ 86.201555, 19.9807101 ], [ 86.2005859, 19.9810898 ], [ 86.2005346, 19.9811183 ], [ 86.2004902, 19.9811622 ], [ 86.2003834, 19.9813288 ], [ 86.2003296, 19.9812968 ], [ 86.2000683, 19.9811521 ], [ 86.1999183, 19.9810425 ], [ 86.1998498, 19.9809655 ], [ 86.1998061, 19.9808949 ], [ 86.199616, 19.9803301 ], [ 86.1995734, 19.9802588 ], [ 86.1995317, 19.9802103 ], [ 86.1994751, 19.9801608 ], [ 86.1992495, 19.9799907 ], [ 86.1990772, 19.9798608 ], [ 86.1988792, 19.9797414 ], [ 86.1986041, 19.979589 ], [ 86.1981205, 19.9793736 ], [ 86.1976595, 19.9791045 ], [ 86.1974414, 19.9789503 ], [ 86.1971993, 19.9787363 ], [ 86.19687, 19.9783867 ], [ 86.1966393, 19.9780917 ], [ 86.1962635, 19.977387 ], [ 86.1959728, 19.9767911 ], [ 86.1954328, 19.9757055 ], [ 86.1954077, 19.9756565 ], [ 86.1953622, 19.9755566 ], [ 86.1953062, 19.9754344 ], [ 86.1950934, 19.9746873 ], [ 86.1949534, 19.9742512 ], [ 86.1947291, 19.9730778 ], [ 86.1946618, 19.9727626 ], [ 86.1944197, 19.9714071 ], [ 86.1943455, 19.9710813 ], [ 86.1941141, 19.9700652 ], [ 86.1940616, 19.9697952 ], [ 86.1940438, 19.9695197 ], [ 86.1940503, 19.9694023 ], [ 86.1940783, 19.9692588 ], [ 86.1941406, 19.9691223 ], [ 86.1944448, 19.9686041 ], [ 86.1945147, 19.9684863 ], [ 86.194571, 19.9683641 ], [ 86.1945805, 19.9683045 ], [ 86.1945763, 19.9681921 ], [ 86.1945628, 19.968082 ], [ 86.1942662, 19.9671631 ], [ 86.1942341, 19.9670298 ], [ 86.1942259, 19.9669241 ], [ 86.1942442, 19.9667605 ], [ 86.1942746, 19.966551 ], [ 86.1942722, 19.9664989 ], [ 86.1942574, 19.9664497 ], [ 86.1942291, 19.9663873 ], [ 86.1941856, 19.966317 ], [ 86.193885, 19.9658989 ], [ 86.193782, 19.9657253 ], [ 86.1936848, 19.9655587 ], [ 86.193618, 19.9654481 ], [ 86.1933969, 19.9651158 ], [ 86.1933522, 19.9650252 ], [ 86.1933082, 19.9649084 ], [ 86.1931131, 19.9641944 ], [ 86.192943, 19.9632269 ], [ 86.1929009, 19.9630833 ], [ 86.1927876, 19.9625993 ], [ 86.1927487, 19.9624842 ], [ 86.1926244, 19.9622071 ], [ 86.1925594, 19.9620227 ], [ 86.1925353, 19.9619261 ], [ 86.1925278, 19.9618864 ], [ 86.192488, 19.9616071 ], [ 86.1924745, 19.961553 ], [ 86.1924388, 19.9614798 ], [ 86.1924075, 19.9614184 ], [ 86.1922894, 19.9612307 ], [ 86.1917817, 19.9605444 ], [ 86.1917058, 19.9604275 ], [ 86.191452, 19.9600491 ], [ 86.1913687, 19.9599066 ], [ 86.1913217, 19.9598019 ], [ 86.1912386, 19.959612 ], [ 86.1909553, 19.9589643 ], [ 86.1908432, 19.9587354 ], [ 86.1906742, 19.9584234 ], [ 86.1905693, 19.9582509 ], [ 86.1904824, 19.9581221 ], [ 86.1903789, 19.958009 ], [ 86.1902733, 19.9578987 ], [ 86.1899566, 19.9576008 ], [ 86.1898427, 19.9575048 ], [ 86.1897215, 19.9573856 ], [ 86.189617, 19.9572573 ], [ 86.1895762, 19.9572023 ], [ 86.189487, 19.9570821 ], [ 86.1893001, 19.9567514 ], [ 86.1887987, 19.9558641 ], [ 86.1880692, 19.954649 ], [ 86.1880092, 19.9545343 ], [ 86.1879869, 19.9544479 ], [ 86.1879209, 19.9539467 ], [ 86.1878904, 19.953812 ], [ 86.1878496, 19.9537081 ], [ 86.1877937, 19.9536042 ], [ 86.1877264, 19.9534938 ], [ 86.1876181, 19.9533855 ], [ 86.1875606, 19.9533327 ], [ 86.1874279, 19.9532837 ], [ 86.1870286, 19.9531667 ], [ 86.1869526, 19.9531579 ], [ 86.1868411, 19.9531611 ], [ 86.1867271, 19.9531775 ], [ 86.186636, 19.953184 ], [ 86.1865643, 19.9531731 ], [ 86.1864904, 19.9531466 ], [ 86.186423, 19.9531118 ], [ 86.1863766, 19.953073 ], [ 86.1863234, 19.953023 ], [ 86.1862793, 19.9529545 ], [ 86.1862373, 19.9528565 ], [ 86.1862224, 19.9527835 ], [ 86.1862087, 19.9524984 ], [ 86.1861897, 19.9521021 ], [ 86.1861773, 19.9519667 ], [ 86.1861584, 19.9518638 ], [ 86.1861269, 19.951765 ], [ 86.1860182, 19.9515615 ], [ 86.1859583, 19.9514795 ], [ 86.185766, 19.9512661 ], [ 86.185695, 19.9511868 ], [ 86.1856314, 19.9510986 ], [ 86.1855164, 19.9508965 ], [ 86.1854691, 19.9508032 ], [ 86.1854278, 19.950692 ], [ 86.1854063, 19.9505824 ], [ 86.1853908, 19.9504563 ], [ 86.1853681, 19.9498724 ], [ 86.1853387, 19.9497455 ], [ 86.1852941, 19.9496685 ], [ 86.185251, 19.9496275 ], [ 86.1852115, 19.9495928 ], [ 86.1851534, 19.9495691 ], [ 86.1850809, 19.9495513 ], [ 86.1850124, 19.9495292 ], [ 86.1849619, 19.9495055 ], [ 86.1846178, 19.9492875 ], [ 86.1845393, 19.9492099 ], [ 86.1844721, 19.9490807 ], [ 86.1844153, 19.9489103 ], [ 86.1843882, 19.9488245 ], [ 86.1842185, 19.9478981 ], [ 86.1841029, 19.9471723 ], [ 86.1840649, 19.9470223 ], [ 86.1840312, 19.9469135 ], [ 86.1836726, 19.9462534 ], [ 86.1834785, 19.9459274 ], [ 86.1834152, 19.9458373 ], [ 86.1833542, 19.9457573 ], [ 86.1829784, 19.9453271 ], [ 86.1829278, 19.9452608 ], [ 86.1828842, 19.9451846 ], [ 86.1828584, 19.9450984 ], [ 86.182827, 19.9448919 ], [ 86.1827958, 19.9448224 ], [ 86.182151, 19.9439051 ], [ 86.1819102, 19.9435918 ], [ 86.1818648, 19.9435328 ], [ 86.1817941, 19.9434113 ], [ 86.181701, 19.9432279 ], [ 86.1815919, 19.9429704 ], [ 86.1815326, 19.9427942 ], [ 86.1814853, 19.9426702 ], [ 86.1814482, 19.9425323 ], [ 86.1814454, 19.9424519 ], [ 86.181457, 19.9422752 ], [ 86.1814606, 19.9421787 ], [ 86.1814555, 19.9420838 ], [ 86.1814408, 19.9420126 ], [ 86.1813066, 19.941685 ], [ 86.1812817, 19.9416005 ], [ 86.181267, 19.9415197 ], [ 86.1812424, 19.9412515 ], [ 86.1812218, 19.9411939 ], [ 86.1811814, 19.9411393 ], [ 86.1811253, 19.9410957 ], [ 86.1808056, 19.9409098 ], [ 86.1807279, 19.9408746 ], [ 86.1806357, 19.9408428 ], [ 86.1805358, 19.9408186 ], [ 86.1803307, 19.9407833 ], [ 86.1800515, 19.9407349 ], [ 86.1791082, 19.9406377 ], [ 86.179059, 19.9406196 ], [ 86.1789945, 19.940595 ], [ 86.1784801, 19.9401197 ], [ 86.1783213, 19.939973 ], [ 86.1781362, 19.9398089 ], [ 86.1777483, 19.9394755 ], [ 86.1776523, 19.9393818 ], [ 86.1775427, 19.9392749 ], [ 86.1772624, 19.9389856 ], [ 86.1770778, 19.9387706 ], [ 86.1769063, 19.9385278 ], [ 86.1766038, 19.9379955 ], [ 86.1765204, 19.9378627 ], [ 86.1764056, 19.9377288 ], [ 86.1762647, 19.9375845 ], [ 86.1759645, 19.9373044 ], [ 86.1758683, 19.9372363 ], [ 86.1757689, 19.9372145 ], [ 86.1756413, 19.9372209 ], [ 86.1755266, 19.9372666 ], [ 86.1745023, 19.9378332 ], [ 86.1743997, 19.9378743 ], [ 86.1743053, 19.9379022 ], [ 86.1741755, 19.9379205 ], [ 86.1740166, 19.9379237 ], [ 86.1737436, 19.9379027 ], [ 86.1735141, 19.9378521 ], [ 86.173117, 19.937723 ], [ 86.1716356, 19.9370278 ], [ 86.1715276, 19.9370075 ], [ 86.1714366, 19.9370017 ], [ 86.1713509, 19.9370098 ], [ 86.1711412, 19.9371524 ], [ 86.1710676, 19.937197 ], [ 86.1710139, 19.9372238 ], [ 86.1709626, 19.9372348 ], [ 86.1709052, 19.9372332 ], [ 86.1708521, 19.9372145 ], [ 86.1707226, 19.9371404 ], [ 86.1705823, 19.9370473 ], [ 86.170501, 19.9369873 ], [ 86.170425, 19.9369122 ], [ 86.1703713, 19.9368453 ], [ 86.1702871, 19.9367134 ], [ 86.1699077, 19.9359502 ], [ 86.1698599, 19.9358586 ], [ 86.1694803, 19.9352015 ], [ 86.1694033, 19.9350348 ], [ 86.1684869, 19.9327443 ], [ 86.1684404, 19.9326621 ], [ 86.1683411, 19.9325275 ], [ 86.1682715, 19.9324346 ], [ 86.1682131, 19.932366 ], [ 86.1681464, 19.9322973 ], [ 86.166501, 19.9308951 ], [ 86.1663611, 19.9307829 ], [ 86.166259, 19.930717 ], [ 86.1656769, 19.9303342 ], [ 86.1655964, 19.9302933 ], [ 86.1655222, 19.9302566 ], [ 86.1644785, 19.9298632 ], [ 86.1643127, 19.9298103 ], [ 86.1641324, 19.9297581 ], [ 86.1640088, 19.9297304 ], [ 86.1627997, 19.9295512 ], [ 86.1627043, 19.9295059 ], [ 86.1626425, 19.9294582 ], [ 86.1625759, 19.9293681 ], [ 86.1620824, 19.9283796 ], [ 86.1618461, 19.9279062 ], [ 86.16182, 19.9278054 ], [ 86.1618167, 19.9277299 ], [ 86.161843, 19.9276699 ], [ 86.1619209, 19.9276073 ], [ 86.162376, 19.9273813 ], [ 86.1624361, 19.9273429 ], [ 86.1624678, 19.9272856 ], [ 86.1624764, 19.9272181 ], [ 86.162457, 19.9271493 ], [ 86.1619369, 19.9263097 ], [ 86.1614568, 19.9255491 ], [ 86.1613869, 19.9254274 ], [ 86.1603759, 19.9233392 ], [ 86.1594362, 19.9217221 ], [ 86.159341, 19.9216062 ], [ 86.1591925, 19.9214273 ], [ 86.1580479, 19.9202151 ], [ 86.1579829, 19.9201618 ], [ 86.156734, 19.9191598 ], [ 86.1558289, 19.9183815 ], [ 86.1557443, 19.9183077 ], [ 86.1555955, 19.9181653 ], [ 86.1552195, 19.9177979 ], [ 86.1551202, 19.9176855 ], [ 86.1550385, 19.9175806 ], [ 86.154953, 19.917444 ], [ 86.1548709, 19.9173035 ], [ 86.1543476, 19.9161475 ], [ 86.1538006, 19.9150895 ], [ 86.1537145, 19.9149378 ], [ 86.1536981, 19.9148636 ], [ 86.153695, 19.9147894 ], [ 86.1537582, 19.9142427 ], [ 86.1537375, 19.9141483 ], [ 86.1537123, 19.9140711 ], [ 86.1536833, 19.9140104 ], [ 86.1532858, 19.913377 ], [ 86.1525394, 19.9126225 ], [ 86.152467, 19.9125294 ], [ 86.1524224, 19.9124566 ], [ 86.152113, 19.9119226 ], [ 86.1520023, 19.9117015 ], [ 86.1519045, 19.9115108 ], [ 86.1517388, 19.9111848 ], [ 86.1516053, 19.9109274 ], [ 86.1515052, 19.9107146 ], [ 86.1514814, 19.9106485 ], [ 86.1509035, 19.9089476 ], [ 86.1507479, 19.9084502 ], [ 86.1506792, 19.9082759 ], [ 86.1505656, 19.9080726 ], [ 86.1504544, 19.907917 ], [ 86.1498316, 19.9071735 ], [ 86.1491863, 19.9064557 ], [ 86.1491102, 19.9063681 ], [ 86.1490263, 19.9062957 ], [ 86.1489469, 19.9062394 ], [ 86.1488433, 19.9061821 ], [ 86.1487344, 19.9061421 ], [ 86.1474256, 19.9058473 ], [ 86.1461467, 19.9055291 ], [ 86.144342, 19.9051439 ], [ 86.1439455, 19.9050101 ], [ 86.1436374, 19.9048929 ], [ 86.1435136, 19.9048302 ], [ 86.1433723, 19.9047252 ], [ 86.1432597, 19.9046211 ], [ 86.1431806, 19.9045275 ], [ 86.1424237, 19.9036325 ], [ 86.1411036, 19.9021982 ], [ 86.140972, 19.9020756 ], [ 86.1406502, 19.9017997 ], [ 86.1404125, 19.9016109 ], [ 86.1401208, 19.901439 ], [ 86.1392684, 19.9010092 ], [ 86.1391248, 19.9009214 ], [ 86.1378267, 19.900019 ], [ 86.136735, 19.8992763 ], [ 86.1353222, 19.8983563 ], [ 86.1352003, 19.898287 ], [ 86.1350705, 19.8982267 ], [ 86.134074, 19.89787 ], [ 86.1339238, 19.8977843 ], [ 86.1338039, 19.8976892 ], [ 86.1336868, 19.8975957 ], [ 86.1335847, 19.8975088 ], [ 86.1326351, 19.8966443 ], [ 86.1325011, 19.896552 ], [ 86.1323982, 19.8964831 ], [ 86.132296, 19.8964247 ], [ 86.132217, 19.8963795 ], [ 86.1320222, 19.8962798 ], [ 86.1317595, 19.8961427 ], [ 86.1314857, 19.8960261 ], [ 86.1310908, 19.8958692 ], [ 86.1304863, 19.8956654 ], [ 86.1298165, 19.8954561 ], [ 86.1293642, 19.8953339 ], [ 86.1289934, 19.895245 ], [ 86.128292, 19.89508 ], [ 86.1275383, 19.8949027 ], [ 86.1273782, 19.8948784 ], [ 86.1272494, 19.894871 ], [ 86.1270062, 19.8948686 ], [ 86.1268529, 19.8948891 ], [ 86.1267383, 19.8949273 ], [ 86.1258698, 19.8955191 ], [ 86.1257702, 19.8955378 ], [ 86.1256802, 19.8955161 ], [ 86.1256083, 19.895465 ], [ 86.1252203, 19.895102 ], [ 86.1250845, 19.8950367 ], [ 86.1249585, 19.8950239 ], [ 86.1248136, 19.8950254 ], [ 86.12469, 19.8950454 ], [ 86.1228494, 19.8955873 ], [ 86.1226194, 19.8956325 ], [ 86.1223354, 19.8956608 ], [ 86.1218849, 19.8956983 ], [ 86.1213578, 19.8956475 ], [ 86.1212189, 19.8956576 ], [ 86.1210037, 19.8956931 ], [ 86.1207552, 19.8957505 ], [ 86.1204904, 19.895837 ], [ 86.1198065, 19.8960603 ], [ 86.1195799, 19.8961526 ], [ 86.1181057, 19.896909 ], [ 86.1178774, 19.8970446 ], [ 86.1176958, 19.8971923 ], [ 86.1165823, 19.898371 ], [ 86.1160981, 19.8988269 ], [ 86.1160122, 19.8988946 ], [ 86.1159216, 19.8989466 ], [ 86.1158237, 19.8989983 ], [ 86.1157234, 19.8989765 ], [ 86.1155929, 19.8989186 ], [ 86.1154623, 19.8988448 ], [ 86.1150021, 19.898558 ], [ 86.1141944, 19.8979017 ], [ 86.1135228, 19.8973717 ], [ 86.1134115, 19.8972962 ], [ 86.1132782, 19.8972183 ], [ 86.113178, 19.8971609 ], [ 86.1124506, 19.8968356 ], [ 86.1117854, 19.8965382 ], [ 86.1111941, 19.8962738 ], [ 86.1078925, 19.8949781 ], [ 86.1069178, 19.8945426 ], [ 86.1062995, 19.8942719 ], [ 86.105839, 19.8940704 ], [ 86.1038086, 19.8931817 ], [ 86.1037569, 19.8931564 ], [ 86.1032698, 19.8928869 ], [ 86.1024154, 19.8924616 ], [ 86.1016772, 19.8920999 ], [ 86.1012324, 19.8918872 ], [ 86.1009284, 19.891745 ], [ 86.1006068, 19.8915904 ], [ 86.0999418, 19.8912869 ], [ 86.0997333, 19.8911877 ], [ 86.0997008, 19.8911332 ], [ 86.0996012, 19.8910842 ], [ 86.0995214, 19.8910414 ], [ 86.0994232, 19.8909899 ], [ 86.0985097, 19.8904721 ], [ 86.0980993, 19.8902666 ], [ 86.0979344, 19.8901836 ], [ 86.0979082, 19.8901691 ], [ 86.097874, 19.8901555 ], [ 86.0977735, 19.8901606 ], [ 86.0976699, 19.8901698 ], [ 86.0975133, 19.89024 ], [ 86.0973751, 19.8903103 ], [ 86.0971443, 19.8903741 ], [ 86.0969181, 19.8904183 ], [ 86.0966453, 19.8904284 ], [ 86.0963832, 19.890426 ], [ 86.0963022, 19.8904253 ], [ 86.0955271, 19.8904191 ], [ 86.0953402, 19.890416 ], [ 86.0952079, 19.8904117 ], [ 86.0950054, 19.8904052 ], [ 86.0947976, 19.8903775 ], [ 86.0946138, 19.8903397 ], [ 86.0943443, 19.8902438 ], [ 86.0941653, 19.8901777 ], [ 86.0940855, 19.8901482 ], [ 86.0936082, 19.889972 ], [ 86.0933948, 19.8898932 ], [ 86.0926504, 19.8896221 ], [ 86.0923903, 19.8895388 ], [ 86.092283, 19.88953 ], [ 86.0921475, 19.8895351 ], [ 86.0920163, 19.8895566 ], [ 86.0919374, 19.8896003 ], [ 86.0916915, 19.8897484 ], [ 86.0915709, 19.889847 ], [ 86.0915003, 19.8899162 ], [ 86.0911705, 19.8901808 ], [ 86.090561, 19.8906291 ], [ 86.0892384, 19.8915382 ], [ 86.0885927, 19.8919965 ], [ 86.0878394, 19.8925551 ], [ 86.0877058, 19.892642 ], [ 86.0871069, 19.8930497 ], [ 86.086592, 19.8934002 ], [ 86.0851198, 19.8944381 ], [ 86.0841263, 19.8951434 ], [ 86.0834651, 19.8956515 ], [ 86.0833787, 19.8957209 ], [ 86.0827486, 19.8962267 ], [ 86.0819473, 19.896836 ], [ 86.0816931, 19.8970468 ], [ 86.0808649, 19.8976241 ], [ 86.0808202, 19.8976589 ], [ 86.079139, 19.8990929 ], [ 86.0788537, 19.8989153 ], [ 86.0787618, 19.89886 ], [ 86.0786726, 19.8988112 ], [ 86.0785908, 19.8987661 ], [ 86.0785092, 19.8987083 ], [ 86.078441, 19.8986542 ], [ 86.0782706, 19.8985055 ], [ 86.0771901, 19.8972405 ], [ 86.0761966, 19.896129 ], [ 86.0760889, 19.8960085 ], [ 86.0756468, 19.8955504 ], [ 86.0755335, 19.8954357 ], [ 86.0754095, 19.8953274 ], [ 86.0752987, 19.8952522 ], [ 86.0751428, 19.8951811 ], [ 86.074994, 19.895148 ], [ 86.074917, 19.8951145 ], [ 86.0748397, 19.8950444 ], [ 86.0747597, 19.8949413 ], [ 86.0745332, 19.8944962 ], [ 86.0744689, 19.8943399 ], [ 86.0743812, 19.8940714 ], [ 86.0743404, 19.8939834 ], [ 86.074283, 19.8939233 ], [ 86.0741827, 19.8938571 ], [ 86.0740961, 19.8938165 ], [ 86.0740233, 19.8937947 ], [ 86.0739086, 19.8937675 ], [ 86.073778, 19.8937397 ], [ 86.073612, 19.8937187 ], [ 86.0729425, 19.8936523 ], [ 86.0726408, 19.8936162 ], [ 86.0724444, 19.8936128 ], [ 86.0723543, 19.8935961 ], [ 86.0722542, 19.893565 ], [ 86.0716603, 19.8932558 ], [ 86.071593, 19.8932326 ], [ 86.0715253, 19.8932281 ], [ 86.0708063, 19.8933134 ], [ 86.0707572, 19.893321 ], [ 86.0706989, 19.8932491 ], [ 86.0706732, 19.8932238 ], [ 86.0706231, 19.8931818 ], [ 86.0705613, 19.8931385 ], [ 86.0704887, 19.8930981 ], [ 86.0701402, 19.8929695 ], [ 86.0700453, 19.892925 ], [ 86.0699466, 19.8928725 ], [ 86.0698417, 19.8928078 ], [ 86.0697331, 19.8927372 ], [ 86.0695385, 19.8925999 ], [ 86.0694856, 19.8925528 ], [ 86.0694419, 19.8925035 ], [ 86.0693979, 19.8924368 ], [ 86.0693696, 19.8923699 ], [ 86.0693348, 19.8922074 ], [ 86.0693145, 19.8921638 ], [ 86.0692819, 19.8921271 ], [ 86.0692332, 19.8921195 ], [ 86.0691896, 19.8921253 ], [ 86.069079, 19.8921732 ], [ 86.0690277, 19.8921894 ], [ 86.0689533, 19.8922122 ], [ 86.0688969, 19.8922227 ], [ 86.0688318, 19.8922279 ], [ 86.0682784, 19.8921986 ], [ 86.0681992, 19.8922 ], [ 86.0681172, 19.8922062 ], [ 86.0680353, 19.8922221 ], [ 86.0679738, 19.8922312 ], [ 86.0675555, 19.8922438 ], [ 86.0674776, 19.8922472 ], [ 86.0673314, 19.8922546 ], [ 86.0672651, 19.8922665 ], [ 86.0672018, 19.8922845 ], [ 86.067105, 19.8923194 ], [ 86.0665008, 19.8925578 ], [ 86.0663692, 19.8926162 ], [ 86.066269, 19.8926703 ], [ 86.0657839, 19.8929541 ], [ 86.0654189, 19.8924731 ], [ 86.0649812, 19.8920315 ], [ 86.0647558, 19.891804 ], [ 86.0642987, 19.8914222 ], [ 86.062994, 19.8903495 ], [ 86.0627816, 19.8902075 ], [ 86.0623502, 19.8899331 ], [ 86.0621788, 19.8898067 ], [ 86.0619039, 19.8895887 ], [ 86.0617874, 19.8894972 ], [ 86.0616719, 19.8893898 ], [ 86.0615842, 19.8893042 ], [ 86.0614932, 19.889178 ], [ 86.0614112, 19.8890191 ], [ 86.061267, 19.8887233 ], [ 86.061187, 19.8886083 ], [ 86.0611188, 19.8885329 ], [ 86.0610284, 19.8884517 ], [ 86.0607004, 19.8882722 ], [ 86.0605774, 19.8881864 ], [ 86.0592186, 19.8871542 ], [ 86.0590785, 19.8870698 ], [ 86.0589624, 19.8869982 ], [ 86.058847, 19.8869423 ], [ 86.0586008, 19.8868586 ], [ 86.0580224, 19.886753 ], [ 86.0577145, 19.8866822 ], [ 86.0574889, 19.8866306 ], [ 86.057369, 19.8865885 ], [ 86.0571738, 19.8864949 ], [ 86.0569279, 19.8863477 ], [ 86.0565234, 19.8860954 ], [ 86.0559827, 19.8858029 ], [ 86.0552387, 19.8854091 ], [ 86.0548057, 19.8851721 ], [ 86.0544012, 19.8849217 ], [ 86.0541674, 19.8847917 ], [ 86.053582, 19.8845317 ], [ 86.0534282, 19.8844574 ], [ 86.0532222, 19.8843578 ], [ 86.0529884, 19.8842278 ], [ 86.0527791, 19.8840844 ], [ 86.0527018, 19.884029 ], [ 86.0526646, 19.88401 ], [ 86.0526307, 19.8839927 ], [ 86.0525392, 19.8839697 ], [ 86.0523908, 19.8839411 ], [ 86.0523014, 19.8839239 ], [ 86.0521916, 19.8838837 ], [ 86.0519863, 19.8837805 ], [ 86.0517444, 19.8836448 ], [ 86.0515188, 19.8835243 ], [ 86.0513785, 19.8834651 ], [ 86.0512626, 19.8834402 ], [ 86.051161, 19.8834326 ], [ 86.0510716, 19.8834441 ], [ 86.0509882, 19.8834689 ], [ 86.0508927, 19.8835148 ], [ 86.0508134, 19.883553 ], [ 86.0507321, 19.8835759 ], [ 86.0505776, 19.8835932 ], [ 86.0504048, 19.8836046 ], [ 86.0503113, 19.8836218 ], [ 86.0502321, 19.8836467 ], [ 86.0501487, 19.8836849 ], [ 86.050043, 19.883748 ], [ 86.0498662, 19.8838646 ], [ 86.0496995, 19.8839793 ], [ 86.0494149, 19.8841475 ], [ 86.0491649, 19.884289 ], [ 86.0489372, 19.8843941 ], [ 86.0487807, 19.8844553 ], [ 86.0486526, 19.8844935 ], [ 86.0485042, 19.8845298 ], [ 86.0481526, 19.8846024 ], [ 86.0478172, 19.8846674 ], [ 86.0476362, 19.8847114 ], [ 86.0475041, 19.8847573 ], [ 86.0473395, 19.8848318 ], [ 86.0469492, 19.8850364 ], [ 86.046752, 19.8851396 ], [ 86.0466666, 19.8851797 ], [ 86.0465426, 19.8852237 ], [ 86.0462906, 19.8853078 ], [ 86.0458637, 19.885455 ], [ 86.0456991, 19.8855238 ], [ 86.0455202, 19.8856079 ], [ 86.0453352, 19.8856958 ], [ 86.045136, 19.8857876 ], [ 86.0447477, 19.885952 ], [ 86.044079, 19.8862483 ], [ 86.0436785, 19.8864299 ], [ 86.0435322, 19.886491 ], [ 86.0434834, 19.8865121 ], [ 86.0432638, 19.8865962 ], [ 86.04315, 19.8866459 ], [ 86.0430585, 19.8866994 ], [ 86.0429711, 19.886751 ], [ 86.0428451, 19.8868428 ], [ 86.0427821, 19.886881 ], [ 86.042715, 19.8869078 ], [ 86.0426561, 19.8869173 ], [ 86.042593, 19.8869173 ], [ 86.0424385, 19.8868982 ], [ 86.0418398, 19.8868255 ], [ 86.0417594, 19.8868305 ], [ 86.0417057, 19.8868406 ], [ 86.0416574, 19.8868633 ], [ 86.0415796, 19.8869112 ], [ 86.0415301, 19.8869456 ], [ 86.0412822, 19.8871162 ], [ 86.0409949, 19.8873173 ], [ 86.040952, 19.8873552 ], [ 86.0409332, 19.8873905 ], [ 86.0409332, 19.8874207 ], [ 86.0409413, 19.8874687 ], [ 86.0410432, 19.8877612 ], [ 86.0410968, 19.8878924 ], [ 86.0411666, 19.8880336 ], [ 86.0413382, 19.8883716 ], [ 86.0414724, 19.8886919 ], [ 86.0415233, 19.8888256 ], [ 86.0416252, 19.8891132 ], [ 86.041673, 19.8892555 ], [ 86.0417674, 19.8895369 ], [ 86.0417728, 19.8895747 ], [ 86.0417594, 19.889605 ], [ 86.0417298, 19.8896226 ], [ 86.0416873, 19.8896409 ], [ 86.0415907, 19.8896778 ], [ 86.0414203, 19.889748 ], [ 86.0412358, 19.8898381 ], [ 86.041105, 19.8896668 ], [ 86.0410326, 19.8895877 ], [ 86.0409369, 19.8895307 ], [ 86.0408645, 19.8895087 ], [ 86.0407595, 19.8895131 ], [ 86.0406614, 19.8895416 ], [ 86.0405913, 19.8895746 ], [ 86.0405306, 19.8896229 ], [ 86.0404466, 19.8897085 ], [ 86.0403835, 19.8897678 ], [ 86.0403135, 19.8898073 ], [ 86.0402387, 19.8898359 ], [ 86.040164, 19.8898578 ], [ 86.040094, 19.8898732 ], [ 86.0400006, 19.8898908 ], [ 86.0398628, 19.8899325 ], [ 86.0396527, 19.8900027 ], [ 86.0394986, 19.8900686 ], [ 86.0393841, 19.8901213 ], [ 86.039244, 19.8901894 ], [ 86.0391366, 19.8902487 ], [ 86.0388191, 19.8904024 ], [ 86.0385832, 19.8905247 ], [ 86.0383497, 19.8902122 ], [ 86.0381371, 19.8899225 ], [ 86.0380416, 19.8898211 ], [ 86.0379153, 19.8897226 ], [ 86.0377119, 19.8895806 ], [ 86.0375733, 19.8894995 ], [ 86.0374624, 19.8894387 ], [ 86.037373, 19.8893691 ], [ 86.0371697, 19.8892127 ], [ 86.0368369, 19.8889346 ], [ 86.0364456, 19.8885753 ], [ 86.0360574, 19.8882421 ], [ 86.0356107, 19.887877 ], [ 86.0353241, 19.8876395 ], [ 86.0351023, 19.8874309 ], [ 86.0348188, 19.8871411 ], [ 86.0346586, 19.8869818 ], [ 86.0344738, 19.8868166 ], [ 86.0342519, 19.8866399 ], [ 86.0340732, 19.8865037 ], [ 86.0338637, 19.8863154 ], [ 86.0335587, 19.8860257 ], [ 86.0332198, 19.8857099 ], [ 86.0330688, 19.8855969 ], [ 86.0329425, 19.8855302 ], [ 86.0327977, 19.885481 ], [ 86.0325789, 19.8854056 ], [ 86.0323725, 19.88531 ], [ 86.0319473, 19.8849884 ], [ 86.0318487, 19.8849015 ], [ 86.0317963, 19.8848435 ], [ 86.0315807, 19.884548 ], [ 86.0312171, 19.8840757 ], [ 86.0309213, 19.8836991 ], [ 86.0305639, 19.8832181 ], [ 86.0304006, 19.8829776 ], [ 86.0301326, 19.882601 ], [ 86.0299415, 19.8823518 ], [ 86.0297444, 19.8821461 ], [ 86.0295181, 19.8819149 ], [ 86.0292822, 19.8816738 ], [ 86.0288878, 19.8812885 ], [ 86.0285828, 19.8809639 ], [ 86.028438, 19.880793 ], [ 86.0281176, 19.8804888 ], [ 86.0275352, 19.8800368 ], [ 86.0274165, 19.8799452 ], [ 86.0269005, 19.8795471 ], [ 86.0266849, 19.8794022 ], [ 86.0264784, 19.8792979 ], [ 86.0260224, 19.8791125 ], [ 86.0242113, 19.8783359 ], [ 86.0240768, 19.878043 ], [ 86.0239677, 19.8777937 ], [ 86.02393, 19.8777074 ], [ 86.0238468, 19.8775172 ], [ 86.023507, 19.8768049 ], [ 86.0232969, 19.8763827 ], [ 86.0232184, 19.8762249 ], [ 86.0227319, 19.8751873 ], [ 86.0222789, 19.874292 ], [ 86.0220418, 19.8738027 ], [ 86.0217374, 19.8731969 ], [ 86.021472, 19.8726344 ], [ 86.0211747, 19.8720486 ], [ 86.0209128, 19.8715261 ], [ 86.0207924, 19.8712531 ], [ 86.0207216, 19.8710334 ], [ 86.0206615, 19.8707638 ], [ 86.0205553, 19.8701048 ], [ 86.0204668, 19.8694591 ], [ 86.0203323, 19.8685837 ], [ 86.0202403, 19.8680078 ], [ 86.0201306, 19.8672889 ], [ 86.0200209, 19.8665266 ], [ 86.0198722, 19.8654681 ], [ 86.0197767, 19.8648124 ], [ 86.0196917, 19.8642765 ], [ 86.0196139, 19.8638072 ], [ 86.0195502, 19.8633312 ], [ 86.0194582, 19.8626788 ], [ 86.019398, 19.8622261 ], [ 86.019352, 19.8619365 ], [ 86.0192918, 19.8616635 ], [ 86.0191786, 19.8612075 ], [ 86.0189874, 19.8605584 ], [ 86.0187812, 19.8598431 ], [ 86.0187275, 19.8596423 ], [ 86.0186271, 19.8592677 ], [ 86.0186109, 19.8591801 ], [ 86.0186094, 19.8590264 ], [ 86.0181428, 19.8587841 ], [ 86.0144038, 19.8566639 ], [ 86.0136978, 19.8562519 ], [ 86.0128538, 19.8557594 ], [ 86.0106178, 19.8544547 ], [ 86.0102878, 19.8542996 ], [ 86.0101229, 19.8542289 ], [ 86.0099861, 19.8541835 ], [ 86.0098346, 19.8541545 ], [ 86.0096267, 19.8541305 ], [ 86.009215, 19.8540965 ], [ 86.0081918, 19.8540455 ], [ 86.0080914, 19.8540449 ], [ 86.0079151, 19.8540389 ], [ 86.0074379, 19.8540227 ], [ 86.0066124, 19.8539947 ], [ 86.0057713, 19.8539453 ], [ 86.0049301, 19.8538959 ], [ 86.0045291, 19.8538959 ], [ 86.0042046, 19.8538909 ], [ 86.0039337, 19.8538985 ], [ 86.00364, 19.8539312 ], [ 86.0033919, 19.8539666 ], [ 86.003125, 19.8540271 ], [ 86.0029922, 19.8540423 ], [ 86.0027052, 19.8540612 ], [ 86.0025376, 19.8540599 ], [ 86.0023297, 19.8540448 ], [ 86.0012126, 19.8539262 ], [ 86.0005997, 19.853824 ], [ 86.0002953, 19.85379 ], [ 85.998646, 19.8535864 ], [ 85.9910202, 19.8523785 ], [ 85.9901324, 19.8522385 ], [ 85.9887041, 19.8519988 ], [ 85.9871632, 19.8517352 ], [ 85.9836793, 19.8511405 ], [ 85.9735289, 19.8500175 ], [ 85.9708688, 19.8497421 ], [ 85.9698898, 19.8495933 ], [ 85.9662158, 19.8490986 ], [ 85.9658322, 19.8490816 ], [ 85.9653595, 19.8490496 ], [ 85.9644087, 19.8489979 ], [ 85.9640466, 19.8489865 ], [ 85.9637797, 19.8489903 ], [ 85.9636094, 19.8490054 ], [ 85.96338, 19.8490584 ], [ 85.9631507, 19.8491265 ], [ 85.9629013, 19.8492199 ], [ 85.9621395, 19.8495428 ], [ 85.9612694, 19.8499198 ], [ 85.959379, 19.8507227 ], [ 85.9562936, 19.8519849 ], [ 85.9550945, 19.8524465 ], [ 85.9543287, 19.8527569 ], [ 85.9532104, 19.8532299 ], [ 85.9527746, 19.853409 ], [ 85.9521081, 19.8536676 ], [ 85.9496002, 19.8546351 ], [ 85.9474271, 19.8554999 ], [ 85.9466416, 19.8558555 ], [ 85.9453769, 19.856428 ], [ 85.942955, 19.8575842 ], [ 85.9426814, 19.8577116 ], [ 85.9403499, 19.8588142 ], [ 85.9385374, 19.8596629 ], [ 85.9383061, 19.8597583 ], [ 85.9383026, 19.8597482 ], [ 85.9382971, 19.8597389 ], [ 85.9382899, 19.8597308 ], [ 85.9382811, 19.8597241 ], [ 85.9382712, 19.859719 ], [ 85.9382604, 19.8597159 ], [ 85.9382491, 19.8597147 ], [ 85.9382379, 19.8597156 ], [ 85.9381562, 19.8596191 ], [ 85.9380312, 19.8595734 ], [ 85.9377609, 19.8593854 ], [ 85.9375249, 19.8592492 ], [ 85.9364421, 19.8587365 ], [ 85.935366, 19.8581748 ], [ 85.9353113, 19.8581462 ], [ 85.9334583, 19.8571789 ], [ 85.9323006, 19.8565745 ], [ 85.9299863, 19.8553663 ], [ 85.928857, 19.8547767 ], [ 85.9273968, 19.8540205 ], [ 85.9254485, 19.8530114 ], [ 85.9242387, 19.8523487 ], [ 85.9192465, 19.849634 ], [ 85.9179188, 19.8489048 ], [ 85.9167016, 19.8482363 ], [ 85.9161568, 19.8479371 ], [ 85.9136179, 19.8465562 ], [ 85.9132778, 19.8463968 ], [ 85.9125218, 19.8460658 ], [ 85.9115006, 19.8456639 ], [ 85.9108242, 19.8453788 ], [ 85.9085709, 19.8444749 ], [ 85.9077691, 19.8441533 ], [ 85.9068641, 19.843776 ], [ 85.90389, 19.8425607 ], [ 85.9036781, 19.8424736 ], [ 85.9023839, 19.8419973 ], [ 85.902154, 19.8419078 ], [ 85.9019176, 19.8418196 ], [ 85.9004262, 19.8411943 ], [ 85.8996347, 19.8408548 ], [ 85.8993582, 19.8407535 ], [ 85.8990603, 19.8406587 ], [ 85.8985997, 19.8405232 ], [ 85.898052, 19.8403917 ], [ 85.8978735, 19.8403394 ], [ 85.8977688, 19.8403087 ], [ 85.8973107, 19.8401484 ], [ 85.8955854, 19.8393985 ], [ 85.8954615, 19.8393414 ], [ 85.8953469, 19.8392843 ], [ 85.8951607, 19.8391805 ], [ 85.8950529, 19.8391212 ], [ 85.8947166, 19.8389372 ], [ 85.894395, 19.8387711 ], [ 85.8940027, 19.8385849 ], [ 85.8921863, 19.837844 ], [ 85.8917487, 19.8376655 ], [ 85.890844, 19.8373206 ], [ 85.8903186, 19.8370989 ], [ 85.8894849, 19.8367575 ], [ 85.8879845, 19.836193 ], [ 85.8876785, 19.8360199 ], [ 85.8874964, 19.8359432 ], [ 85.8873761, 19.8358963 ], [ 85.8871648, 19.8358083 ], [ 85.8870701, 19.8357326 ], [ 85.8859975, 19.8353013 ], [ 85.8855254, 19.8351115 ], [ 85.8836971, 19.8343603 ], [ 85.8820369, 19.8336926 ], [ 85.880288, 19.8329853 ], [ 85.8794881, 19.8326579 ], [ 85.8789734, 19.8324472 ], [ 85.8770563, 19.8316872 ], [ 85.8759135, 19.8312315 ], [ 85.8741002, 19.8305076 ], [ 85.8728977, 19.8300288 ], [ 85.8709907, 19.8293448 ], [ 85.8707908, 19.8292553 ], [ 85.8702504, 19.8290449 ], [ 85.8698575, 19.8288273 ], [ 85.8687506, 19.8283801 ], [ 85.8684707, 19.8282669 ], [ 85.868174, 19.8281529 ], [ 85.8664699, 19.8275001 ], [ 85.8651657, 19.8269674 ], [ 85.8645729, 19.8267326 ], [ 85.8638474, 19.8264447 ], [ 85.8633926, 19.8262699 ], [ 85.8632009, 19.8262014 ], [ 85.8628775, 19.8260859 ], [ 85.8627449, 19.8260385 ], [ 85.8622972, 19.825907 ], [ 85.8615234, 19.8257163 ], [ 85.8610831, 19.8256078 ], [ 85.8602051, 19.8253756 ], [ 85.8599527, 19.8253088 ], [ 85.8593547, 19.8251318 ], [ 85.8590214, 19.8250425 ], [ 85.8582742, 19.8248404 ], [ 85.8577287, 19.8246907 ], [ 85.8576252, 19.8246666 ], [ 85.857449, 19.8246256 ], [ 85.8572386, 19.8245768 ], [ 85.8570087, 19.8245329 ], [ 85.8567086, 19.8244856 ], [ 85.8564745, 19.8244571 ], [ 85.856261, 19.824438 ], [ 85.8560188, 19.8244255 ], [ 85.8559564, 19.824443 ], [ 85.8559004, 19.824441 ], [ 85.8557772, 19.8244389 ], [ 85.8556428, 19.8244383 ], [ 85.8554008, 19.8244368 ], [ 85.8549881, 19.8244219 ], [ 85.8536348, 19.8243486 ], [ 85.853145, 19.8243221 ], [ 85.8529992, 19.8243155 ], [ 85.8526893, 19.8243014 ], [ 85.8523191, 19.8242846 ], [ 85.8518136, 19.8242744 ], [ 85.8516566, 19.8242732 ], [ 85.8513777, 19.8242732 ], [ 85.8511799, 19.8242561 ], [ 85.8509489, 19.824235 ], [ 85.8506665, 19.824219 ], [ 85.8505013, 19.8242169 ], [ 85.8503719, 19.8242153 ], [ 85.8501235, 19.8242278 ], [ 85.8499196, 19.8242369 ], [ 85.849814, 19.8242391 ], [ 85.8497013, 19.8242158 ], [ 85.8495925, 19.8241756 ], [ 85.8493661, 19.8240315 ], [ 85.8491589, 19.8239295 ], [ 85.8490036, 19.8238592 ], [ 85.8488565, 19.8238062 ], [ 85.8486905, 19.8237509 ], [ 85.8483559, 19.8236283 ], [ 85.8480816, 19.8235086 ], [ 85.8478277, 19.8233586 ], [ 85.8477125, 19.8232859 ], [ 85.8475838, 19.823207 ], [ 85.8474839, 19.8231339 ], [ 85.8473144, 19.8229968 ], [ 85.8472372, 19.822928 ], [ 85.8471612, 19.8228681 ], [ 85.8469764, 19.8227006 ], [ 85.846824, 19.8225699 ], [ 85.8467552, 19.8225083 ], [ 85.8467092, 19.822467 ], [ 85.8465601, 19.8223313 ], [ 85.8464039, 19.8221546 ], [ 85.8462877, 19.8219999 ], [ 85.8461206, 19.8217329 ], [ 85.84602, 19.821589 ], [ 85.8459362, 19.8214706 ], [ 85.8458516, 19.8213636 ], [ 85.845755, 19.8212564 ], [ 85.8456582, 19.8211566 ], [ 85.8455171, 19.8210427 ], [ 85.8453812, 19.820951 ], [ 85.8451989, 19.8208551 ], [ 85.8450594, 19.8207736 ], [ 85.8449413, 19.8206959 ], [ 85.8448333, 19.8206324 ], [ 85.844651, 19.8205042 ], [ 85.8440237, 19.8201118 ], [ 85.8439488, 19.820065 ], [ 85.8435732, 19.8198549 ], [ 85.8431273, 19.8196054 ], [ 85.8429427, 19.81953 ], [ 85.8426432, 19.8194055 ], [ 85.8425892, 19.819383 ], [ 85.8423219, 19.819281 ], [ 85.841856, 19.8190855 ], [ 85.8416467, 19.818986 ], [ 85.8413039, 19.818823 ], [ 85.8412253, 19.8187811 ], [ 85.8411028, 19.8187061 ], [ 85.8405595, 19.8183497 ], [ 85.8402248, 19.8180605 ], [ 85.8396227, 19.8174423 ], [ 85.8395728, 19.8174023 ], [ 85.8395004, 19.8173443 ], [ 85.8393842, 19.8172735 ], [ 85.8390556, 19.8171398 ], [ 85.8389296, 19.8170805 ], [ 85.8386399, 19.8168408 ], [ 85.837968, 19.8162314 ], [ 85.8377748, 19.8160772 ], [ 85.8376958, 19.8159822 ], [ 85.8375653, 19.8159012 ], [ 85.8371767, 19.8156599 ], [ 85.836619, 19.8153717 ], [ 85.8360152, 19.8150744 ], [ 85.8357017, 19.8149361 ], [ 85.834983, 19.8146152 ], [ 85.8345438, 19.8144531 ], [ 85.8341111, 19.81429 ], [ 85.833689, 19.8141399 ], [ 85.8335474, 19.8140865 ], [ 85.8319988, 19.8135017 ], [ 85.8313979, 19.8133058 ], [ 85.8312364, 19.8132549 ], [ 85.831179, 19.8132319 ], [ 85.8311047, 19.8132066 ], [ 85.8308376, 19.8131152 ], [ 85.8303593, 19.8129527 ], [ 85.8296663, 19.8127507 ], [ 85.8293026, 19.8126247 ], [ 85.8290557, 19.8125358 ], [ 85.8290173, 19.8126255 ], [ 85.828887, 19.8129303 ], [ 85.8288053, 19.8130424 ], [ 85.8286745, 19.8131764 ], [ 85.8285508, 19.8132796 ], [ 85.828385, 19.8133895 ], [ 85.8281351, 19.8135608 ], [ 85.8281094, 19.8135828 ], [ 85.8281001, 19.8136048 ], [ 85.8281001, 19.8136311 ], [ 85.8281491, 19.8137673 ], [ 85.8281538, 19.8137915 ], [ 85.8281491, 19.8138112 ], [ 85.8281234, 19.8138332 ], [ 85.8277078, 19.8140902 ], [ 85.8276331, 19.8141474 ], [ 85.8275724, 19.8142023 ], [ 85.8275093, 19.8142704 ], [ 85.827444, 19.8143363 ], [ 85.8273949, 19.8143736 ], [ 85.8272175, 19.81449 ], [ 85.8273169, 19.8146265 ], [ 85.8270369, 19.814756 ], [ 85.826767, 19.8148775 ], [ 85.8265143, 19.8149706 ], [ 85.8262701, 19.8150419 ], [ 85.8261384, 19.8150742 ], [ 85.8258962, 19.8151337 ], [ 85.8256826, 19.8151615 ], [ 85.8255158, 19.8151804 ], [ 85.8253214, 19.8151879 ], [ 85.825092, 19.8151968 ], [ 85.8248689, 19.8152034 ], [ 85.8245903, 19.8151924 ], [ 85.8242175, 19.8151251 ], [ 85.8236091, 19.8149716 ], [ 85.8235061, 19.8149388 ], [ 85.8233143, 19.8148775 ], [ 85.8231327, 19.8148196 ], [ 85.8227903, 19.8147375 ], [ 85.822692, 19.8147139 ], [ 85.8219419, 19.8145184 ], [ 85.8217834, 19.8144771 ], [ 85.8213052, 19.8143893 ], [ 85.8209813, 19.8143299 ], [ 85.8203248, 19.8142094 ], [ 85.820058, 19.8141605 ], [ 85.8195798, 19.814085 ], [ 85.8191811, 19.814022 ], [ 85.8188179, 19.8139647 ], [ 85.818101, 19.8138516 ], [ 85.8176847, 19.8138146 ], [ 85.8174385, 19.8137927 ], [ 85.8173172, 19.8137909 ], [ 85.8164091, 19.8137772 ], [ 85.8161107, 19.8137824 ], [ 85.8159672, 19.8137773 ], [ 85.8158842, 19.8137669 ], [ 85.8158156, 19.8137584 ], [ 85.8156507, 19.8136953 ], [ 85.8154629, 19.8135856 ], [ 85.8150999, 19.8133326 ], [ 85.8150407, 19.8132904 ], [ 85.8149264, 19.8132089 ], [ 85.8145336, 19.8128705 ], [ 85.8142975, 19.812715 ], [ 85.8138762, 19.812475 ], [ 85.8133748, 19.8121661 ], [ 85.8127501, 19.8118819 ], [ 85.8125622, 19.811824 ], [ 85.8119996, 19.8116507 ], [ 85.8110302, 19.8115323 ], [ 85.8109242, 19.8115324 ], [ 85.8100458, 19.811633 ], [ 85.8098329, 19.8116895 ], [ 85.8092802, 19.8119161 ], [ 85.8090483, 19.8120532 ], [ 85.8089111, 19.8121469 ], [ 85.8085988, 19.8123694 ], [ 85.8084388, 19.8124953 ], [ 85.8082072, 19.8126973 ], [ 85.8081644, 19.8127087 ], [ 85.8078281, 19.8130156 ], [ 85.8076862, 19.8131451 ], [ 85.8075446, 19.8132696 ], [ 85.8074634, 19.8133408 ], [ 85.8073426, 19.8134569 ], [ 85.8073213, 19.8134774 ], [ 85.8072953, 19.8135657 ], [ 85.8072816, 19.8135798 ], [ 85.8070996, 19.8137458 ], [ 85.8068424, 19.8139892 ], [ 85.806577, 19.8142529 ], [ 85.8064793, 19.8143538 ], [ 85.8063873, 19.8144438 ], [ 85.8060014, 19.8148119 ], [ 85.8056561, 19.8151516 ], [ 85.8051924, 19.815594 ], [ 85.8051045, 19.8156779 ], [ 85.8045002, 19.8161974 ], [ 85.8042753, 19.8164025 ], [ 85.8031307, 19.8171471 ], [ 85.8022757, 19.8176759 ], [ 85.8021741, 19.817735 ], [ 85.8015793, 19.8180812 ], [ 85.8014099, 19.8181532 ], [ 85.8012167, 19.8182171 ], [ 85.8011654, 19.8182291 ], [ 85.8009681, 19.8182753 ], [ 85.8005755, 19.8183572 ], [ 85.8004296, 19.8183748 ], [ 85.8003451, 19.818385 ], [ 85.7986142, 19.8183863 ], [ 85.7983867, 19.8183865 ], [ 85.7974688, 19.8184306 ], [ 85.7972871, 19.8184135 ], [ 85.7970872, 19.8183807 ], [ 85.796651, 19.8182832 ], [ 85.7964348, 19.8182274 ], [ 85.7962167, 19.8181839 ], [ 85.7960984, 19.8181496 ], [ 85.7958174, 19.818094 ], [ 85.7955363, 19.8180244 ], [ 85.7949027, 19.8178661 ], [ 85.7937115, 19.81757 ], [ 85.7924855, 19.8172949 ], [ 85.7921425, 19.8172183 ], [ 85.7912567, 19.8170244 ], [ 85.7902974, 19.8167986 ], [ 85.7892406, 19.8165892 ], [ 85.7868101, 19.8160479 ], [ 85.7853771, 19.8156357 ], [ 85.7849808, 19.8155217 ], [ 85.7845261, 19.8153893 ], [ 85.783438, 19.8151044 ], [ 85.7831099, 19.8150179 ], [ 85.7822286, 19.8147833 ], [ 85.7817834, 19.8146404 ], [ 85.7816088, 19.8145843 ], [ 85.7809528, 19.8143146 ], [ 85.780422, 19.8140963 ], [ 85.7789003, 19.8134038 ], [ 85.7777154, 19.8128545 ], [ 85.7752067, 19.8116719 ], [ 85.7747711, 19.8114798 ], [ 85.7741012, 19.8111946 ], [ 85.7738337, 19.8110533 ], [ 85.7734884, 19.8108748 ], [ 85.7731948, 19.8106712 ], [ 85.7731105, 19.8106445 ], [ 85.7730666, 19.8106306 ], [ 85.7729317, 19.810619 ], [ 85.7728306, 19.8106306 ], [ 85.7727127, 19.8106762 ], [ 85.772432, 19.810874 ], [ 85.7721986, 19.8110296 ], [ 85.7720222, 19.8111066 ], [ 85.7718947, 19.8111329 ], [ 85.7715516, 19.8111419 ], [ 85.7713705, 19.8111715 ], [ 85.7711604, 19.8112274 ], [ 85.7707408, 19.8113993 ], [ 85.7704747, 19.811488 ], [ 85.7702659, 19.8115436 ], [ 85.7701148, 19.8115655 ], [ 85.7700444, 19.8115757 ], [ 85.7698411, 19.8115685 ], [ 85.7695825, 19.8115381 ], [ 85.7695093, 19.8115413 ], [ 85.7694412, 19.8115442 ], [ 85.7693074, 19.8115824 ], [ 85.7691779, 19.811656 ], [ 85.7689033, 19.8119552 ], [ 85.7685436, 19.8122712 ], [ 85.7684279, 19.812354 ], [ 85.7683144, 19.81242 ], [ 85.7681808, 19.8124755 ], [ 85.7675797, 19.8126873 ], [ 85.7672824, 19.8128074 ], [ 85.7671846, 19.8128339 ], [ 85.7671005, 19.8128385 ], [ 85.7670085, 19.8128209 ], [ 85.7667125, 19.8126832 ], [ 85.7666509, 19.8126583 ], [ 85.7665752, 19.8126506 ], [ 85.7664635, 19.8126616 ], [ 85.7659526, 19.8127777 ], [ 85.7657575, 19.8128238 ], [ 85.7655821, 19.8128531 ], [ 85.7651814, 19.8129026 ], [ 85.7644274, 19.8129695 ], [ 85.7639092, 19.8130093 ], [ 85.7638116, 19.813009 ], [ 85.7637235, 19.8130088 ], [ 85.7635816, 19.8129989 ], [ 85.762965, 19.8128996 ], [ 85.7622551, 19.8128092 ], [ 85.7618246, 19.8127681 ], [ 85.7615116, 19.8127382 ], [ 85.7610657, 19.8127011 ], [ 85.7605218, 19.8126749 ], [ 85.760031, 19.8126822 ], [ 85.7595193, 19.8127468 ], [ 85.7586984, 19.8128826 ], [ 85.7584238, 19.8129192 ], [ 85.7583252, 19.8129244 ], [ 85.75821, 19.812906 ], [ 85.7563725, 19.8124374 ], [ 85.7552125, 19.8121081 ], [ 85.754621, 19.8118961 ], [ 85.7541374, 19.8117429 ], [ 85.7529902, 19.811616 ], [ 85.7515543, 19.8114548 ], [ 85.7509896, 19.8114172 ], [ 85.7507411, 19.8114006 ], [ 85.7500859, 19.8113569 ], [ 85.7496354, 19.8113214 ], [ 85.7486923, 19.8112731 ], [ 85.7478391, 19.8111908 ], [ 85.7473516, 19.811146 ], [ 85.7472416, 19.8111393 ], [ 85.7468712, 19.811107 ], [ 85.7459929, 19.8110305 ], [ 85.744507, 19.8108986 ], [ 85.7443975, 19.81089 ], [ 85.7442415, 19.8108654 ], [ 85.744075, 19.8108323 ], [ 85.7438265, 19.8108098 ], [ 85.7435918, 19.810811 ], [ 85.7433182, 19.8108401 ], [ 85.7429983, 19.8108891 ], [ 85.7423046, 19.8109762 ], [ 85.7416606, 19.8111067 ], [ 85.741522, 19.8111661 ], [ 85.7411963, 19.8113173 ], [ 85.7410817, 19.8113596 ], [ 85.7409171, 19.8114004 ], [ 85.7408341, 19.8114063 ], [ 85.7407178, 19.8113422 ], [ 85.740581, 19.8112476 ], [ 85.7403219, 19.8110441 ], [ 85.7396453, 19.8105737 ], [ 85.7390556, 19.8103017 ], [ 85.7388854, 19.8102608 ], [ 85.7384757, 19.8101096 ], [ 85.7379806, 19.809861 ], [ 85.737519, 19.8097681 ], [ 85.7374095, 19.8097474 ], [ 85.7373187, 19.8097423 ], [ 85.7370399, 19.8096949 ], [ 85.736327, 19.8094424 ], [ 85.7350089, 19.8090399 ], [ 85.7341301, 19.8088658 ], [ 85.7336677, 19.8088332 ], [ 85.7329161, 19.8088006 ], [ 85.7326432, 19.8087964 ], [ 85.7321598, 19.8087695 ], [ 85.7308357, 19.8087158 ], [ 85.7305769, 19.808712 ], [ 85.7295343, 19.8086951 ], [ 85.7283998, 19.8086421 ], [ 85.7279465, 19.8085942 ], [ 85.7277647, 19.8085544 ], [ 85.7275844, 19.8084983 ], [ 85.7272786, 19.808367 ], [ 85.7269675, 19.808198 ], [ 85.7266483, 19.8080667 ], [ 85.7259907, 19.8078776 ], [ 85.7253233, 19.8077589 ], [ 85.7247766, 19.8077134 ], [ 85.7246411, 19.8077049 ], [ 85.7245016, 19.8076722 ], [ 85.7242153, 19.8075566 ], [ 85.7235197, 19.8073233 ], [ 85.7228508, 19.8071448 ], [ 85.7226809, 19.8070735 ], [ 85.7225072, 19.8070286 ], [ 85.7223953, 19.8069996 ], [ 85.7218046, 19.8067374 ], [ 85.7214058, 19.8065461 ], [ 85.7210315, 19.8063895 ], [ 85.7205942, 19.8062402 ], [ 85.7202554, 19.8061808 ], [ 85.7199183, 19.806144 ], [ 85.7195289, 19.8061391 ], [ 85.7191943, 19.8061566 ], [ 85.7188689, 19.8061973 ], [ 85.7185211, 19.8062616 ], [ 85.7177722, 19.8064454 ], [ 85.717557, 19.8064882 ], [ 85.7173551, 19.8065066 ], [ 85.7171779, 19.8065047 ], [ 85.7170496, 19.8064909 ], [ 85.7169049, 19.8064614 ], [ 85.7167602, 19.8064319 ], [ 85.716724, 19.8064245 ], [ 85.7162481, 19.8063883 ], [ 85.715776, 19.8063333 ], [ 85.7145325, 19.8061198 ], [ 85.713989, 19.8060363 ], [ 85.7134132, 19.8059681 ], [ 85.7130343, 19.8059361 ], [ 85.7127089, 19.8058891 ], [ 85.7119994, 19.8057711 ], [ 85.7117924, 19.8057215 ], [ 85.7115264, 19.8055858 ], [ 85.7112937, 19.805452 ], [ 85.711004, 19.8053241 ], [ 85.7107282, 19.805213 ], [ 85.7103916, 19.8050566 ], [ 85.7098071, 19.8048702 ], [ 85.7093882, 19.8046919 ], [ 85.708373, 19.8043095 ], [ 85.7079926, 19.8042166 ], [ 85.7072462, 19.8041767 ], [ 85.7059972, 19.8039537 ], [ 85.7058733, 19.8039173 ], [ 85.7057555, 19.8038674 ], [ 85.7056903, 19.8038284 ], [ 85.7051915, 19.8034188 ], [ 85.7046923, 19.8029696 ], [ 85.7042048, 19.8025211 ], [ 85.7041477, 19.8024841 ], [ 85.7040532, 19.8024306 ], [ 85.7039453, 19.8023925 ], [ 85.7037634, 19.8023366 ], [ 85.7036219, 19.8022998 ], [ 85.7032345, 19.802193 ], [ 85.7019937, 19.8018102 ], [ 85.7017915, 19.8017408 ], [ 85.7015364, 19.8016701 ], [ 85.7012697, 19.8016511 ], [ 85.6998885, 19.8015578 ], [ 85.6990494, 19.8015182 ], [ 85.6987891, 19.8015072 ], [ 85.698318, 19.8015068 ], [ 85.6978826, 19.8015117 ], [ 85.6974445, 19.8015088 ], [ 85.6970624, 19.8015061 ], [ 85.6967406, 19.8014765 ], [ 85.696349, 19.8013949 ], [ 85.6956868, 19.8011602 ], [ 85.6949397, 19.8009 ], [ 85.694834, 19.8008483 ], [ 85.6942752, 19.8006022 ], [ 85.6934092, 19.8001714 ], [ 85.6929356, 19.7998323 ], [ 85.6926486, 19.7996658 ], [ 85.6922704, 19.799479 ], [ 85.6917901, 19.7992467 ], [ 85.6912824, 19.7989824 ], [ 85.691011, 19.7988411 ], [ 85.690715, 19.798648 ], [ 85.6906265, 19.7985903 ], [ 85.6902421, 19.7983313 ], [ 85.6900429, 19.7981779 ], [ 85.689902, 19.7981074 ], [ 85.6896811, 19.7980526 ], [ 85.6888814, 19.7979281 ], [ 85.6871808, 19.7976803 ], [ 85.6864005, 19.7975529 ], [ 85.6863341, 19.7975404 ], [ 85.6861162, 19.7974995 ], [ 85.6860547, 19.797488 ], [ 85.6858244, 19.7974545 ], [ 85.6854149, 19.7973948 ], [ 85.6846326, 19.7972946 ], [ 85.6841996, 19.7972405 ], [ 85.6835421, 19.7971611 ], [ 85.6829223, 19.7970816 ], [ 85.6828569, 19.7970732 ], [ 85.6825462, 19.7970334 ], [ 85.6820175, 19.7970634 ], [ 85.6818481, 19.7970782 ], [ 85.681353, 19.7971215 ], [ 85.6795516, 19.7973675 ], [ 85.6794499, 19.7973889 ], [ 85.6784491, 19.7976414 ], [ 85.6783756, 19.7976601 ], [ 85.6774807, 19.7978639 ], [ 85.6768262, 19.7979446 ], [ 85.6762683, 19.7979673 ], [ 85.6756273, 19.7979446 ], [ 85.6751418, 19.7979976 ], [ 85.6748334, 19.7980607 ], [ 85.6745587, 19.7981651 ], [ 85.6742379, 19.7983181 ], [ 85.6741454, 19.7983599 ], [ 85.6740528, 19.7983863 ], [ 85.6738183, 19.7984083 ], [ 85.6736444, 19.7984145 ], [ 85.673163, 19.7984315 ], [ 85.6728988, 19.7984158 ], [ 85.6724479, 19.7983375 ], [ 85.6722273, 19.7982832 ], [ 85.6719289, 19.7982204 ], [ 85.6715311, 19.7981398 ], [ 85.6709477, 19.7981392 ], [ 85.670222, 19.798153 ], [ 85.6697867, 19.7981886 ], [ 85.6693801, 19.7982718 ], [ 85.6689371, 19.7983584 ], [ 85.6687153, 19.7984178 ], [ 85.6686764, 19.7984366 ], [ 85.6683925, 19.7985739 ], [ 85.6683747, 19.7985817 ], [ 85.6677923, 19.7988617 ], [ 85.6670895, 19.7991597 ], [ 85.6668073, 19.7992661 ], [ 85.6665363, 19.7993435 ], [ 85.6660848, 19.7994518 ], [ 85.6659312, 19.7994544 ], [ 85.6658598, 19.7994556 ], [ 85.6655672, 19.7994174 ], [ 85.6650019, 19.7991766 ], [ 85.6648563, 19.7991105 ], [ 85.6645164, 19.7989331 ], [ 85.6641264, 19.7987865 ], [ 85.6639125, 19.7987342 ], [ 85.6636864, 19.7987167 ], [ 85.6633332, 19.7987698 ], [ 85.6628815, 19.7988849 ], [ 85.6625768, 19.7989758 ], [ 85.6624714, 19.7990019 ], [ 85.6621421, 19.7990821 ], [ 85.6615957, 19.7991839 ], [ 85.6610306, 19.7992338 ], [ 85.6600394, 19.7991758 ], [ 85.6598783, 19.7991594 ], [ 85.6594611, 19.7991329 ], [ 85.6592667, 19.7990932 ], [ 85.6587797, 19.7989938 ], [ 85.6583428, 19.7989046 ], [ 85.6579567, 19.7988321 ], [ 85.6576112, 19.7988145 ], [ 85.6573404, 19.7988107 ], [ 85.6568391, 19.7988036 ], [ 85.6563601, 19.7987922 ], [ 85.6558594, 19.7988065 ], [ 85.6556358, 19.7987946 ], [ 85.6553762, 19.7987807 ], [ 85.6552688, 19.7987633 ], [ 85.6549981, 19.7987194 ], [ 85.6545017, 19.7985533 ], [ 85.6541869, 19.798465 ], [ 85.6540846, 19.7984363 ], [ 85.6537757, 19.7983306 ], [ 85.6528128, 19.7980011 ], [ 85.6521913, 19.7978818 ], [ 85.6511189, 19.7978684 ], [ 85.6509986, 19.797865 ], [ 85.6509288, 19.7978631 ], [ 85.6508224, 19.7978508 ], [ 85.6503449, 19.7977954 ], [ 85.649948, 19.7977326 ], [ 85.6495509, 19.7976127 ], [ 85.6492142, 19.7974784 ], [ 85.648765, 19.7972777 ], [ 85.6486963, 19.797258 ], [ 85.6486602, 19.7972476 ], [ 85.6485226, 19.7972372 ], [ 85.6484253, 19.7972393 ], [ 85.648338, 19.7972633 ], [ 85.6480618, 19.7974076 ], [ 85.6477453, 19.7976029 ], [ 85.6475229, 19.7977323 ], [ 85.6464797, 19.7983114 ], [ 85.6461367, 19.7984434 ], [ 85.6460179, 19.7984621 ], [ 85.6459301, 19.7984547 ], [ 85.6455742, 19.7984014 ], [ 85.6451515, 19.7982751 ], [ 85.6446349, 19.7980948 ], [ 85.6440845, 19.7979002 ], [ 85.643711, 19.7977988 ], [ 85.6432295, 19.7977018 ], [ 85.6430673, 19.7976672 ], [ 85.6428309, 19.7976168 ], [ 85.6420646, 19.7974374 ], [ 85.6410646, 19.7971864 ], [ 85.639945, 19.7968938 ], [ 85.6397819, 19.7968512 ], [ 85.6392839, 19.7967182 ], [ 85.6391544, 19.7966667 ], [ 85.6386408, 19.7964624 ], [ 85.6377046, 19.7959846 ], [ 85.6369201, 19.7955652 ], [ 85.6363599, 19.7952658 ], [ 85.6362117, 19.7951988 ], [ 85.6353417, 19.7948053 ], [ 85.635128, 19.7946944 ], [ 85.6343791, 19.7942523 ], [ 85.6331713, 19.7934462 ], [ 85.6329842, 19.7933506 ], [ 85.6327809, 19.7932703 ], [ 85.6325594, 19.7932008 ], [ 85.6323755, 19.7931477 ], [ 85.6319296, 19.7930239 ], [ 85.6314378, 19.7928695 ], [ 85.6311559, 19.7927866 ], [ 85.6308386, 19.792712 ], [ 85.6307219, 19.7926933 ], [ 85.6304179, 19.7926445 ], [ 85.6301088, 19.7925866 ], [ 85.6299121, 19.7925514 ], [ 85.6296083, 19.7924722 ], [ 85.6289742, 19.7922054 ], [ 85.6280678, 19.791751 ], [ 85.6272114, 19.7913962 ], [ 85.6262715, 19.7910052 ], [ 85.6259468, 19.7908702 ], [ 85.6247667, 19.7904021 ], [ 85.6245276, 19.7903072 ], [ 85.6244484, 19.7902815 ], [ 85.6243383, 19.7902588 ], [ 85.6240647, 19.790223 ], [ 85.623106, 19.7900587 ], [ 85.6230093, 19.7900455 ], [ 85.622526, 19.7899795 ], [ 85.6223539, 19.789956 ], [ 85.6221019, 19.7899226 ], [ 85.6214634, 19.7898381 ], [ 85.6205831, 19.7897257 ], [ 85.6205187, 19.7897171 ], [ 85.6195073, 19.7895828 ], [ 85.6191331, 19.7895327 ], [ 85.6190233, 19.7895022 ], [ 85.6189381, 19.7894724 ], [ 85.6188207, 19.789407 ], [ 85.6183861, 19.7891147 ], [ 85.6182361, 19.7890131 ], [ 85.6180359, 19.7888925 ], [ 85.617672, 19.7887233 ], [ 85.6163005, 19.788237 ], [ 85.6160333, 19.7881472 ], [ 85.6156379, 19.7880094 ], [ 85.615149, 19.7878178 ], [ 85.615042, 19.7877768 ], [ 85.6149674, 19.7877482 ], [ 85.6146024, 19.7876083 ], [ 85.6143094, 19.7874938 ], [ 85.6139921, 19.7873752 ], [ 85.6131084, 19.7871188 ], [ 85.6126433, 19.786967 ], [ 85.6118152, 19.7866731 ], [ 85.6110557, 19.7863584 ], [ 85.6105282, 19.7861513 ], [ 85.6103321, 19.7860772 ], [ 85.610156, 19.7860015 ], [ 85.6097264, 19.7857317 ], [ 85.6091194, 19.785273 ], [ 85.6086014, 19.7848093 ], [ 85.6082986, 19.7845382 ], [ 85.607706, 19.7839942 ], [ 85.6074661, 19.7837646 ], [ 85.6068264, 19.7832018 ], [ 85.606767, 19.7831517 ], [ 85.6063254, 19.7827795 ], [ 85.6058345, 19.7822691 ], [ 85.6055224, 19.781888 ], [ 85.6051238, 19.7814011 ], [ 85.6049699, 19.781188 ], [ 85.6044973, 19.7805336 ], [ 85.6041469, 19.7800079 ], [ 85.6039823, 19.7797729 ], [ 85.6036514, 19.7793003 ], [ 85.6035491, 19.7791763 ], [ 85.6034689, 19.779079 ], [ 85.6029278, 19.7782524 ], [ 85.6022649, 19.7771851 ], [ 85.6017227, 19.7762022 ], [ 85.601615, 19.7758286 ], [ 85.6015637, 19.7755841 ], [ 85.6015534, 19.7755025 ], [ 85.601529, 19.7753102 ], [ 85.6015079, 19.7748863 ], [ 85.6014951, 19.7746494 ], [ 85.6014709, 19.7744197 ], [ 85.6013757, 19.774084 ], [ 85.6011651, 19.7735086 ], [ 85.6009063, 19.7728447 ], [ 85.6007749, 19.7725418 ], [ 85.6006032, 19.7721355 ], [ 85.6003243, 19.7716597 ], [ 85.6000788, 19.7712949 ], [ 85.5997798, 19.7707131 ], [ 85.5995424, 19.7701124 ], [ 85.5993801, 19.7696846 ], [ 85.5993233, 19.7694958 ], [ 85.5993292, 19.7694195 ], [ 85.5993524, 19.7693059 ], [ 85.5993666, 19.769187 ], [ 85.599364, 19.7690031 ], [ 85.5993386, 19.7688604 ], [ 85.5992629, 19.7686912 ], [ 85.5991549, 19.7685238 ], [ 85.5991049, 19.7684463 ], [ 85.5986834, 19.7678695 ], [ 85.598212, 19.7672569 ], [ 85.5979976, 19.766976 ], [ 85.5977735, 19.7666783 ], [ 85.5976396, 19.7664495 ], [ 85.5971746, 19.7656557 ], [ 85.5968867, 19.7650331 ], [ 85.5966958, 19.7643878 ], [ 85.5964987, 19.7639328 ], [ 85.5962675, 19.7635463 ], [ 85.5957419, 19.7627915 ], [ 85.5952903, 19.7622308 ], [ 85.5945498, 19.7612981 ], [ 85.5937209, 19.7602601 ], [ 85.593079, 19.7594419 ], [ 85.5928527, 19.7591533 ], [ 85.5919638, 19.7580833 ], [ 85.5914059, 19.7575683 ], [ 85.5902204, 19.7565157 ], [ 85.5896223, 19.7560462 ], [ 85.5895212, 19.7559792 ], [ 85.5883347, 19.7551303 ], [ 85.5875698, 19.7545345 ], [ 85.5866362, 19.7538484 ], [ 85.5859996, 19.7532604 ], [ 85.5854601, 19.7527468 ], [ 85.584956, 19.752267 ], [ 85.5844899, 19.7518545 ], [ 85.5841975, 19.7516247 ], [ 85.5830777, 19.7506389 ], [ 85.5822475, 19.7500104 ], [ 85.582037, 19.7498513 ], [ 85.5816494, 19.7495951 ], [ 85.5812658, 19.7493815 ], [ 85.5808241, 19.7491754 ], [ 85.5802962, 19.748834 ], [ 85.5798145, 19.7484593 ], [ 85.5787294, 19.7476424 ], [ 85.5773462, 19.7467349 ], [ 85.5761146, 19.7459768 ], [ 85.5753133, 19.7454929 ], [ 85.574618, 19.7450397 ], [ 85.5743203, 19.7448478 ], [ 85.5741593, 19.7447569 ], [ 85.5739662, 19.7446661 ], [ 85.5734029, 19.7444086 ], [ 85.5729255, 19.7442495 ], [ 85.5725956, 19.7441612 ], [ 85.5724481, 19.7440854 ], [ 85.5722496, 19.7439201 ], [ 85.5720377, 19.7436865 ], [ 85.5717802, 19.7433836 ], [ 85.5715764, 19.7431791 ], [ 85.5713591, 19.7429999 ], [ 85.5710319, 19.7427802 ], [ 85.5705652, 19.7425202 ], [ 85.5701333, 19.7423182 ], [ 85.5698141, 19.7421365 ], [ 85.5694405, 19.7419185 ], [ 85.5693441, 19.7418502 ], [ 85.5690632, 19.7416354 ], [ 85.5686696, 19.7413448 ], [ 85.5680288, 19.7408872 ], [ 85.5678342, 19.7407584 ], [ 85.5674442, 19.7405003 ], [ 85.5671252, 19.7403238 ], [ 85.5668271, 19.7401774 ], [ 85.5663662, 19.7399666 ], [ 85.5656447, 19.7396359 ], [ 85.5652826, 19.7394743 ], [ 85.5649862, 19.7393607 ], [ 85.564448, 19.7392107 ], [ 85.5642287, 19.7391502 ], [ 85.5640906, 19.7390983 ], [ 85.5637946, 19.7389446 ], [ 85.562422, 19.7381855 ], [ 85.5620304, 19.7379362 ], [ 85.5615677, 19.7376377 ], [ 85.5613156, 19.7374742 ], [ 85.5606072, 19.7369382 ], [ 85.5602741, 19.7367055 ], [ 85.5599193, 19.7364576 ], [ 85.5587014, 19.7356648 ], [ 85.5579171, 19.7350802 ], [ 85.5574055, 19.7347508 ], [ 85.5569249, 19.7344522 ], [ 85.5566312, 19.7343106 ], [ 85.5562852, 19.7341438 ], [ 85.5555934, 19.7338542 ], [ 85.5551462, 19.7336528 ], [ 85.5548548, 19.7335072 ], [ 85.5546281, 19.733379 ], [ 85.5539613, 19.7329476 ], [ 85.5538447, 19.7328949 ], [ 85.5536911, 19.7328508 ], [ 85.5535133, 19.7328149 ], [ 85.5534483, 19.7327965 ], [ 85.5533135, 19.7327584 ], [ 85.5528465, 19.7325706 ], [ 85.5521692, 19.7322915 ], [ 85.5517263, 19.7321267 ], [ 85.5515073, 19.7320525 ], [ 85.5513078, 19.7320046 ], [ 85.5510343, 19.7319625 ], [ 85.5509298, 19.731941 ], [ 85.5507831, 19.7318958 ], [ 85.5505395, 19.7318144 ], [ 85.5494571, 19.7313077 ], [ 85.5489688, 19.7311007 ], [ 85.5480698, 19.7308539 ], [ 85.546646, 19.7303193 ], [ 85.5453455, 19.7298804 ], [ 85.5446323, 19.7295876 ], [ 85.5445452, 19.7295518 ], [ 85.5443412, 19.7294624 ], [ 85.543548, 19.7291457 ], [ 85.5429923, 19.7289517 ], [ 85.5425383, 19.7288007 ], [ 85.5421841, 19.7286879 ], [ 85.5417826, 19.7285271 ], [ 85.5412363, 19.7282906 ], [ 85.5409793, 19.7281727 ], [ 85.5407813, 19.7280801 ], [ 85.5402726, 19.7277964 ], [ 85.5394334, 19.7272446 ], [ 85.5393718, 19.7272041 ], [ 85.5391401, 19.7270725 ], [ 85.5382231, 19.7265542 ], [ 85.5378516, 19.7263672 ], [ 85.5375099, 19.7261862 ], [ 85.5366496, 19.7258117 ], [ 85.5361959, 19.7255663 ], [ 85.5353451, 19.7250686 ], [ 85.5341929, 19.724417 ], [ 85.533679, 19.7241821 ], [ 85.5328685, 19.7238034 ], [ 85.5320851, 19.7234811 ], [ 85.5315505, 19.7232734 ], [ 85.5310322, 19.7230407 ], [ 85.530045, 19.722656 ], [ 85.5296777, 19.7224779 ], [ 85.5293192, 19.722289 ], [ 85.5287361, 19.7219302 ], [ 85.5286806, 19.721896 ], [ 85.5285684, 19.7218256 ], [ 85.5284218, 19.7217447 ], [ 85.5276015, 19.721204 ], [ 85.5268117, 19.7206785 ], [ 85.5261055, 19.7202611 ], [ 85.5253719, 19.7197956 ], [ 85.524428, 19.7193121 ], [ 85.5243665, 19.7192832 ], [ 85.5238526, 19.7190415 ], [ 85.523657, 19.7189624 ], [ 85.5234818, 19.7189181 ], [ 85.5233344, 19.7188952 ], [ 85.522755, 19.7188505 ], [ 85.5225831, 19.7188337 ], [ 85.5224391, 19.7188067 ], [ 85.5221995, 19.7187516 ], [ 85.522035, 19.7186964 ], [ 85.5213891, 19.7184339 ], [ 85.5209594, 19.7182592 ], [ 85.5203982, 19.7180558 ], [ 85.519652, 19.7177871 ], [ 85.5189958, 19.7175766 ], [ 85.5188493, 19.71751 ], [ 85.5186725, 19.7174078 ], [ 85.5183615, 19.7171844 ], [ 85.5177806, 19.7168415 ], [ 85.5168037, 19.7163321 ], [ 85.5158613, 19.7158078 ], [ 85.5154247, 19.7155347 ], [ 85.5147965, 19.7151893 ], [ 85.5141625, 19.7148551 ], [ 85.513964, 19.7147259 ], [ 85.5137816, 19.7145689 ], [ 85.513378, 19.7141623 ], [ 85.513221, 19.7139749 ], [ 85.5126894, 19.7133401 ], [ 85.5124679, 19.7131153 ], [ 85.5118551, 19.7125687 ], [ 85.5110175, 19.7117422 ], [ 85.5103865, 19.7110005 ], [ 85.5102051, 19.7107909 ], [ 85.5100131, 19.7106513 ], [ 85.5098553, 19.710541 ], [ 85.5096639, 19.7104239 ], [ 85.5089408, 19.7099527 ], [ 85.5087213, 19.7098248 ], [ 85.5084594, 19.7097003 ], [ 85.5083276, 19.7096326 ], [ 85.5081886, 19.7095382 ], [ 85.5080732, 19.7094427 ], [ 85.50794, 19.7093038 ], [ 85.5077786, 19.7090929 ], [ 85.5075897, 19.7087801 ], [ 85.5074277, 19.7084436 ], [ 85.5073995, 19.7083634 ], [ 85.5072911, 19.7080543 ], [ 85.5072572, 19.7079071 ], [ 85.5072388, 19.7077512 ], [ 85.5072387, 19.70757 ], [ 85.5072578, 19.7073132 ], [ 85.5072796, 19.7070428 ], [ 85.5073135, 19.7068435 ], [ 85.5073692, 19.7066344 ], [ 85.5074086, 19.7065273 ], [ 85.5074568, 19.7064069 ], [ 85.5075902, 19.706152 ], [ 85.5076141, 19.7060897 ], [ 85.5076458, 19.7060071 ], [ 85.5076794, 19.7058345 ], [ 85.5076761, 19.7057103 ], [ 85.5076564, 19.7056377 ], [ 85.5076253, 19.7055797 ], [ 85.5075658, 19.7055151 ], [ 85.5073688, 19.7053541 ], [ 85.5066981, 19.704661 ], [ 85.5057449, 19.7036044 ], [ 85.5051052, 19.7029132 ], [ 85.504737, 19.7025503 ], [ 85.5045052, 19.7023213 ], [ 85.5044272, 19.7022588 ], [ 85.504354, 19.7022002 ], [ 85.5042398, 19.7021208 ], [ 85.5041879, 19.7021 ], [ 85.5041407, 19.70209 ], [ 85.5040479, 19.7020858 ], [ 85.5037046, 19.7021323 ], [ 85.5028785, 19.7022318 ], [ 85.5020804, 19.7022829 ], [ 85.5016147, 19.7022921 ], [ 85.5009425, 19.7016852 ], [ 85.5002917, 19.7010733 ], [ 85.4999354, 19.7007951 ], [ 85.4996127, 19.7005573 ], [ 85.4994804, 19.7004723 ], [ 85.4993535, 19.7004202 ], [ 85.4992044, 19.7003765 ], [ 85.4991479, 19.700353 ], [ 85.4991072, 19.7003213 ], [ 85.4990605, 19.7002638 ], [ 85.4990206, 19.7001874 ], [ 85.4988561, 19.6997875 ], [ 85.4987196, 19.6993831 ], [ 85.4986458, 19.6988667 ], [ 85.498599, 19.6986995 ], [ 85.4985292, 19.6985583 ], [ 85.4984515, 19.6984383 ], [ 85.4983445, 19.6983096 ], [ 85.4982251, 19.6981845 ], [ 85.4980997, 19.698071 ], [ 85.4977937, 19.6978062 ], [ 85.4975342, 19.6976093 ], [ 85.4973684, 19.6974224 ], [ 85.4971615, 19.6971305 ], [ 85.4967781, 19.6965038 ], [ 85.4963947, 19.6959052 ], [ 85.4963399, 19.6958506 ], [ 85.4962597, 19.6958086 ], [ 85.4961678, 19.6957926 ], [ 85.4960907, 19.6957766 ], [ 85.496035, 19.6957581 ], [ 85.4959833, 19.695737 ], [ 85.4959284, 19.6957023 ], [ 85.4958091, 19.6955994 ], [ 85.4957012, 19.6955011 ], [ 85.4956329, 19.6954131 ], [ 85.495577, 19.6953201 ], [ 85.4952014, 19.6946118 ], [ 85.4951475, 19.6944599 ], [ 85.495129, 19.694388 ], [ 85.4951171, 19.6943018 ], [ 85.495124, 19.6941134 ], [ 85.4951266, 19.6940209 ], [ 85.4951222, 19.6939485 ], [ 85.4950934, 19.6938646 ], [ 85.4950115, 19.6937099 ], [ 85.4947507, 19.693311 ], [ 85.4945691, 19.6930725 ], [ 85.4945569, 19.6930187 ], [ 85.4945625, 19.6929742 ], [ 85.4940675, 19.6929057 ], [ 85.4938234, 19.6928451 ], [ 85.4937483, 19.6928098 ], [ 85.493692, 19.6927643 ], [ 85.4936464, 19.6927088 ], [ 85.4935418, 19.6925269 ], [ 85.4932515, 19.6920813 ], [ 85.4932906, 19.6920218 ], [ 85.4933883, 19.691844 ], [ 85.4933379, 19.6918167 ], [ 85.4931054, 19.6916479 ], [ 85.4929141, 19.6915091 ], [ 85.4925647, 19.6912555 ], [ 85.4918066, 19.6907679 ], [ 85.4916508, 19.6906665 ], [ 85.4912133, 19.6903818 ], [ 85.491057, 19.6902801 ], [ 85.4903186, 19.6898015 ], [ 85.4897846, 19.6894857 ], [ 85.4894081, 19.6891312 ], [ 85.4893054, 19.6890345 ], [ 85.4891891, 19.6887832 ], [ 85.4889221, 19.6886156 ], [ 85.4886003, 19.6885318 ], [ 85.4882443, 19.6883835 ], [ 85.4875256, 19.6880355 ], [ 85.487238, 19.6877648 ], [ 85.4862043, 19.6870429 ], [ 85.4858005, 19.6867077 ], [ 85.485198, 19.6862243 ], [ 85.4848626, 19.6859729 ], [ 85.4844039, 19.6855926 ], [ 85.484137, 19.6853993 ], [ 85.4836715, 19.6850963 ], [ 85.4835003, 19.6848707 ], [ 85.483336, 19.6846322 ], [ 85.4830964, 19.6844389 ], [ 85.4826583, 19.6841939 ], [ 85.4821038, 19.6839748 ], [ 85.4817821, 19.6838008 ], [ 85.4811523, 19.683124 ], [ 85.4809606, 19.6829242 ], [ 85.4806731, 19.6828597 ], [ 85.4805293, 19.6828339 ], [ 85.480276, 19.6829048 ], [ 85.4797831, 19.6829306 ], [ 85.4793929, 19.6829306 ], [ 85.4788247, 19.6827695 ], [ 85.4777226, 19.6822925 ], [ 85.4774693, 19.6821636 ], [ 85.4772023, 19.6819444 ], [ 85.4769696, 19.6818284 ], [ 85.4764121, 19.6817295 ], [ 85.474788, 19.6813637 ], [ 85.4739895, 19.6812036 ], [ 85.4723803, 19.6809936 ], [ 85.471735, 19.6809133 ], [ 85.4711753, 19.6808025 ], [ 85.4704546, 19.6806101 ], [ 85.469923, 19.6804659 ], [ 85.4694629, 19.6803043 ], [ 85.4689274, 19.6801046 ], [ 85.4684683, 19.6799556 ], [ 85.467605, 19.6796936 ], [ 85.4666585, 19.6794263 ], [ 85.4660354, 19.6792504 ], [ 85.4649201, 19.678942 ], [ 85.4644844, 19.6788166 ], [ 85.4643973, 19.6787809 ], [ 85.4643201, 19.6787383 ], [ 85.4642298, 19.6786779 ], [ 85.4641556, 19.6786376 ], [ 85.4639877, 19.6785624 ], [ 85.4635472, 19.6784071 ], [ 85.4635179, 19.6784036 ], [ 85.4634859, 19.6784058 ], [ 85.4634623, 19.6784148 ], [ 85.4634492, 19.6783888 ], [ 85.4634298, 19.678371 ], [ 85.4634016, 19.6783522 ], [ 85.4633079, 19.6783113 ], [ 85.4629302, 19.6781726 ], [ 85.4620184, 19.6778581 ], [ 85.4617268, 19.677756 ], [ 85.4615642, 19.6776991 ], [ 85.4611019, 19.6775592 ], [ 85.4603923, 19.6773578 ], [ 85.4596853, 19.6771506 ], [ 85.4585839, 19.6767341 ], [ 85.4578398, 19.6764105 ], [ 85.4573288, 19.6761707 ], [ 85.4566968, 19.6759222 ], [ 85.4554478, 19.6753103 ], [ 85.4551937, 19.6751878 ], [ 85.4543562, 19.6748799 ], [ 85.4536358, 19.6746534 ], [ 85.4535409, 19.6746126 ], [ 85.4534575, 19.6745552 ], [ 85.4534169, 19.6745207 ], [ 85.4533089, 19.6743958 ], [ 85.4529814, 19.6747424 ], [ 85.4528929, 19.6746216 ], [ 85.452745, 19.6744528 ], [ 85.4529693, 19.6740636 ], [ 85.4530254, 19.6739559 ], [ 85.4531514, 19.6736613 ], [ 85.4532787, 19.6733459 ], [ 85.4528412, 19.6731658 ], [ 85.4527852, 19.6731372 ], [ 85.4527455, 19.6731042 ], [ 85.452529, 19.6729343 ], [ 85.4525472, 19.6728884 ], [ 85.4525534, 19.6728472 ], [ 85.4525483, 19.6728128 ], [ 85.4525381, 19.6727841 ], [ 85.4525158, 19.6727554 ], [ 85.4522388, 19.6725332 ], [ 85.4512744, 19.6719007 ], [ 85.4508381, 19.6716259 ], [ 85.450774, 19.6715881 ], [ 85.4507277, 19.671541 ], [ 85.4507023, 19.6714896 ], [ 85.45063, 19.6713009 ], [ 85.4507015, 19.6712152 ], [ 85.451023, 19.670685 ], [ 85.4511212, 19.6704859 ], [ 85.4512558, 19.6701749 ], [ 85.4513022, 19.6700845 ], [ 85.4513521, 19.6700153 ], [ 85.4514102, 19.6699689 ], [ 85.4519969, 19.6697167 ], [ 85.4520659, 19.6696666 ], [ 85.4521341, 19.6695936 ], [ 85.452197, 19.6694499 ], [ 85.4523629, 19.6688555 ], [ 85.4524057, 19.6682915 ], [ 85.4525126, 19.6679591 ], [ 85.4526303, 19.6675059 ], [ 85.4526303, 19.6671835 ], [ 85.4523522, 19.6668814 ], [ 85.4521062, 19.6665792 ], [ 85.452042, 19.6663878 ], [ 85.452042, 19.6654712 ], [ 85.4519029, 19.6647662 ], [ 85.4517853, 19.6645647 ], [ 85.45155, 19.6639503 ], [ 85.451597, 19.6636904 ], [ 85.4517083, 19.6633036 ], [ 85.4519307, 19.6627778 ], [ 85.4525811, 19.6628101 ], [ 85.4527351, 19.6627859 ], [ 85.4532999, 19.6628745 ], [ 85.4533413, 19.6628333 ], [ 85.4533481, 19.6627808 ], [ 85.4533211, 19.6626994 ], [ 85.4531404, 19.6625881 ], [ 85.4528874, 19.662472 ], [ 85.452512, 19.6623069 ], [ 85.4520775, 19.6621428 ], [ 85.4516899, 19.6620344 ], [ 85.4513253, 19.6619459 ], [ 85.4510979, 19.6618891 ], [ 85.4507822, 19.6618179 ], [ 85.4505543, 19.6617616 ], [ 85.4502326, 19.6616968 ], [ 85.4500239, 19.6616822 ], [ 85.449847, 19.6616882 ], [ 85.4496112, 19.6617122 ], [ 85.4490597, 19.6617898 ], [ 85.4487166, 19.6618451 ], [ 85.4484248, 19.6618569 ], [ 85.4483053, 19.6618437 ], [ 85.4482401, 19.6617404 ], [ 85.4481286, 19.6616562 ], [ 85.4477576, 19.661624 ], [ 85.4475041, 19.6616297 ], [ 85.4473016, 19.6616934 ], [ 85.4472445, 19.6617149 ], [ 85.4471869, 19.6617149 ], [ 85.4471274, 19.6616831 ], [ 85.4470734, 19.6616139 ], [ 85.4470554, 19.6615422 ], [ 85.4470753, 19.6614635 ], [ 85.4471101, 19.6614155 ], [ 85.4471577, 19.6613524 ], [ 85.4471934, 19.6613131 ], [ 85.4472, 19.6612686 ], [ 85.4471912, 19.6612185 ], [ 85.4471128, 19.6611408 ], [ 85.4469347, 19.6610031 ], [ 85.4467648, 19.6609179 ], [ 85.4466366, 19.6608183 ], [ 85.4465435, 19.6607446 ], [ 85.4464794, 19.6607023 ], [ 85.4464641, 19.6606756 ], [ 85.4464644, 19.6606525 ], [ 85.446496, 19.660618 ], [ 85.4466071, 19.6604904 ], [ 85.4466276, 19.6604483 ], [ 85.4466391, 19.6603957 ], [ 85.4466287, 19.6603557 ], [ 85.4465894, 19.660328 ], [ 85.446405, 19.6602803 ], [ 85.4462787, 19.6602573 ], [ 85.4461272, 19.6602169 ], [ 85.4459328, 19.6601524 ], [ 85.4457568, 19.6600919 ], [ 85.4456624, 19.6600593 ], [ 85.4455386, 19.6600352 ], [ 85.4453802, 19.6600204 ], [ 85.4452244, 19.6600027 ], [ 85.4450277, 19.6600093 ], [ 85.444887, 19.6600352 ], [ 85.4447965, 19.6600585 ], [ 85.4445989, 19.66011 ], [ 85.4444046, 19.6601684 ], [ 85.4441362, 19.6602688 ], [ 85.4438878, 19.6603588 ], [ 85.4437028, 19.6604287 ], [ 85.4434444, 19.6605306 ], [ 85.4431438, 19.6606523 ], [ 85.4428798, 19.6607692 ], [ 85.4427008, 19.6608511 ], [ 85.4424695, 19.6609574 ], [ 85.4422472, 19.6610635 ], [ 85.442018, 19.6611671 ], [ 85.4418295, 19.6612696 ], [ 85.4415363, 19.6614416 ], [ 85.4413721, 19.6615381 ], [ 85.4411786, 19.6616629 ], [ 85.4409774, 19.661783 ], [ 85.4407832, 19.6618963 ], [ 85.4405932, 19.6620211 ], [ 85.4403441, 19.6622004 ], [ 85.44028, 19.6622534 ], [ 85.4401672, 19.6623533 ], [ 85.4399874, 19.6625067 ], [ 85.4398031, 19.6626641 ], [ 85.4396125, 19.6628297 ], [ 85.4394365, 19.6630017 ], [ 85.439327, 19.663113 ], [ 85.4392205, 19.6632307 ], [ 85.4390986, 19.6633685 ], [ 85.4389778, 19.6635092 ], [ 85.4388642, 19.6636401 ], [ 85.4387579, 19.6637702 ], [ 85.4386334, 19.663929 ], [ 85.4384931, 19.664143 ], [ 85.4383337, 19.6643745 ], [ 85.4381072, 19.6646606 ], [ 85.4378032, 19.6650763 ] ] } },
{ "type": "Feature", "properties": { "village": "Udayakani", "site": "Bhadrak" }, "geometry": { "type": "LineString", "coordinates": [ [ 86.287179, 19.9767935 ], [ 86.2869094, 19.9770393 ], [ 86.2865272, 19.9773595 ], [ 86.2864669, 19.9774086 ], [ 86.2861142, 19.9775964 ], [ 86.2860538, 19.9776254 ], [ 86.2855831, 19.9777653 ], [ 86.284533, 19.9779733 ], [ 86.2839282, 19.9780741 ], [ 86.2837981, 19.9780716 ], [ 86.2834816, 19.9779859 ], [ 86.2833884, 19.9779495 ], [ 86.2829019, 19.977684 ], [ 86.2818786, 19.9770683 ], [ 86.2817261, 19.976968 ], [ 86.2815588, 19.9769117 ], [ 86.2811934, 19.976867 ], [ 86.2803424, 19.976858 ], [ 86.279815, 19.9768432 ], [ 86.2794439, 19.9768395 ], [ 86.27909, 19.9768218 ], [ 86.2787623, 19.9768013 ], [ 86.2784398, 19.9767716 ], [ 86.2778834, 19.9766569 ], [ 86.2778203, 19.9766489 ], [ 86.2775449, 19.976614 ], [ 86.2773405, 19.9766036 ], [ 86.277104, 19.9766187 ], [ 86.2769496, 19.9766383 ], [ 86.2767686, 19.9766751 ], [ 86.2763475, 19.9767865 ], [ 86.2761293, 19.9768442 ], [ 86.275487, 19.9770577 ], [ 86.273673, 19.9776616 ], [ 86.2735905, 19.9776884 ], [ 86.273398, 19.9777409 ], [ 86.273212, 19.9777774 ], [ 86.2717436, 19.9780047 ], [ 86.2715129, 19.9780783 ], [ 86.2713982, 19.9781412 ], [ 86.2713045, 19.9782144 ], [ 86.2712354, 19.9782913 ], [ 86.2711801, 19.9784318 ], [ 86.2710825, 19.9786515 ], [ 86.270992, 19.9787611 ], [ 86.2708733, 19.9788706 ], [ 86.2706067, 19.9790641 ], [ 86.2705864, 19.9790748 ], [ 86.2704435, 19.9791503 ], [ 86.2702898, 19.979219 ], [ 86.2701263, 19.9792708 ], [ 86.2699129, 19.9793307 ], [ 86.2693004, 19.979454 ], [ 86.2686698, 19.9795917 ], [ 86.2685763, 19.9794913 ], [ 86.2684881, 19.9793965 ], [ 86.2683442, 19.979227 ], [ 86.2682723, 19.9791423 ], [ 86.2678896, 19.9786248 ], [ 86.2678081, 19.9785298 ], [ 86.2677701, 19.9784968 ], [ 86.2677308, 19.9784642 ], [ 86.2672038, 19.9780592 ], [ 86.2670988, 19.9779766 ], [ 86.2669559, 19.9778885 ], [ 86.2668244, 19.9778365 ], [ 86.2666705, 19.9778262 ], [ 86.2665664, 19.9778393 ], [ 86.2664481, 19.977879 ], [ 86.2663104, 19.9779434 ], [ 86.2660847, 19.9780494 ], [ 86.2658909, 19.9781307 ], [ 86.2657787, 19.9781733 ], [ 86.2656096, 19.9782372 ], [ 86.2654011, 19.9783115 ], [ 86.264481, 19.9785769 ], [ 86.2635343, 19.9788161 ], [ 86.2634504, 19.9788368 ], [ 86.2626492, 19.9790525 ], [ 86.2623647, 19.9791247 ], [ 86.2622366, 19.9791587 ], [ 86.2621606, 19.9791789 ], [ 86.2617606, 19.9792933 ], [ 86.2616094, 19.9793363 ], [ 86.2611255, 19.9794769 ], [ 86.2610062, 19.9795142 ], [ 86.2604505, 19.9796528 ], [ 86.2594291, 19.9799065 ], [ 86.2587398, 19.980075 ], [ 86.2580161, 19.9802782 ], [ 86.2572498, 19.9804696 ], [ 86.2551924, 19.9810155 ], [ 86.2544566, 19.9812579 ], [ 86.2543876, 19.98129 ], [ 86.2543323, 19.9813173 ], [ 86.2542796, 19.98134 ], [ 86.2541887, 19.981388 ], [ 86.2539067, 19.9815326 ], [ 86.2538868, 19.981544 ], [ 86.2538045, 19.9815918 ], [ 86.253791, 19.9815995 ], [ 86.2521292, 19.9825224 ], [ 86.2506806, 19.9833638 ], [ 86.2492025, 19.9841914 ], [ 86.2482236, 19.9847193 ], [ 86.245306, 19.9863813 ], [ 86.2395987, 19.9895845 ], [ 86.2385993, 19.9901511 ], [ 86.2380314, 19.9904668 ], [ 86.2375081, 19.9907565 ], [ 86.2374232, 19.9908007 ], [ 86.2371395, 19.9909386 ], [ 86.2365901, 19.9911645 ], [ 86.235938, 19.9914144 ], [ 86.2346524, 19.9918441 ], [ 86.2243645, 19.9951926 ], [ 86.2238409, 19.9953648 ], [ 86.2238358, 19.9953661 ], [ 86.2236438, 19.9954147 ], [ 86.2213799, 19.9959883 ], [ 86.2212212, 19.9960285 ], [ 86.220513, 19.9962079 ], [ 86.2196871, 19.9964405 ], [ 86.2192203, 19.9965834 ], [ 86.2183646, 19.9968108 ], [ 86.2176108, 19.9969863 ], [ 86.2172266, 19.997072 ], [ 86.2171317, 19.9970884 ], [ 86.2170368, 19.9971156 ], [ 86.2168477, 19.9971882 ], [ 86.2161558, 19.9974846 ], [ 86.215892, 19.9976002 ], [ 86.2158198, 19.9976283 ], [ 86.2157056, 19.9976726 ], [ 86.2155727, 19.9977419 ], [ 86.2154384, 19.9978417 ], [ 86.2150733, 19.9982051 ], [ 86.2149741, 19.9982744 ], [ 86.2148406, 19.9983438 ], [ 86.2145139, 19.9984889 ], [ 86.2143813, 19.9985194 ], [ 86.2142488, 19.9985371 ], [ 86.2141823, 19.9985413 ], [ 86.2125507, 19.9986628 ], [ 86.2121914, 19.9986672 ], [ 86.2118735, 19.9986533 ], [ 86.2117666, 19.9986394 ], [ 86.2116183, 19.9986141 ], [ 86.2103023, 19.9983363 ], [ 86.2100661, 19.9983066 ], [ 86.2098632, 19.99831 ], [ 86.2095305, 19.9983519 ], [ 86.2090556, 19.9984678 ], [ 86.2080845, 19.9987667 ], [ 86.2079481, 19.998816 ], [ 86.2075922, 19.9989359 ], [ 86.207494, 19.9989686 ], [ 86.2074171, 19.9989855 ], [ 86.2072379, 19.9990249 ], [ 86.2069498, 19.9990671 ], [ 86.206652, 19.9991203 ], [ 86.2055788, 19.9993552 ], [ 86.2050277, 19.9994503 ], [ 86.2042722, 19.9995831 ], [ 86.2035259, 19.9997144 ], [ 86.2034476, 19.9997276 ], [ 86.203184, 19.9997777 ], [ 86.2029076, 19.9998418 ], [ 86.202411, 19.9999721 ], [ 86.2019258, 20.0000928 ], [ 86.2014952, 20.000209 ], [ 86.2012958, 20.0002656 ], [ 86.2006816, 20.0004223 ], [ 86.2005923, 20.0004464 ], [ 86.2004909, 20.0004741 ], [ 86.1998633, 20.0006254 ], [ 86.1994087, 20.000755 ], [ 86.1993401, 20.0007762 ], [ 86.1987898, 20.000939 ], [ 86.1984966, 20.0010382 ], [ 86.1980296, 20.0012492 ], [ 86.1972726, 20.0016266 ], [ 86.1969677, 20.0017446 ], [ 86.1968521, 20.0017838 ], [ 86.1967705, 20.0018076 ], [ 86.1962488, 20.0019639 ], [ 86.196205, 20.001977 ], [ 86.1960607, 20.0020201 ], [ 86.1960183, 20.002034 ], [ 86.1955262, 20.0021217 ], [ 86.1950129, 20.002194 ], [ 86.1948603, 20.0022412 ], [ 86.1947493, 20.0022782 ], [ 86.1946086, 20.0023422 ], [ 86.1945467, 20.0024312 ], [ 86.1944783, 20.0025048 ], [ 86.194185, 20.0028307 ], [ 86.1940751, 20.0029139 ], [ 86.1939935, 20.002957 ], [ 86.1939165, 20.0029781 ], [ 86.1936477, 20.0030261 ], [ 86.1935809, 20.003038 ], [ 86.1935057, 20.0030514 ], [ 86.1929295, 20.0031543 ], [ 86.1928832, 20.0031618 ], [ 86.1926707, 20.0031962 ], [ 86.1925456, 20.0032302 ], [ 86.192479, 20.0032603 ], [ 86.1924201, 20.0032915 ], [ 86.1915278, 20.0039074 ], [ 86.1913959, 20.0039964 ], [ 86.1909364, 20.0043154 ], [ 86.1905473, 20.0045856 ], [ 86.1904482, 20.0046592 ], [ 86.1902, 20.004878 ], [ 86.1896884, 20.005392 ], [ 86.1893804, 20.005689 ], [ 86.1884208, 20.0066667 ], [ 86.1882574, 20.0067886 ], [ 86.1881064, 20.0068469 ], [ 86.1878504, 20.0069326 ], [ 86.1874236, 20.0070371 ], [ 86.1870799, 20.0071514 ], [ 86.187015, 20.0071789 ], [ 86.1869653, 20.0072 ], [ 86.1860213, 20.0075761 ], [ 86.1857471, 20.0077141 ], [ 86.1857144, 20.0077306 ], [ 86.18522, 20.0080125 ], [ 86.1849182, 20.0082009 ], [ 86.1848196, 20.0082624 ], [ 86.1846207, 20.0083721 ], [ 86.18409, 20.008658 ], [ 86.183756, 20.0087892 ], [ 86.1836726, 20.0088224 ], [ 86.1834528, 20.0088973 ], [ 86.1820919, 20.0094368 ], [ 86.1810737, 20.0098653 ], [ 86.1809651, 20.009911 ], [ 86.1801792, 20.0101885 ], [ 86.1800282, 20.0102504 ], [ 86.1790984, 20.0106387 ], [ 86.1784462, 20.0109268 ], [ 86.1764535, 20.0119079 ], [ 86.1761553, 20.0120434 ], [ 86.1759705, 20.0120953 ], [ 86.1758941, 20.0121168 ], [ 86.1756169, 20.0121895 ], [ 86.1740495, 20.0125075 ], [ 86.173727, 20.0125648 ], [ 86.173423, 20.0126395 ], [ 86.1730691, 20.0127741 ], [ 86.1727605, 20.0129268 ], [ 86.172034, 20.0133364 ], [ 86.1714198, 20.0136802 ], [ 86.171306, 20.0137356 ], [ 86.1709937, 20.0139298 ], [ 86.1704474, 20.0142821 ], [ 86.1698042, 20.0146706 ], [ 86.1690272, 20.0151447 ], [ 86.1687568, 20.0153026 ], [ 86.1683791, 20.0155455 ], [ 86.1680836, 20.0157254 ], [ 86.1677058, 20.0159549 ], [ 86.1674408, 20.016128 ], [ 86.1668677, 20.0164905 ], [ 86.1663381, 20.0168092 ], [ 86.1659229, 20.017059 ], [ 86.1652879, 20.0174228 ], [ 86.1647926, 20.0177412 ], [ 86.1643676, 20.0180038 ], [ 86.1641626, 20.0180926 ], [ 86.1639275, 20.0181787 ], [ 86.1636007, 20.0182842 ], [ 86.1628277, 20.0185156 ], [ 86.1623052, 20.0186857 ], [ 86.1621862, 20.0187296 ], [ 86.1616907, 20.0189162 ], [ 86.1607689, 20.0192885 ], [ 86.1602859, 20.0195048 ], [ 86.1598995, 20.0197191 ], [ 86.1593797, 20.0200938 ], [ 86.1586183, 20.0207008 ], [ 86.1578421, 20.021363 ], [ 86.1574571, 20.0216832 ], [ 86.1570147, 20.0220092 ], [ 86.1563074, 20.0224792 ], [ 86.155427, 20.0230503 ], [ 86.1546682, 20.0235786 ], [ 86.1543521, 20.0237767 ], [ 86.153735, 20.0241256 ], [ 86.1535257, 20.0242297 ], [ 86.1532543, 20.0243656 ], [ 86.1531244, 20.0244247 ], [ 86.152927, 20.0245134 ], [ 86.1524947, 20.02467 ], [ 86.1520017, 20.0248417 ], [ 86.1518469, 20.0248837 ], [ 86.1513544, 20.0250451 ], [ 86.1512676, 20.0250708 ], [ 86.1509275, 20.02518 ], [ 86.1503507, 20.0253942 ], [ 86.1500282, 20.0255502 ], [ 86.1497056, 20.0257309 ], [ 86.1494997, 20.0258607 ], [ 86.1486901, 20.0263472 ], [ 86.1477074, 20.0268831 ], [ 86.1474714, 20.0269956 ], [ 86.1469183, 20.0272714 ], [ 86.1465279, 20.0274647 ], [ 86.1451212, 20.0281392 ], [ 86.1440963, 20.0286708 ], [ 86.1431513, 20.0291374 ], [ 86.143108, 20.029155 ], [ 86.1429833, 20.0292092 ], [ 86.142489, 20.029374 ], [ 86.1423447, 20.0294166 ], [ 86.141604, 20.029645 ], [ 86.1410781, 20.0297829 ], [ 86.1404985, 20.0299674 ], [ 86.1404385, 20.0299896 ], [ 86.1398971, 20.0301901 ], [ 86.1397636, 20.0302395 ], [ 86.1392346, 20.0304867 ], [ 86.138902, 20.0306342 ], [ 86.1386448, 20.0307965 ], [ 86.1384357, 20.0309318 ], [ 86.1382425, 20.0310447 ], [ 86.1380163, 20.0312061 ], [ 86.1375834, 20.0314497 ], [ 86.1372451, 20.0315545 ], [ 86.1371263, 20.031576 ], [ 86.1369236, 20.0316184 ], [ 86.1366179, 20.0316287 ], [ 86.1362162, 20.0316603 ], [ 86.1358052, 20.031727 ], [ 86.1354028, 20.0318333 ], [ 86.1349374, 20.0319243 ], [ 86.1346802, 20.0319942 ], [ 86.1344907, 20.0320903 ], [ 86.1341904, 20.0323101 ], [ 86.1339853, 20.0324399 ], [ 86.1335242, 20.0327319 ], [ 86.1329819, 20.033056 ], [ 86.132483, 20.0332863 ], [ 86.1323094, 20.0333714 ], [ 86.1322044, 20.0334093 ], [ 86.1318886, 20.0335166 ], [ 86.1314864, 20.0336421 ], [ 86.1312003, 20.0337289 ], [ 86.1304031, 20.0339599 ], [ 86.1302559, 20.0339994 ], [ 86.129795, 20.0341121 ], [ 86.1293453, 20.0341907 ], [ 86.1291142, 20.0342429 ], [ 86.1288647, 20.034334 ], [ 86.1286463, 20.0344447 ], [ 86.1282454, 20.0346969 ], [ 86.1280902, 20.0348127 ], [ 86.1278579, 20.0350058 ], [ 86.1278149, 20.0350384 ], [ 86.1277092, 20.0351374 ], [ 86.1276191, 20.0351827 ], [ 86.1275103, 20.0352237 ], [ 86.1272559, 20.0352927 ], [ 86.1270882, 20.0353506 ], [ 86.126794, 20.0354315 ], [ 86.1263451, 20.035577 ], [ 86.1261949, 20.0356221 ], [ 86.1256527, 20.0357598 ], [ 86.1252925, 20.0358391 ], [ 86.1249822, 20.0359036 ], [ 86.1245942, 20.0360021 ], [ 86.1244197, 20.0360699 ], [ 86.1243375, 20.0361098 ], [ 86.1241125, 20.0362558 ], [ 86.1234166, 20.0368281 ], [ 86.1229607, 20.037231 ], [ 86.1223511, 20.0377335 ], [ 86.1220271, 20.0379896 ], [ 86.121853, 20.0381191 ], [ 86.1212819, 20.0385322 ], [ 86.1211241, 20.0386673 ], [ 86.1209979, 20.0387719 ], [ 86.1209236, 20.0388524 ], [ 86.1208313, 20.0389697 ], [ 86.1207433, 20.0389016 ], [ 86.1207118, 20.0388813 ], [ 86.120692, 20.0388684 ], [ 86.1206708, 20.0388555 ], [ 86.1206488, 20.038849 ], [ 86.120621, 20.0388516 ], [ 86.1204019, 20.0389854 ], [ 86.1203356, 20.039036 ], [ 86.1203072, 20.0390644 ], [ 86.120287, 20.0390948 ], [ 86.1202359, 20.0391849 ], [ 86.1202106, 20.0392162 ], [ 86.1201747, 20.0392474 ], [ 86.1192189, 20.0397968 ], [ 86.1189065, 20.0399924 ], [ 86.1181974, 20.0405082 ], [ 86.1179248, 20.0401371 ], [ 86.1176632, 20.0397631 ], [ 86.1175648, 20.0396277 ], [ 86.1174817, 20.0394908 ], [ 86.1174097, 20.0393639 ], [ 86.1171429, 20.0387971 ], [ 86.1170075, 20.0385032 ], [ 86.1168377, 20.0381828 ], [ 86.1167948, 20.0381393 ], [ 86.1167422, 20.0381187 ], [ 86.1166815, 20.0381249 ], [ 86.1166025, 20.0381632 ], [ 86.1163163, 20.0383471 ], [ 86.1161825, 20.0384114 ], [ 86.1159903, 20.0384888 ], [ 86.1157564, 20.0385542 ], [ 86.1154828, 20.0386046 ], [ 86.1151743, 20.0386298 ], [ 86.1122834, 20.0387727 ], [ 86.1121462, 20.0387676 ], [ 86.1114159, 20.038796 ], [ 86.1110008, 20.0388062 ], [ 86.1097966, 20.0388329 ], [ 86.1096001, 20.038827 ], [ 86.1080909, 20.0388597 ], [ 86.1079967, 20.0388617 ], [ 86.1071921, 20.038897 ], [ 86.1066664, 20.038897 ], [ 86.1064527, 20.0389074 ], [ 86.1060441, 20.0389272 ], [ 86.1045474, 20.0391087 ], [ 86.1041714, 20.039156 ], [ 86.1040259, 20.0391664 ], [ 86.1039251, 20.0391823 ], [ 86.1035377, 20.0392435 ], [ 86.1033443, 20.0392834 ], [ 86.1032025, 20.0393203 ], [ 86.1030445, 20.0393649 ], [ 86.1029312, 20.0394171 ], [ 86.1028132, 20.0394933 ], [ 86.1027032, 20.0395934 ], [ 86.1026405, 20.0396564 ], [ 86.102455, 20.0399172 ], [ 86.1024061, 20.039964 ], [ 86.1018618, 20.0404853 ], [ 86.101751, 20.0405888 ], [ 86.1016076, 20.0406836 ], [ 86.1011812, 20.0409242 ], [ 86.1010722, 20.0409697 ], [ 86.1009539, 20.041002 ], [ 86.1004437, 20.0411207 ], [ 86.1002441, 20.0411815 ], [ 86.0998867, 20.041316 ], [ 86.0968485, 20.042416 ], [ 86.0960855, 20.0427703 ], [ 86.095639, 20.0430052 ], [ 86.0949935, 20.0433732 ], [ 86.0947615, 20.0434863 ], [ 86.0945471, 20.0435762 ], [ 86.091014, 20.0449501 ], [ 86.0904804, 20.045119 ], [ 86.0899713, 20.0452516 ], [ 86.0888672, 20.0455255 ], [ 86.0869849, 20.0460176 ], [ 86.086837, 20.0460601 ], [ 86.0866914, 20.0461146 ], [ 86.0865337, 20.0461844 ], [ 86.0862172, 20.0463608 ], [ 86.0858872, 20.0466052 ], [ 86.0852346, 20.0470996 ], [ 86.084959, 20.0473337 ], [ 86.0848693, 20.0474248 ], [ 86.0846671, 20.0477267 ], [ 86.0846159, 20.0478122 ], [ 86.0845725, 20.0479065 ], [ 86.0844529, 20.0483044 ], [ 86.0844276, 20.0484026 ], [ 86.0830119, 20.0530068 ], [ 86.0829742, 20.053185 ], [ 86.0829795, 20.0533834 ], [ 86.0832148, 20.0550417 ], [ 86.0832876, 20.0556132 ], [ 86.0836021, 20.0577497 ], [ 86.0836872, 20.0581738 ], [ 86.083998, 20.0597315 ], [ 86.0842861, 20.0608754 ], [ 86.0840702, 20.0630152 ], [ 86.0840273, 20.0632382 ], [ 86.0839702, 20.063408 ], [ 86.0838438, 20.0637243 ], [ 86.0836959, 20.0640104 ], [ 86.0833708, 20.0643911 ], [ 86.0832721, 20.0645067 ], [ 86.0827999, 20.0649491 ], [ 86.0827812, 20.064924 ], [ 86.0827035, 20.0647941 ], [ 86.0826973, 20.0647797 ], [ 86.082575, 20.0648579 ], [ 86.0824331, 20.0646276 ], [ 86.0818399, 20.0649676 ], [ 86.0817524, 20.0650277 ], [ 86.0816667, 20.0651099 ], [ 86.0813893, 20.065453 ], [ 86.0812978, 20.0655454 ], [ 86.0811851, 20.0656112 ], [ 86.0804386, 20.0659661 ], [ 86.0803969, 20.0659945 ], [ 86.0800976, 20.066198 ], [ 86.0797336, 20.0664838 ], [ 86.0793383, 20.066789 ], [ 86.0791907, 20.066893 ], [ 86.0780397, 20.0675925 ], [ 86.077886, 20.0677178 ], [ 86.0777499, 20.0678564 ], [ 86.077608, 20.0680553 ], [ 86.0775459, 20.0681455 ], [ 86.0774305, 20.0682592 ], [ 86.0770509, 20.0685512 ], [ 86.0769512, 20.0686436 ], [ 86.0768212, 20.068824 ], [ 86.0766691, 20.0690779 ], [ 86.0763204, 20.0695792 ], [ 86.0762704, 20.0696711 ], [ 86.0762366, 20.0697647 ], [ 86.0762357, 20.0698177 ], [ 86.0762561, 20.069874 ], [ 86.0766464, 20.070505 ], [ 86.0766739, 20.0705358 ], [ 86.0767007, 20.0705572 ], [ 86.0767604, 20.0705906 ], [ 86.0767751, 20.070607 ], [ 86.0767704, 20.0706278 ], [ 86.0767296, 20.0707015 ], [ 86.0767278, 20.0707414 ], [ 86.0767402, 20.0707846 ], [ 86.0769041, 20.0710364 ], [ 86.0769131, 20.0710682 ], [ 86.0769006, 20.0711087 ], [ 86.0768568, 20.0711519 ], [ 86.076791, 20.0712166 ], [ 86.0766973, 20.0713086 ], [ 86.0765193, 20.0714834 ], [ 86.0764087, 20.0715959 ], [ 86.076384, 20.0716362 ], [ 86.0763699, 20.071674 ], [ 86.0762879, 20.0719412 ], [ 86.076248, 20.0720181 ], [ 86.0761966, 20.0720914 ], [ 86.0761531, 20.0721382 ], [ 86.0756407, 20.0726888 ], [ 86.0753945, 20.0730878 ], [ 86.0753178, 20.0731867 ], [ 86.0752249, 20.0732931 ], [ 86.0749659, 20.073579 ], [ 86.0749149, 20.0736352 ], [ 86.0748527, 20.0737215 ], [ 86.0749, 20.0739002 ], [ 86.0749252, 20.0739779 ], [ 86.0750273, 20.0742148 ], [ 86.0750424, 20.0742731 ], [ 86.0750415, 20.074339 ], [ 86.0750081, 20.0744958 ], [ 86.074967, 20.0748 ], [ 86.0749708, 20.0748711 ], [ 86.0749799, 20.0749421 ], [ 86.0750077, 20.0750947 ], [ 86.0750436, 20.0753111 ], [ 86.0750685, 20.0753997 ], [ 86.0751044, 20.0754795 ], [ 86.0753127, 20.0758653 ], [ 86.075348, 20.0759082 ], [ 86.0753728, 20.0759237 ], [ 86.0754045, 20.0759325 ], [ 86.0754603, 20.0759316 ], [ 86.075519, 20.0759036 ], [ 86.0755801, 20.0758402 ], [ 86.0756187, 20.0758311 ], [ 86.0756546, 20.0758343 ], [ 86.0758022, 20.0758934 ], [ 86.0757662, 20.0759966 ], [ 86.075731, 20.076138 ], [ 86.0757081, 20.0762678 ], [ 86.0756305, 20.0768233 ], [ 86.0755848, 20.0773749 ], [ 86.0753576, 20.0787242 ], [ 86.075337, 20.0788847 ], [ 86.0753389, 20.0790319 ], [ 86.075362, 20.079159 ], [ 86.0753754, 20.0792038 ], [ 86.0756537, 20.0801353 ], [ 86.075681, 20.0802828 ], [ 86.075694, 20.0804169 ], [ 86.0757303, 20.0812675 ], [ 86.0757035, 20.08137 ], [ 86.0756449, 20.0815158 ], [ 86.0755983, 20.0816869 ], [ 86.0755389, 20.0818617 ], [ 86.0755041, 20.0819564 ], [ 86.0754934, 20.0819854 ], [ 86.0754385, 20.0820862 ], [ 86.0750958, 20.0825812 ], [ 86.0747311, 20.0831 ], [ 86.0743619, 20.0835977 ], [ 86.0742384, 20.0837425 ], [ 86.0741102, 20.0838654 ], [ 86.0734019, 20.0843917 ], [ 86.0731152, 20.0846446 ], [ 86.073012, 20.0847435 ], [ 86.0729265, 20.0848391 ], [ 86.0727633, 20.0850623 ], [ 86.072706, 20.0851407 ], [ 86.0726481, 20.0852364 ], [ 86.0725829, 20.0853441 ], [ 86.0718583, 20.086739 ], [ 86.0717522, 20.0869271 ], [ 86.0714145, 20.0873643 ], [ 86.0713288, 20.0875013 ], [ 86.0711579, 20.0879012 ], [ 86.0706651, 20.0890645 ], [ 86.070511, 20.0894283 ], [ 86.0703487, 20.0898114 ], [ 86.0703083, 20.0899386 ], [ 86.070274, 20.090083 ], [ 86.0700996, 20.0913025 ], [ 86.0700587, 20.0916248 ], [ 86.0700134, 20.0921551 ], [ 86.0698354, 20.0932947 ], [ 86.069764, 20.0937263 ], [ 86.0697348, 20.0938462 ], [ 86.0696815, 20.0939992 ], [ 86.0696034, 20.0941954 ], [ 86.0694412, 20.0945237 ], [ 86.0692678, 20.0947915 ], [ 86.069019, 20.0950698 ], [ 86.0687701, 20.0953114 ], [ 86.0685073, 20.095574 ], [ 86.0683227, 20.0957578 ], [ 86.0682276, 20.095917 ], [ 86.0685397, 20.0960536 ], [ 86.0690393, 20.0963155 ], [ 86.0691439, 20.0963737 ], [ 86.0691691, 20.0964155 ], [ 86.0691826, 20.0964992 ], [ 86.0691962, 20.096701 ], [ 86.0692333, 20.0970413 ], [ 86.0692665, 20.097143 ], [ 86.0693199, 20.0972256 ], [ 86.0693964, 20.0973016 ], [ 86.0694931, 20.0973788 ], [ 86.0696721, 20.0974818 ], [ 86.0699679, 20.0975943 ], [ 86.0700936, 20.097683 ], [ 86.0703563, 20.0978774 ], [ 86.0705392, 20.0979947 ], [ 86.0706402, 20.0980351 ], [ 86.0707131, 20.098097 ], [ 86.0707221, 20.0981299 ], [ 86.0707251, 20.098174 ], [ 86.0707311, 20.0982087 ], [ 86.0707601, 20.0982557 ], [ 86.0708983, 20.0984109 ], [ 86.0709481, 20.0984715 ], [ 86.0714193, 20.0990454 ], [ 86.0714958, 20.0991499 ], [ 86.0715119, 20.099228 ], [ 86.0714998, 20.0993829 ], [ 86.071469, 20.0995403 ], [ 86.0714623, 20.0996172 ], [ 86.0714757, 20.0996726 ], [ 86.0715159, 20.0997444 ], [ 86.0715789, 20.099825 ], [ 86.071921, 20.1003131 ], [ 86.0720725, 20.1006834 ], [ 86.0720926, 20.1007929 ], [ 86.0721034, 20.1008975 ], [ 86.0721181, 20.1009756 ], [ 86.072161, 20.1010713 ], [ 86.072448, 20.101507 ], [ 86.0724628, 20.1015675 ], [ 86.0724561, 20.101604 ], [ 86.0726228, 20.1016877 ], [ 86.0728739, 20.1017829 ], [ 86.0730308, 20.1018509 ], [ 86.0731732, 20.1019484 ], [ 86.0733205, 20.1020594 ], [ 86.0734098, 20.1021093 ], [ 86.0735402, 20.1021705 ], [ 86.073644, 20.1021977 ], [ 86.0736842, 20.1022141 ], [ 86.0739417, 20.1018501 ], [ 86.0740517, 20.1017191 ], [ 86.0741965, 20.1015416 ], [ 86.0745412, 20.1010831 ], [ 86.0745691, 20.1010433 ], [ 86.0745801, 20.1010063 ], [ 86.0745935, 20.1009509 ], [ 86.0746163, 20.1008615 ], [ 86.0746511, 20.1007935 ], [ 86.0747303, 20.1007078 ], [ 86.0747906, 20.1006562 ], [ 86.0751688, 20.1003716 ], [ 86.0753875, 20.1001748 ], [ 86.0754961, 20.1001256 ], [ 86.0755484, 20.100113 ], [ 86.0756034, 20.1001231 ], [ 86.0756758, 20.1001546 ], [ 86.0757415, 20.1001622 ], [ 86.0758059, 20.1001445 ], [ 86.0759065, 20.1000866 ], [ 86.0760178, 20.1000148 ], [ 86.0760875, 20.0999355 ], [ 86.0763101, 20.0996559 ], [ 86.0765502, 20.0994493 ], [ 86.077034, 20.0990336 ], [ 86.0772967, 20.0988663 ], [ 86.0775468, 20.0987109 ], [ 86.0779498, 20.0985351 ], [ 86.0783763, 20.0983814 ], [ 86.0789457, 20.0982655 ], [ 86.0789881, 20.0986837 ], [ 86.0790658, 20.0991046 ], [ 86.0791009, 20.0992433 ], [ 86.079154, 20.0994526 ], [ 86.0793375, 20.0999399 ], [ 86.0794769, 20.1002554 ], [ 86.0794982, 20.1003232 ], [ 86.0795166, 20.1004389 ], [ 86.079518, 20.1005306 ], [ 86.0795166, 20.1006343 ], [ 86.079501, 20.1007061 ], [ 86.0793849, 20.1009161 ], [ 86.0793283, 20.1010198 ], [ 86.0792816, 20.1011049 ], [ 86.0792363, 20.1012551 ], [ 86.0792215, 20.1014589 ], [ 86.0792348, 20.1016605 ], [ 86.0792378, 20.1017043 ], [ 86.0792529, 20.101757 ], [ 86.0792721, 20.1018121 ], [ 86.0793449, 20.1019673 ], [ 86.0793892, 20.1020371 ], [ 86.0795317, 20.1022621 ], [ 86.0795878, 20.1024105 ], [ 86.0795929, 20.1024918 ], [ 86.0795801, 20.1025684 ] ] } }
]
}
